GRUPO;CODIGO_INSUMO;DESCRICAO;UNIDADE;PRECO_UNIT_SP_RS
SERVIÇOS;45333;ABERTURA PARA ENCAIXE DE CUBA OU LAVATORIO EM BANCADA DE MARMORE/ GRANITO OU OUTRO TIPO DE PEDRA NATURAL;UN;201.57
MATERIAL;11270;ABRACADEIRA DE LATAO PARA FIXACAO DE CABO PARA-RAIO, DIMENSOES 32 X 24 X 24 MM;UN;2.4
MATERIAL;412;ABRACADEIRA DE NYLON PARA AMARRACAO DE CABOS, COMPRIMENTO DE *230* X *7,6* MM;UN;1.18
MATERIAL;414;ABRACADEIRA DE NYLON PARA AMARRACAO DE CABOS, COMPRIMENTO DE 100 X 2,5 MM;UN;0.07
MATERIAL;410;ABRACADEIRA DE NYLON PARA AMARRACAO DE CABOS, COMPRIMENTO DE 150 X *3,6* MM;UN;0.18
MATERIAL;411;ABRACADEIRA DE NYLON PARA AMARRACAO DE CABOS, COMPRIMENTO DE 200 X *4,6* MM;UN;0.23
MATERIAL;408;ABRACADEIRA DE NYLON PARA AMARRACAO DE CABOS, COMPRIMENTO DE 390 X *4,6* MM;UN;1.14
MATERIAL;39131;"ABRACADEIRA EM ACO PARA AMARRACAO DE ELETRODUTOS, TIPO D, COM 1 1/2"" E CUNHA DE FIXACAO";UN;3.16
MATERIAL;394;"ABRACADEIRA EM ACO PARA AMARRACAO DE ELETRODUTOS, TIPO D, COM 1 1/2"" E PARAFUSO DE FIXACAO";UN;3.2
MATERIAL;39130;"ABRACADEIRA EM ACO PARA AMARRACAO DE ELETRODUTOS, TIPO D, COM 1 1/4"" E CUNHA DE FIXACAO";UN;2.88
MATERIAL;395;"ABRACADEIRA EM ACO PARA AMARRACAO DE ELETRODUTOS, TIPO D, COM 1 1/4"" E PARAFUSO DE FIXACAO";UN;3.08
MATERIAL;39129;"ABRACADEIRA EM ACO PARA AMARRACAO DE ELETRODUTOS, TIPO D, COM 1"" E CUNHA DE FIXACAO";UN;1.78
MATERIAL;393;"ABRACADEIRA EM ACO PARA AMARRACAO DE ELETRODUTOS, TIPO D, COM 1"" E PARAFUSO DE FIXACAO";UN;1.86
MATERIAL;39127;"ABRACADEIRA EM ACO PARA AMARRACAO DE ELETRODUTOS, TIPO D, COM 1/2"" E CUNHA DE FIXACAO";UN;1.52
MATERIAL;392;"ABRACADEIRA EM ACO PARA AMARRACAO DE ELETRODUTOS, TIPO D, COM 1/2"" E PARAFUSO DE FIXACAO";UN;1.56
MATERIAL;39133;"ABRACADEIRA EM ACO PARA AMARRACAO DE ELETRODUTOS, TIPO D, COM 2 1/2"" E CUNHA DE FIXACAO";UN;4.15
MATERIAL;397;"ABRACADEIRA EM ACO PARA AMARRACAO DE ELETRODUTOS, TIPO D, COM 2 1/2"" E PARAFUSO DE FIXACAO";UN;4.59
MATERIAL;39132;"ABRACADEIRA EM ACO PARA AMARRACAO DE ELETRODUTOS, TIPO D, COM 2"" E CUNHA DE FIXACAO";UN;3.32
MATERIAL;396;"ABRACADEIRA EM ACO PARA AMARRACAO DE ELETRODUTOS, TIPO D, COM 2"" E PARAFUSO DE FIXACAO";UN;3.56
MATERIAL;39135;"ABRACADEIRA EM ACO PARA AMARRACAO DE ELETRODUTOS, TIPO D, COM 3 1/2"" E CUNHA DE FIXACAO";UN;6.64
MATERIAL;39134;"ABRACADEIRA EM ACO PARA AMARRACAO DE ELETRODUTOS, TIPO D, COM 3"" E CUNHA DE FIXACAO";UN;5.54
MATERIAL;398;"ABRACADEIRA EM ACO PARA AMARRACAO DE ELETRODUTOS, TIPO D, COM 3"" E PARAFUSO DE FIXACAO";UN;5.1
MATERIAL;39128;"ABRACADEIRA EM ACO PARA AMARRACAO DE ELETRODUTOS, TIPO D, COM 3/4"" E CUNHA DE FIXACAO";UN;1.66
MATERIAL;400;"ABRACADEIRA EM ACO PARA AMARRACAO DE ELETRODUTOS, TIPO D, COM 3/4"" E PARAFUSO DE FIXACAO";UN;1.62
MATERIAL;39125;"ABRACADEIRA EM ACO PARA AMARRACAO DE ELETRODUTOS, TIPO D, COM 3/8"" E PARAFUSO DE FIXACAO";UN;1.66
MATERIAL;39126;"ABRACADEIRA EM ACO PARA AMARRACAO DE ELETRODUTOS, TIPO D, COM 4"" E CUNHA DE FIXACAO";UN;7.47
MATERIAL;399;"ABRACADEIRA EM ACO PARA AMARRACAO DE ELETRODUTOS, TIPO D, COM 4"" E PARAFUSO DE FIXACAO";UN;6.58
MATERIAL;39158;"ABRACADEIRA EM ACO PARA AMARRACAO DE ELETRODUTOS, TIPO ECONOMICA (GOTA), COM 8""";UN;17.68
MATERIAL;39141;"ABRACADEIRA EM ACO PARA AMARRACAO DE ELETRODUTOS, TIPO U SIMPLES, COM 1 1/2""";UN;1.28
MATERIAL;39140;"ABRACADEIRA EM ACO PARA AMARRACAO DE ELETRODUTOS, TIPO U SIMPLES, COM 1 1/4""";UN;1.16
MATERIAL;39139;"ABRACADEIRA EM ACO PARA AMARRACAO DE ELETRODUTOS, TIPO U SIMPLES, COM 1""";UN;0.96
MATERIAL;39137;"ABRACADEIRA EM ACO PARA AMARRACAO DE ELETRODUTOS, TIPO U SIMPLES, COM 1/2""";UN;0.67
MATERIAL;39143;"ABRACADEIRA EM ACO PARA AMARRACAO DE ELETRODUTOS, TIPO U SIMPLES, COM 2 1/2""";UN;2.65
MATERIAL;39142;"ABRACADEIRA EM ACO PARA AMARRACAO DE ELETRODUTOS, TIPO U SIMPLES, COM 2""";UN;1.89
MATERIAL;39144;"ABRACADEIRA EM ACO PARA AMARRACAO DE ELETRODUTOS, TIPO U SIMPLES, COM 3""";UN;3.08
MATERIAL;39138;"ABRACADEIRA EM ACO PARA AMARRACAO DE ELETRODUTOS, TIPO U SIMPLES, COM 3/4""";UN;0.71
MATERIAL;39136;"ABRACADEIRA EM ACO PARA AMARRACAO DE ELETRODUTOS, TIPO U SIMPLES, COM 3/8""";UN;0.47
MATERIAL;39145;"ABRACADEIRA EM ACO PARA AMARRACAO DE ELETRODUTOS, TIPO U SIMPLES, COM 4""";UN;5.08
MATERIAL;12615;ABRACADEIRA PVC, PARA CALHA PLUVIAL, DIAMETRO ENTRE *80 E 100* MM, PARA DRENAGEM PLUVIAL PREDIAL;UN;16.64
MATERIAL;11927;"ABRACADEIRA, GALVANIZADA/ZINCADA, ROSCA SEM FIM, PARAFUSO INOX, LARGURA FITA *12,6 A *14 MM, D = 2"" A 2 1/2""";UN;7.16
MATERIAL;11928;"ABRACADEIRA, GALVANIZADA/ZINCADA, ROSCA SEM FIM, PARAFUSO INOX, LARGURA FITA *12,6 A *14 MM, D = 3"" A 3 3/4""";UN;8.2
MATERIAL;11929;"ABRACADEIRA, GALVANIZADA/ZINCADA, ROSCA SEM FIM, PARAFUSO INOX, LARGURA FITA *12,6 A *14 MM, D = 4"" A 4 3/4""";UN;12.69
MATERIAL;44908;"ABRACADEIRA, GALVANIZADA/ZINCADA, ROSCA SEM FIM, PARAFUSO INOX, LARGURA FITA 19 MM, D = 1""";UN;1.54
MATERIAL;36801;"ACABAMENTO DE METAL CROMADO PARA REGISTRO PEQUENO, DE PAREDE, 1/2"" OU 3/4""";UN;34.07
MATERIAL;36246;"ACABAMENTO SIMPLES/CONVENCIONAL PARA FORRO PVC, TIPO ""U"" OU ""C"", COR BRANCA, COMPRIMENTO 6 M";M;5.2
MATERIAL;37600;ACESSORIO DE LIGACAO NAO ELETRICO PARA CARGAS EXPLOSIVAS, TUBO DE 6 M;UN;123.17
MATERIAL;37599;ACESSORIO INICIADOR NAO ELETRICO, TUBO DE 6 M, TEMPO DE RETARDO DE *160* MS;UN;114.64
MATERIAL;1;ACETILENO - RECARGA DE GAS PARA CILINDRO (NAO INCLUI TROCA/MANUTENCAO DO CILINDRO);KG;110
MATERIAL;3;ACIDO CLORIDRICO / ACIDO MURIATICO, DILUICAO 10% A 12% PARA USO EM LIMPEZA;L;20.69
MATERIAL;43054;ACO CA-25, 10,0 MM, OU 12,5 MM, OU 16,0 MM, OU 20,0 MM, OU 25,0 MM, VERGALHAO;KG;7.18
MATERIAL;42402;ACO CA-25, 16,0 MM, BARRA DE TRANSFERENCIA;KG;6.86
MATERIAL;42403;ACO CA-25, 20,0 MM, BARRA DE TRANSFERENCIA;KG;8.8
MATERIAL;42404;ACO CA-25, 25,0 MM, BARRA DE TRANSFERENCIA;KG;8.75
MATERIAL;42405;ACO CA-25, 32,0 MM, BARRA DE TRANSFERENCIA;KG;9.32
MATERIAL;34341;ACO CA-25, 32,0 MM, VERGALHAO;KG;8.09
MATERIAL;43053;ACO CA-25, 6,3 MM OU 8,0 MM, VERGALHAO;KG;6.41
MATERIAL;43058;ACO CA-50, 10,0 MM, OU 12,5 MM, OU 16,0 MM, OU 20,0 MM, DOBRADO E CORTADO;KG;6.65
MATERIAL;34;ACO CA-50, 10,0 MM, VERGALHAO;KG;6.68
MATERIAL;43055;ACO CA-50, 12,5 MM OU 16,0 MM, VERGALHAO;KG;5.79
MATERIAL;43056;ACO CA-50, 20,0 MM OU 25,0 MM, VERGALHAO;KG;6.67
MATERIAL;43057;ACO CA-50, 32,0 MM, VERGALHAO;KG;7.33
MATERIAL;34449;ACO CA-50, 6,3 MM, DOBRADO E CORTADO;KG;7.84
MATERIAL;32;ACO CA-50, 6,3 MM, VERGALHAO;KG;7.05
MATERIAL;33;ACO CA-50, 8,0 MM, VERGALHAO;KG;7.09
MATERIAL;43061;ACO CA-60, 4,2 MM OU 5,0 MM, DOBRADO E CORTADO;KG;6.62
MATERIAL;43059;ACO CA-60, 4,2 MM, OU 5,0 MM, OU 6,0 MM, OU 7,0 MM, VERGALHAO;KG;6.32
MATERIAL;43062;ACO CA-60, 6,0 MM OU 7,0 MM, DOBRADO E CORTADO;KG;7.01
MATERIAL;43060;ACO CA-60, 8,0 MM OU 9,5 MM, VERGALHAO;KG;5.51
MATERIAL;40410;"ACOPLAMENTO RIGIDO EM FERRO FUNDIDO PARA SISTEMA DE TUBULACAO RANHURADA, DN 50 MM (2"")";UN;22.86
MATERIAL;40411;"ACOPLAMENTO RIGIDO EM FERRO FUNDIDO PARA SISTEMA DE TUBULACAO RANHURADA, DN 65 MM (2 1/2"")";UN;24.81
MATERIAL;40412;"ACOPLAMENTO RIGIDO EM FERRO FUNDIDO PARA SISTEMA DE TUBULACAO RANHURADA, DN 80 MM (3"")";UN;27.84
MATERIAL;44254;ADAPTADOR CPVC, ROSCAVEL, COM FLANGES E ANEL DE VEDACAO, 15 MM, CAIXA D'AGUA PARA AGUA QUENTE;UN;29.99
MATERIAL;44255;ADAPTADOR CPVC, ROSCAVEL, COM FLANGES E ANEL DE VEDACAO, 22 MM, CAIXA D'AGUA PARA AGUA QUENTE;UN;33.24
MATERIAL;44256;ADAPTADOR CPVC, ROSCAVEL, COM FLANGES E ANEL DE VEDACAO, 28 MM, CAIXA D'AGUA PARA AGUA QUENTE;UN;37.54
MATERIAL;44257;ADAPTADOR CPVC, ROSCAVEL, COM FLANGES E ANEL DE VEDACAO, 35 MM, CAIXA D'AGUA PARA AGUA QUENTE;UN;59.4
MATERIAL;44258;ADAPTADOR CPVC, ROSCAVEL, COM FLANGES E ANEL DE VEDACAO, 42 MM, CAIXA D'AGUA PARA AGUA QUENTE;UN;67.88
MATERIAL;44259;ADAPTADOR CPVC, ROSCAVEL, COM FLANGES E ANEL DE VEDACAO, 54 MM, CAIXA D'AGUA PARA AGUA QUENTE;UN;93.17
MATERIAL;37997;ADAPTADOR CPVC, SOLDAVEL, 15 MM, PARA AGUA QUENTE;UN;17.87
MATERIAL;37998;ADAPTADOR CPVC, SOLDAVEL, 22 MM, PARA AGUA QUENTE;UN;23.92
MATERIAL;55;"ADAPTADOR DE COMPRESSAO EM POLIPROPILENO (PP), PARA TUBO EM PEAD, 20 MM X 1/2"", PARA LIGACAO PREDIAL DE AGUA (NTS 179)";UN;4.86
MATERIAL;61;"ADAPTADOR DE COMPRESSAO EM POLIPROPILENO (PP), PARA TUBO EM PEAD, 20 MM X 3/4"", PARA LIGACAO PREDIAL DE AGUA (NTS 179)";UN;4.59
MATERIAL;62;"ADAPTADOR DE COMPRESSAO EM POLIPROPILENO (PP), PARA TUBO EM PEAD, 32 MM X 1"", PARA LIGACAO PREDIAL DE AGUA (NTS 179)";UN;9.52
MATERIAL;10899;"ADAPTADOR EM LATAO, ENGATE RAPIDO 2 1/2"" X ROSCA INTERNA 5 FIOS 2 1/2"", PARA INSTALACAO PREDIAL DE COMBATE A INCENDIO";UN;161.21
MATERIAL;10900;"ADAPTADOR EM LATAO, ENGATE RAPIDO1 1/2"" X ROSCA INTERNA 5 FIOS 2 1/2"", PARA INSTALACAO PREDIAL DE COMBATE A INCENDIO";UN;126.17
MATERIAL;47;ADAPTADOR PVC PBA, BOLSA/ROSCA, JE, DN 100 / DE 110 MM;UN;86.69
MATERIAL;48;ADAPTADOR PVC PBA, BOLSA/ROSCA, JE, DN 50 / DE 60 MM;UN;22.61
MATERIAL;46;ADAPTADOR PVC PBA, BOLSA/ROSCA, JE, DN 75 / DE 85 MM;UN;50.7
MATERIAL;52;ADAPTADOR PVC PBA, PONTA/ROSCA, JE, DN 50 / DE 60 MM;UN;17.18
MATERIAL;43;ADAPTADOR PVC PBA, PONTA/ROSCA, JE, DN 75 / DE 85 MM;UN;57.98
MATERIAL;103;"ADAPTADOR PVC SOLDAVEL CURTO COM BOLSA E ROSCA, 110 MM X 4"", PARA AGUA FRIA";UN;54.37
MATERIAL;107;"ADAPTADOR PVC SOLDAVEL CURTO COM BOLSA E ROSCA, 20 MM X 1/2"", PARA AGUA FRIA";UN;1.02
MATERIAL;65;"ADAPTADOR PVC SOLDAVEL CURTO COM BOLSA E ROSCA, 25 MM X 3/4"", PARA AGUA FRIA";UN;1.12
MATERIAL;108;"ADAPTADOR PVC SOLDAVEL CURTO COM BOLSA E ROSCA, 32 MM X 1"", PARA AGUA FRIA";UN;2.25
MATERIAL;110;"ADAPTADOR PVC SOLDAVEL CURTO COM BOLSA E ROSCA, 40 MM X 1 1/2"", PARA AGUA FRIA";UN;7.82
MATERIAL;109;"ADAPTADOR PVC SOLDAVEL CURTO COM BOLSA E ROSCA, 40 MM X 1 1/4"", PARA AGUA FRIA";UN;4.66
MATERIAL;111;"ADAPTADOR PVC SOLDAVEL CURTO COM BOLSA E ROSCA, 50 MM X 1 1/4"", PARA AGUA FRIA";UN;10.58
MATERIAL;112;"ADAPTADOR PVC SOLDAVEL CURTO COM BOLSA E ROSCA, 50 MM X1 1/2"", PARA AGUA FRIA";UN;5.61
MATERIAL;113;"ADAPTADOR PVC SOLDAVEL CURTO COM BOLSA E ROSCA, 60 MM X 2"", PARA AGUA FRIA";UN;14.04
MATERIAL;104;"ADAPTADOR PVC SOLDAVEL CURTO COM BOLSA E ROSCA, 75 MM X 2 1/2"", PARA AGUA FRIA";UN;24.44
MATERIAL;102;"ADAPTADOR PVC SOLDAVEL CURTO COM BOLSA E ROSCA, 85 MM X 3"", PARA AGUA FRIA";UN;33.69
MATERIAL;95;"ADAPTADOR PVC SOLDAVEL, COM FLANGE E ANEL DE VEDACAO, 20 MM X 1/2"", PARA CAIXA D'AGUA";UN;14.24
MATERIAL;96;"ADAPTADOR PVC SOLDAVEL, COM FLANGE E ANEL DE VEDACAO, 25 MM X 3/4"", PARA CAIXA D'AGUA";UN;15.49
MATERIAL;97;"ADAPTADOR PVC SOLDAVEL, COM FLANGE E ANEL DE VEDACAO, 32 MM X 1"", PARA CAIXA D'AGUA";UN;23.3
MATERIAL;98;"ADAPTADOR PVC SOLDAVEL, COM FLANGE E ANEL DE VEDACAO, 40 MM X 1 1/4"", PARA CAIXA D'AGUA";UN;34.88
MATERIAL;99;"ADAPTADOR PVC SOLDAVEL, COM FLANGE E ANEL DE VEDACAO, 50 MM X 1 1/2"", PARA CAIXA D'AGUA";UN;32.96
MATERIAL;60;"ADAPTADOR PVC, COM REGISTRO, PARA PEAD, 20 MM X 3/4"", PARA LIGACAO PREDIAL DE AGUA";UN;6.3
MATERIAL;72;"ADAPTADOR PVC, ROSCAVEL, COM FLANGES E ANEL DE VEDACAO, 1 1/2"", PARA CAIXA D'AGUA";UN;63.21
MATERIAL;71;"ADAPTADOR PVC, ROSCAVEL, COM FLANGES E ANEL DE VEDACAO, 1"", PARA CAIXA D'AGUA";UN;39.04
MATERIAL;67;"ADAPTADOR PVC, ROSCAVEL, COM FLANGES E ANEL DE VEDACAO, 1/2"", PARA CAIXA D'AGUA";UN;20.44
MATERIAL;73;"ADAPTADOR PVC, ROSCAVEL, COM FLANGES E ANEL DE VEDACAO, 3/4"", PARA CAIXA D'AGUA";UN;19.56
MATERIAL;100;"ADAPTADOR PVC, SOLDAVEL, COM FLANGES E ANEL DE VEDACAO, 60 MM X 2"", PARA CAIXA D'AGUA";UN;57.59
MATERIAL;75;"ADAPTADOR PVC, SOLDAVEL, COM FLANGES LIVRES, 110 MM X 4"", PARA CAIXA D'AGUA";UN;335.75
MATERIAL;83;"ADAPTADOR PVC, SOLDAVEL, COM FLANGES LIVRES, 75 MM X 2 1/2"", PARA CAIXA D'AGUA";UN;268.42
MATERIAL;74;"ADAPTADOR PVC, SOLDAVEL, COM FLANGES LIVRES, 85 MM X 3"", PARA CAIXA D'AGUA";UN;383.77
MATERIAL;106;"ADAPTADOR PVC, SOLDAVEL, LONGO, COM FLANGE LIVRE, 110 MM X 4"", PARA CAIXA D'AGUA";UN;485.29
MATERIAL;88;"ADAPTADOR PVC, SOLDAVEL, LONGO, COM FLANGE LIVRE, 32 MM X 1"", PARA CAIXA D'AGUA";UN;13.64
MATERIAL;82;"ADAPTADOR PVC, SOLDAVEL, LONGO, COM FLANGE LIVRE, 75 MM X 2 1/2"", PARA CAIXA D'AGUA";UN;255.38
MATERIAL;105;"ADAPTADOR PVC, SOLDAVEL, LONGO, COM FLANGE LIVRE, 85 MM X 3"", PARA CAIXA D'AGUA";UN;361.87
MATERIAL;39719;ADESIVO / COLA DE CONTATO LIQUIDO, A BASE DE RESINAS, PARA COLAGEM DE ESPUMA PARA ISOLAMENTO TERMICO FLEXIVEL;L;172.13
MATERIAL;3410;ADESIVO / COLA PARA EPS (ISOPOR) E OUTROS MATERIAIS;KG;38.72
MATERIAL;4791;ADESIVO ACRILICO DE BASE AQUOSA / COLA DE CONTATO;KG;48.85
MATERIAL;157;ADESIVO ESTRUTURAL A BASE DE RESINA EPOXI PARA INJECAO EM TRINCAS, BICOMPONENTE, BAIXA VISCOSIDADE;KG;144.25
MATERIAL;156;ADESIVO ESTRUTURAL A BASE DE RESINA EPOXI, BICOMPONENTE, FLUIDO;KG;51.36
MATERIAL;131;ADESIVO ESTRUTURAL A BASE DE RESINA EPOXI, BICOMPONENTE, PASTOSO (TIXOTROPICO);KG;43.92
MATERIAL;21114;ADESIVO PARA TUBOS CPVC, *75* G;UN;33.93
MATERIAL;119;ADESIVO PLASTICO PARA PVC, BISNAGA COM 75 GR;UN;8.6
MATERIAL;122;ADESIVO PLASTICO PARA PVC, FRASCO COM *850* GR;UN;66.17
MATERIAL;20080;ADESIVO PLASTICO PARA PVC, FRASCO COM 175 GR;UN;21.59
MATERIAL;124;ADITIVO ACELERADOR DE PEGA E ENDURECIMENTO PARA ARGAMASSAS E CONCRETOS, LIQUIDO E ISENTO DE CLORETOS;L;16.94
MATERIAL;7334;ADITIVO ADESIVO LIQUIDO PARA ARGAMASSAS DE REVESTIMENTOS CIMENTICIOS;L;15.52
MATERIAL;45146;ADITIVO IMPERMEABILIZANTE CRISTALIZANTE PARA CONCRETO;KG;32.48
MATERIAL;123;ADITIVO IMPERMEABILIZANTE DE PEGA NORMAL PARA ARGAMASSAS E CONCRETOS SEM ARMACAO, LIQUIDO E ISENTO DE CLORETOS;L;6.93
MATERIAL;127;ADITIVO IMPERMEABILIZANTE DE PEGA ULTRARRAPIDA, LIQUIDO E ISENTO DE CLORETOS;L;16.54
MATERIAL;133;ADITIVO LIQUIDO INCORPORADOR DE AR PARA CONCRETO E ARGAMASSA, LIQUIDO E ISENTO DE CLORETOS;L;6.87
MATERIAL;43617;ADITIVO PLASTIFICANTE E ESTABILIZADOR PARA ARGAMASSAS DE ASSENTAMENTO E REBOCO, LIQUIDO E ISENTO DE CLORETOS;L;7.67
MATERIAL;132;ADITIVO PLASTIFICANTE RETARDADOR DE PEGA E REDUTOR DE AGUA PARA CONCRETO, LIQUIDO E ISENTO DE CLORETOS;L;7.12
MATERIAL;43618;ADITIVO SUPERPLASTIFICANTE DE PEGA NORMAL PARA CONCRETO, LIQUIDO E ISENTO DE CLORETOS;KG;17.93
MATERIAL;37476;ADUELA/ GALERIA PRE-MOLDADA DE CONCRETO ARMADO, SECAO QUADRADA INTERNA DE 1,50 X 1,50 M (L X A), MISULA DE 20 X 20 CM, C = 1,00 M, ESPESSURA MIN = 15 CM, TB-45 E FCK DO CONCRETO = 30 MPA;UN;4475.79
MATERIAL;37478;ADUELA/ GALERIA PRE-MOLDADA DE CONCRETO ARMADO, SECAO RETANGULAR INTERNA DE 2,00 X 2,00 M (L X A), MISULA DE 20 X 20 CM, C = 1,00 M, ESPESSURA MIN = 15 CM, TB-45 E FCK DO CONCRETO = 30 MPA;UN;5606.05
MATERIAL;37477;ADUELA/ GALERIA PRE-MOLDADA DE CONCRETO ARMADO, SECAO RETANGULAR INTERNA DE 2,50 X 2,50 M (L X A), MISULA DE 20 X 20 CM, C = 1,00 M, ESPESSURA MIN = 15 CM, TB-45 E FCK DO CONCRETO = 30 MPA;UN;7595.29
MATERIAL;37479;ADUELA/ GALERIA PRE-MOLDADA DE CONCRETO ARMADO, SECAO RETANGULAR INTERNA DE 3,00 X 3,00 M (L X A), MISULA DE 20 X 20 CM, C = 1.00 M, ESPESSURA MIN = 20 CM, TB-45 E FCK DO CONCRETO = 30 MPA;UN;9008.1
MATERIAL;4319;AFASTADOR PARA TELHA DE FIBROCIMENTO CANALETE 90 OU KALHETAO;UN;1.67
MATERIAL;42409;AGENTE DE CURA, PROTETOR DA EVAPORACAO DA AGUA DE HIDRATACAO DO CONCRETO;KG;11.29
MATERIAL;40553;AGREGADO RECICLADO, TIPO RACHAO RECICLADO CINZA, CLASSE A;M3;75
MAO DE OBRA;6114;AJUDANTE DE ARMADOR (HORISTA);H;25.07
MAO DE OBRA;40912;AJUDANTE DE ARMADOR (MENSALISTA);MES;4391.65
MAO DE OBRA;247;AJUDANTE DE ELETRICISTA (HORISTA);H;25.07
MAO DE OBRA;40919;AJUDANTE DE ELETRICISTA (MENSALISTA);MES;4391.65
MAO DE OBRA;44499;AJUDANTE DE ESTRUTURAS METALICAS (HORISTA);H;25.07
MAO DE OBRA;40984;AJUDANTE DE ESTRUTURAS METALICAS (MENSALISTA);MES;4391.65
MAO DE OBRA;248;AJUDANTE DE OPERACAO EM GERAL (HORISTA);H;22.51
MAO DE OBRA;41086;AJUDANTE DE OPERACAO EM GERAL (MENSALISTA);MES;3945.09
MAO DE OBRA;34466;AJUDANTE DE PINTOR (HORISTA);H;25.07
MAO DE OBRA;41083;AJUDANTE DE PINTOR (MENSALISTA);MES;4391.65
MAO DE OBRA;252;AJUDANTE DE SERRALHEIRO (HORISTA);H;25.07
MAO DE OBRA;40909;AJUDANTE DE SERRALHEIRO (MENSALISTA);MES;4391.65
MAO DE OBRA;242;AJUDANTE ESPECIALIZADO (HORISTA);H;24.1
MAO DE OBRA;41085;AJUDANTE ESPECIALIZADO (MENSALISTA);MES;4221.72
MATERIAL;427;"ALCA PREFORMADA DE CONTRA POSTE, EM ACO GALVANIZADO, PARA CABO 3/16"", COMPRIMENTO *860* MM";UN;6.55
MATERIAL;417;ALCA PREFORMADA DE DISTRIBUICAO, EM ACO GALVANIZADO, PARA CABO DE ALUMINIO DIAMETRO 16 A 25 MM;UN;3.08
MATERIAL;11273;ALCA PREFORMADA DE DISTRIBUICAO, EM ACO GALVANIZADO, PARA CONDUTORES DE ALUMINIO AWG 1/0 (CAA 6/1 OU CA 7 FIOS);UN;9.58
MATERIAL;11272;ALCA PREFORMADA DE DISTRIBUICAO, EM ACO GALVANIZADO, PARA CONDUTORES DE ALUMINIO AWG 2 (CAA 6/1 OU CA 7 FIOS);UN;5.78
MATERIAL;11275;ALCA PREFORMADA DE SERVICO, EM ACO GALVANIZADO, PARA CONDUTORES DE ALUMINIO AWG 4 (CAA 6/1);UN;2.32
MATERIAL;11274;ALCA PREFORMADA DE SERVICO, EM ACO GALVANIZADO, PARA CONDUTORES DE ALUMINIO AWG 6 (CAA 6/1);UN;1.77
MATERIAL;45208;ALICATE AMPERIMETRO, TENSAO AC/DC, CAPACIDADE MAXIMA 1000 A;UN;228.66
MATERIAL;45250;"ALICATE BICO LONGO (MEIA CANA) 6"", COM ISOLAMENTO ATE 1000 V";UN;36.92
MATERIAL;38470;"ALICATE DE CORTE DIAGONAL 6"" COM ISOLAMENTO";UN;37.8
MATERIAL;38547;ALICATE DE CRIMPAR RJ11, RJ12 E RJ45, COM CATRACA;UN;250.93
MATERIAL;38467;"ALICATE DE PRESSAO 11"" PARA SOLDA, TIPO C";UN;152.08
MATERIAL;38468;"ALICATE DE PRESSAO 11"" PARA SOLDA, TIPO U";UN;189.84
MATERIAL;38469;"ALICATE DE PRESSAO PARA SOLDA DE CHAPA 18""";UN;239.6
MATERIAL;45197;"ALICATE DESENCAPADOR AUTOMATICO 8""";UN;191.09
MATERIAL;38471;ALICATE PARA ANEIS DE PISTAO, CAPACIDADE *50* A 100 MM;UN;256.26
MATERIAL;45206;"ALICATE PROFISSIONAL 8"", UNIVERSAL, COM ISOLAMENTO ATE 1000 V";UN;50.63
ENCARGOS COMPLEMENTARES;37370;ALIMENTACAO - HORISTA (COLETADO CAIXA - ENCARGOS COMPLEMENTARES);H;4.48
ENCARGOS COMPLEMENTARES;40862;ALIMENTACAO - MENSALISTA (COLETADO CAIXA - ENCARGOS COMPLEMENTARES);MES;743.12
EQUIPAMENTO (AQUISIÇÃO);10658;ALISADORA DE CONCRETO COM MOTOR A GASOLINA DE 5,5 HP, PESO COM MOTOR DE 78 KG, 4 PAS;UN;9199.5
MAO DE OBRA;253;ALMOXARIFE (HORISTA);H;38.57
MAO DE OBRA;40809;ALMOXARIFE (MENSALISTA);MES;6756.13
MATERIAL;42428;ALONGADOR COM TRES ALTURAS, EM TUBO DE ACO CARBONO, PINTURA NO PROCESSO ELETROSTATICO - EQUIPAMENTO DE GINASTICA PARA ACADEMIA AO AR LIVRE / ACADEMIA DA TERCEIRA IDADE - ATI;UN;2271
MATERIAL;301;ANEL BORRACHA PARA TUBO ESGOTO PREDIAL, DN 100 MM (NBR 5688);UN;2.98
MATERIAL;296;ANEL BORRACHA PARA TUBO ESGOTO PREDIAL, DN 50 MM (NBR 5688);UN;1.68
MATERIAL;297;ANEL BORRACHA PARA TUBO ESGOTO PREDIAL, DN 75 MM (NBR 5688);UN;2.47
MATERIAL;299;ANEL BORRACHA, DN 100 MM, PARA TUBO SERIE REFORCADA ESGOTO PREDIAL;UN;3.49
MATERIAL;300;ANEL BORRACHA, DN 150 MM, PARA TUBO SERIE REFORCADA ESGOTO PREDIAL;UN;12.09
MATERIAL;20085;ANEL BORRACHA, DN 50 MM, PARA TUBO SERIE REFORCADA ESGOTO PREDIAL;UN;2.21
MATERIAL;298;ANEL BORRACHA, DN 75 MM, PARA TUBO SERIE REFORCADA ESGOTO PREDIAL;UN;2.69
MATERIAL;311;ANEL BORRACHA, PARA TUBO PVC DEFOFO, DN 100 MM (NBR 7665);UN;9.97
MATERIAL;318;ANEL BORRACHA, PARA TUBO PVC DEFOFO, DN 150 MM (NBR 7665);UN;20.09
MATERIAL;319;ANEL BORRACHA, PARA TUBO PVC DEFOFO, DN 200 MM (NBR 7665);UN;31.5
MATERIAL;303;ANEL BORRACHA, PARA TUBO PVC, REDE COLETOR ESGOTO, DN 100 MM (NBR 7362);UN;3.3
MATERIAL;305;ANEL BORRACHA, PARA TUBO PVC, REDE COLETOR ESGOTO, DN 150 MM (NBR 7362);UN;10.38
MATERIAL;306;ANEL BORRACHA, PARA TUBO PVC, REDE COLETOR ESGOTO, DN 200 MM (NBR 7362);UN;15.75
MATERIAL;307;ANEL BORRACHA, PARA TUBO PVC, REDE COLETOR ESGOTO, DN 250 MM (NBR 7362);UN;39.79
MATERIAL;309;ANEL BORRACHA, PARA TUBO PVC, REDE COLETOR ESGOTO, DN 350 MM (NBR 7362);UN;65.18
MATERIAL;310;ANEL BORRACHA, PARA TUBO PVC, REDE COLETOR ESGOTO, DN 400 MM (NBR 7362);UN;90.34
MATERIAL;308;ANEL BORRACHA, PARA TUBO, PVC REDE COLETOR ESGOTO, DN 300 MM (NBR 7362);UN;88.81
MATERIAL;328;ANEL BORRACHA, PARA TUBO/CONEXAO PVC PBA, DN 100 MM, PARA REDE AGUA;UN;7.9
MATERIAL;325;ANEL BORRACHA, PARA TUBO/CONEXAO PVC PBA, DN 50 MM, PARA REDE AGUA;UN;2.33
MATERIAL;20326;ANEL BORRACHA, PARA TUBO/CONEXAO PVC PBA, DN 60 MM, PARA REDE AGUA;UN;4.26
MATERIAL;329;ANEL BORRACHA, PARA TUBO/CONEXAO PVC PBA, DN 75 MM, PARA REDE AGUA;UN;6.6
MATERIAL;39642;"ANEL DE BORRACHA PARA VEDACAO DE DUTO PEAD CORRUGADO PARA ELETRICA, DN 1 1/2"" (NBR 15715)";UN;2.92
MATERIAL;39641;"ANEL DE BORRACHA PARA VEDACAO DE DUTO PEAD CORRUGADO PARA ELETRICA, DN 1 1/4"" (NBR 15715)";UN;2.57
MATERIAL;39643;"ANEL DE BORRACHA PARA VEDACAO DE DUTO PEAD CORRUGADO PARA ELETRICA, DN 2"" (NBR 15715)";UN;3.43
MATERIAL;39644;"ANEL DE BORRACHA PARA VEDACAO DE DUTO PEAD CORRUGADO PARA ELETRICA, DN 3"" (NBR 15715)";UN;5.32
MATERIAL;39645;"ANEL DE BORRACHA PARA VEDACAO DE DUTO PEAD CORRUGADO PARA ELETRICA, DN 4"" (NBR 15715)";UN;5.84
MATERIAL;41610;ANEL DE CONCRETO ARMADO COM FUNDO, PARA FOSSA E POCO 1,50 X *0,50* M;UN;830.37
MATERIAL;41611;ANEL DE CONCRETO ARMADO COM FUNDO, PARA FOSSA E POCO 2,00 X *0,50* M;UN;1308.83
MATERIAL;41612;ANEL DE CONCRETO ARMADO COM FUNDO, PARA FOSSA E POCO 2,50 X *0,50* M;UN;1837.78
MATERIAL;41637;ANEL DE CONCRETO ARMADO, COM FUROS/DRENO PARA SUMIDOURO, D = 0,80 M, H = 0,50 M;UN;171.79
MATERIAL;41638;ANEL DE CONCRETO ARMADO, COM FUROS/DRENO PARA SUMIDOURO, D = 1,00 M, H = 0,50M;UN;223.78
MATERIAL;41639;ANEL DE CONCRETO ARMADO, COM FUROS/DRENO PARA SUMIDOURO, D = 1,50 M, H = 0,50 M;UN;541.39
MATERIAL;11789;ANEL DE DISTRIBUICAO EM ACO GALVANIZADO PARA FIO FE-160;UN;0.87
MATERIAL;20975;"ANEL DE EXPANSAO EM COBRE, ENGATE RAPIDO 1 1/2"", PARA EMPATACAO MANGUEIRA DE COMBATE A INCENDIO PREDIAL";UN;25.28
MATERIAL;20976;"ANEL DE EXPANSAO EM COBRE, ENGATE RAPIDO 2 1/2"", PARA EMPATACAO MANGUEIRA DE COMBATE A INCENDIO PREDIAL";UN;38.2
MATERIAL;6138;ANEL DE VEDACAO, PVC FLEXIVEL, 100 MM, PARA SAIDA DE BACIA / VASO SANITARIO;UN;13.45
MATERIAL;40340;ANEL DE VEDACAO/JUNTA ELASTICA, H = *16* MM, PARA TUBO DE CONCRETO, DN 300 MM;UN;21.92
MATERIAL;40341;ANEL DE VEDACAO/JUNTA ELASTICA, H = *16* MM, PARA TUBO DE CONCRETO, DN 400 MM;UN;26.16
MATERIAL;40342;ANEL DE VEDACAO/JUNTA ELASTICA, H = *16* MM, PARA TUBO DE CONCRETO, DN 500 MM;UN;31.2
MATERIAL;40343;ANEL DE VEDACAO/JUNTA ELASTICA, H = *16* MM, PARA TUBO DE CONCRETO, DN 600 MM;UN;37.01
MATERIAL;40344;ANEL DE VEDACAO/JUNTA ELASTICA, H = *18* MM, PARA TUBO DE CONCRETO, DN 700 MM;UN;50.45
MATERIAL;40345;ANEL DE VEDACAO/JUNTA ELASTICA, H = *19* MM, PARA TUBO DE CONCRETO, DN 800 MM;UN;62.17
MATERIAL;40346;ANEL DE VEDACAO/JUNTA ELASTICA, H = *19* MM, PARA TUBO DE CONCRETO, DN 900 MM;UN;72.11
MATERIAL;40347;ANEL DE VEDACAO/JUNTA ELASTICA, H = *21* MM, PARA TUBO DE CONCRETO, DN 1000 MM;UN;90.6
MATERIAL;43424;ANEL EM CONCRETO ARMADO, LISO, PARA FOSSAS SEPTICAS E SUMIDOUROS, COM FUNDO, DIAMETRO INTERNO DE 1,20 M E ALTURA DE 0,50 M;UN;695.71
MATERIAL;43426;ANEL EM CONCRETO ARMADO, LISO, PARA FOSSAS SEPTICAS E SUMIDOUROS, COM FUNDO, DIAMETRO INTERNO DE 3,00 M E ALTURA DE 0,50 M;UN;2399.52
MATERIAL;12565;ANEL EM CONCRETO ARMADO, LISO, PARA FOSSAS SEPTICAS E SUMIDOUROS, SEM FUNDO, DIAMETRO INTERNO DE 2,00 M E ALTURA DE 0,50 M;UN;841.48
MATERIAL;12567;ANEL EM CONCRETO ARMADO, LISO, PARA FOSSAS SEPTICAS E SUMIDOUROS, SEM FUNDO, DIAMETRO INTERNO DE 2,50 M E ALTURA DE 0,50 M;UN;1130.25
MATERIAL;12568;ANEL EM CONCRETO ARMADO, LISO, PARA FOSSAS SEPTICAS E SUMIDOUROS, SEM FUNDO, DIAMETRO INTERNO DE 3,00 M E ALTURA DE 0,50 M;UN;1582.35
MATERIAL;43441;ANEL EM CONCRETO ARMADO, LISO, PARA POCOS DE INSPECAO, COM FUNDO, DIAMETRO INTERNO DE 0,60 M E ALTURA DE 0,50 M;UN;203.44
MATERIAL;43423;ANEL EM CONCRETO ARMADO, LISO, PARA POCOS DE INSPECAO, SEM FUNDO, DIAMETRO INTERNO DE 0,60 M E ALTURA DE 0,20 M;UN;94.94
MATERIAL;12532;ANEL EM CONCRETO ARMADO, LISO, PARA POCOS DE INSPECAO, SEM FUNDO, DIAMETRO INTERNO DE 0,60 M E ALTURA DE 0,50 M;UN;146.42
MATERIAL;43444;ANEL EM CONCRETO ARMADO, LISO, PARA POCOS DE VISITA, POCOS DE INSPECAO, FOSSAS SEPTICAS E SUMIDOUROS, COM FUNDO, DIAMETRO INTERNO DE 1,20 M E ALTURA DE 0,75 M;UN;491.65
MATERIAL;12551;ANEL EM CONCRETO ARMADO, LISO, PARA POCOS DE VISITA, POCOS DE INSPECAO, FOSSAS SEPTICAS E SUMIDOUROS, SEM FUNDO, DIAMETRO INTERNO DE 1,20 M E ALTURA DE 0,50 M;UN;350.78
MATERIAL;43442;ANEL EM CONCRETO ARMADO, LISO, PARA POCOS DE VISITAS, POCOS DE INSPECAO, FOSSAS SEPTICAS E SUMIDOUROS, COM FUNDO, DIAMETRO INTERNO DE 0,80 M E ALTURA DE 0,50 M;UN;271.26
MATERIAL;43443;ANEL EM CONCRETO ARMADO, LISO, PARA POCOS DE VISITAS, POCOS DE INSPECAO, FOSSAS SEPTICAS E SUMIDOUROS, COM FUNDO, DIAMETRO INTERNO DE 1,00 M E ALTURA DE 0,50 M;UN;356.02
MATERIAL;12544;ANEL EM CONCRETO ARMADO, LISO, PARA POCOS DE VISITAS, POCOS DE INSPECAO, FOSSAS SEPTICAS E SUMIDOUROS, SEM FUNDO, DIAMETRO INTERNO DE 0,80 M E ALTURA DE 0,50 M;UN;192.14
MATERIAL;12547;ANEL EM CONCRETO ARMADO, LISO, PARA POCOS DE VISITAS, POCOS DE INSPECAO, FOSSAS SEPTICAS E SUMIDOUROS, SEM FUNDO, DIAMETRO INTERNO DE 1,00 M E ALTURA DE 0,50 M;UN;258.42
MATERIAL;43445;ANEL EM CONCRETO ARMADO, LISO, PARA, POCOS DE VISITA, POCOS DE INSPECAO, FOSSAS SEPTICAS E SUMIDOUROS, COM FUNDO, DIAMETRO INTERNO DE 1,50 M E ALTURA DE 1,00 M;UN;678.15
MATERIAL;12563;ANEL EM CONCRETO ARMADO, LISO, PARA, POCOS DE VISITA, POCOS DE INSPECAO, FOSSAS SEPTICAS E SUMIDOUROS, SEM FUNDO, DIAMETRO INTERNO DE 1,50 M E ALTURA DE 0,50 M;UN;485.19
MATERIAL;43425;ANEL EM CONCRETO ARMADO, PERFURADO, PARA FOSSAS SEPTICAS E SUMIDOUROS, SEM FUNDO, DIAMETRO INTERNO DE 1,20 M E ALTURA DE 0,50 M;UN;305.16
MATERIAL;43446;ANEL EM CONCRETO ARMADO, PERFURADO, PARA FOSSAS SEPTICAS E SUMIDOUROS, SEM FUNDO, DIAMETRO INTERNO DE 2,00 M E ALTURA DE 0,50 M;UN;644.24
MATERIAL;43447;ANEL EM CONCRETO ARMADO, PERFURADO, PARA FOSSAS SEPTICAS E SUMIDOUROS, SEM FUNDO, DIAMETRO INTERNO DE 2,50 M E ALTURA DE 0,50 M;UN;791.17
MATERIAL;43448;ANEL EM CONCRETO ARMADO, PERFURADO, PARA FOSSAS SEPTICAS E SUMIDOUROS, SEM FUNDO, DIAMETRO INTERNO DE 3,00 M E ALTURA DE 0,50 M;UN;1107.64
EQUIPAMENTO (AQUISIÇÃO);13761;APARELHO CORTE OXI-ACETILENO PARA SOLDA E CORTE CONTENDO MACARICO SOLDA, BICO DE CORTE, CILINDROS, REGULADORES, MANGUEIRAS E CARRINHO;UN;3832.88
MATERIAL;4814;APARELHO SINALIZADOR LUMINOSO COM LED, PARA SAIDA GARAGEM, COM 2 LENTES EM POLICARBONATO, BIVOLT (INCLUI SUPORTE DE FIXACAO);UN;44.11
EQUIPAMENTO (AQUISIÇÃO);44473;APOIO DO PORTA DENTE PARA FRESADORA DE ASFALTO;UN;2492.12
MAO DE OBRA;6122;APONTADOR OU APROPRIADOR DE MAO DE OBRA (HORISTA);H;39.97
MAO DE OBRA;40810;APONTADOR OU APROPRIADOR DE MAO DE OBRA (MENSALISTA);MES;7004.01
EQUIPAMENTO (AQUISIÇÃO);34469;AQUECEDOR SOLAR COM RESERVATORIO TERMICO DE 1000 L E *5* PLACAS COLETORAS DE *2,0* M2 (NAO INCLUI ACESSORIOS) (SEM INSTALACAO);UN;10530.81
EQUIPAMENTO (AQUISIÇÃO);34476;AQUECEDOR SOLAR COM RESERVATORIO TERMICO DE 400 L E *2* PLACAS COLETORAS DE *2,0* M2 (NAO INCLUI ACESSORIOS) (SEM INSTALACAO);UN;5492.26
EQUIPAMENTO (AQUISIÇÃO);34477;AQUECEDOR SOLAR COM RESERVATORIO TERMICO DE 600 L E *3* PLACAS COLETORAS DE *2,0* M2 (NAO INCLUI ACESSORIOS) (SEM INSTALACAO);UN;7289.29
EQUIPAMENTO (AQUISIÇÃO);34482;AQUECEDOR SOLAR COM RESERVATORIO TERMICO DE 800 L E *4* PLACAS COLETORAS DE *2,0* M2 (NAO INCLUI ACESSORIOS) (SEM INSTALACAO);UN;6807.79
EQUIPAMENTO (AQUISIÇÃO);34472;AQUECEDOR SOLAR DE INSTALACAO EXTERNA, KIT COMPACTO, CONJUNTO COM RESERVATORIO TERMICO DE 200 L, PLACA COLETORA DE *2,0* M2 E INCLUSO ACESSORIOS (RESIDENCIAS ATE 120,00 M2 E DE 4 A 5 BANHOS POR DIA) (SEM INSTALACAO);UN;3240
EQUIPAMENTO (AQUISIÇÃO);39577;AR-CONDICIONADO FRIO SPLITAO MODULAR 10 TR;UN;22905.16
EQUIPAMENTO (AQUISIÇÃO);39578;AR-CONDICIONADO FRIO SPLITAO MODULAR 15 TR;UN;29559.56
EQUIPAMENTO (AQUISIÇÃO);39579;AR-CONDICIONADO FRIO SPLITAO MODULAR 20 TR;UN;43006.84
EQUIPAMENTO (AQUISIÇÃO);42425;AR-CONDICIONADO SPLIT INVERTER, HI-WALL (PAREDE), 12000 BTU/H, CICLO FRIO, 60HZ, CLASSIFICACAO A (SELO PROCEL), GAS HFC, CONTROLE S/FIO;UN;2262.66
EQUIPAMENTO (AQUISIÇÃO);42422;AR-CONDICIONADO SPLIT INVERTER, HI-WALL (PAREDE), 18000 BTU/H, CICLO FRIO, 60HZ, CLASSIFICACAO A (SELO PROCEL), GAS HFC, CONTROLE S/FIO;UN;3359
EQUIPAMENTO (AQUISIÇÃO);43184;AR-CONDICIONADO SPLIT INVERTER, HI-WALL (PAREDE), 24000 BTU/H, CICLO FRIO, 60HZ, CLASSIFICACAO A (SELO PROCEL), GAS HFC, CONTROLE S/FIO;UN;4642.46
EQUIPAMENTO (AQUISIÇÃO);42424;AR-CONDICIONADO SPLIT INVERTER, HI-WALL (PAREDE), 9000 BTU/H, CICLO FRIO, 60HZ, CLASSIFICACAO A (SELO PROCEL), GAS HFC, CONTROLE S/FIO;UN;2020.75
EQUIPAMENTO (AQUISIÇÃO);42416;AR-CONDICIONADO SPLIT INVERTER, PISO TETO, 18000 BTU/H, CICLO FRIO, 60HZ, CLASSIFICACAO ENERGETICA A OU B (SELO PROCEL), GAS HFC, CONTROLE S/FIO;UN;8711.24
EQUIPAMENTO (AQUISIÇÃO);42417;AR-CONDICIONADO SPLIT INVERTER, PISO TETO, 24000 BTU/H, CICLO FRIO, 60HZ, CLASSIFICACAO ENERGETICA A OU B (SELO PROCEL), GAS HFC, CONTROLE S/FIO;UN;9766.02
EQUIPAMENTO (AQUISIÇÃO);39826;AR-CONDICIONADO SPLIT INVERTER, PISO TETO, 24000 BTU/H, QUENTE/FRIO, 60HZ, CLASSIFICACAO ENERGETICA A - SELO PROCEL, GAS HFC, CONTROLE S/FIO;UN;5282.02
EQUIPAMENTO (AQUISIÇÃO);42419;AR-CONDICIONADO SPLIT INVERTER, PISO TETO, 36000 BTU/H, CICLO FRIO, 60HZ, CLASSIFICACAO ENERGETICA A OU B (SELO PROCEL), GAS HFC, CONTROLE S/FIO;UN;11033.53
EQUIPAMENTO (AQUISIÇÃO);42420;AR-CONDICIONADO SPLIT INVERTER, PISO TETO, 48000 BTU/H, CICLO FRIO, 60HZ, CLASSIFICACAO ENERGETICA A OU B (SELO PROCEL), GAS HFC, CONTROLE S/FIO;UN;15164.77
EQUIPAMENTO (AQUISIÇÃO);42421;AR-CONDICIONADO SPLIT INVERTER, PISO TETO, APRESENTANDO ENTRE 54000 E 58000 BTU/H, CICLO FRIO, 60HZ, CLASSIFICACAO ENERGETICA A OU B (SELO PROCEL), GAS HFC, CONTROLE S/FIO;UN;18398.76
EQUIPAMENTO (AQUISIÇÃO);39556;AR-CONDICIONADO SPLIT ON/OFF, CASSETE (TETO), 18000 BTUS/H, CICLO QUENTE/FRIO, 60 HZ, CLASSIFICACAO ENERGETICA C - SELO PROCEL, GAS HFC, CONTROLE S/ FIO;UN;6389.48
EQUIPAMENTO (AQUISIÇÃO);39557;AR-CONDICIONADO SPLIT ON/OFF, CASSETE (TETO), 24000 BTUS/H, CICLO QUENTE/FRIO, 60 HZ, CLASSIFICACAO ENERGETICA C - SELO PROCEL, GAS HFC, CONTROLE S/ FIO;UN;6880.07
EQUIPAMENTO (AQUISIÇÃO);39559;AR-CONDICIONADO SPLIT ON/OFF, CASSETE (TETO), 36000 BTUS/H, CICLO QUENTE/FRIO, 60 HZ, CLASSIFICACAO ENERGETICA A - SELO PROCEL, GAS HFC, CONTROLE S/ FIO;UN;10167.42
EQUIPAMENTO (AQUISIÇÃO);39560;AR-CONDICIONADO SPLIT ON/OFF, CASSETE (TETO), 48000 BTUS/H, CICLO QUENTE/FRIO, 60 HZ, CLASSIFICACAO ENERGETICA A - SELO PROCEL, GAS HFC, CONTROLE S/ FIO;UN;11762.71
EQUIPAMENTO (AQUISIÇÃO);39561;AR-CONDICIONADO SPLIT ON/OFF, CASSETE (TETO), 60000 BTUS/H, CICLO QUENTE/FRIO, 60 HZ, CLASSIFICACAO ENERGETICA A - SELO PROCEL, GAS HFC, CONTROLE S/ FIO;UN;12305.3
EQUIPAMENTO (AQUISIÇÃO);43195;AR-CONDICIONADO SPLIT ON/OFF, CASSETE (TETO), FRIO 4 VIAS 18000 BTUS/H, CLASSIFICACAO ENERGETICA C - SELO PROCEL, GAS HFC, CONTROLE S/ FIO;UN;5339.73
EQUIPAMENTO (AQUISIÇÃO);43196;AR-CONDICIONADO SPLIT ON/OFF, CASSETE (TETO), FRIO 4 VIAS 24000 BTUS/H, CLASSIFICACAO ENERGETICA C - SELO PROCEL, GAS HFC, CONTROLE S/ FIO;UN;6617.83
EQUIPAMENTO (AQUISIÇÃO);43198;AR-CONDICIONADO SPLIT ON/OFF, CASSETE (TETO), FRIO 4 VIAS 36000 BTUS/H, CLASSIFICACAO ENERGETICA C - SELO PROCEL, GAS HFC, CONTROLE S/ FIO;UN;9833.93
EQUIPAMENTO (AQUISIÇÃO);43199;AR-CONDICIONADO SPLIT ON/OFF, CASSETE (TETO), FRIO 4 VIAS 48000 BTUS/H, CLASSIFICACAO ENERGETICA C - SELO PROCEL, GAS HFC, CONTROLE S/ FIO;UN;10194.28
EQUIPAMENTO (AQUISIÇÃO);43200;AR-CONDICIONADO SPLIT ON/OFF, CASSETE (TETO), FRIO 4 VIAS 60000 BTUS/H, CLASSIFICACAO ENERGETICA C - SELO PROCEL, GAS HFC, CONTROLE S/ FIO;UN;11698.68
EQUIPAMENTO (AQUISIÇÃO);43190;AR-CONDICIONADO SPLIT ON/OFF, HI-WALL (PAREDE), 12000 BTUS/H, CICLO FRIO, 60 HZ, CLASSIFICACAO ENERGETICA A - SELO PROCEL, GAS HFC, CONTROLE S/ FIO;UN;1815.93
EQUIPAMENTO (AQUISIÇÃO);39555;AR-CONDICIONADO SPLIT ON/OFF, HI-WALL (PAREDE), 12000 BTUS/H, CICLO QUENTE/FRIO, 60 HZ, CLASSIFICACAO ENERGETICA A - SELO PROCEL, GAS HFC, CONTROLE S/ FIO;UN;1964.37
EQUIPAMENTO (AQUISIÇÃO);43191;AR-CONDICIONADO SPLIT ON/OFF, HI-WALL (PAREDE), 18000 BTUS/H, CICLO FRIO, 60 HZ, CLASSIFICACAO ENERGETICA A - SELO PROCEL, GAS HFC, CONTROLE S/ FIO;UN;2612.89
EQUIPAMENTO (AQUISIÇÃO);39548;AR-CONDICIONADO SPLIT ON/OFF, HI-WALL (PAREDE), 18000 BTUS/H, CICLO QUENTE/FRIO, 60 HZ, CLASSIFICACAO ENERGETICA A - SELO PROCEL, GAS HFC, CONTROLE S/ FIO;UN;2913.78
EQUIPAMENTO (AQUISIÇÃO);43192;AR-CONDICIONADO SPLIT ON/OFF, HI-WALL (PAREDE), 24000 BTUS/H, CICLO FRIO, 60 HZ, CLASSIFICACAO ENERGETICA A - SELO PROCEL, GAS HFC, CONTROLE S/ FIO;UN;3422.65
EQUIPAMENTO (AQUISIÇÃO);39554;AR-CONDICIONADO SPLIT ON/OFF, HI-WALL (PAREDE), 24000 BTUS/H, CICLO QUENTE/FRIO, 60 HZ, CLASSIFICACAO ENERGETICA A - SELO PROCEL, GAS HFC, CONTROLE S/ FIO;UN;3853.03
EQUIPAMENTO (AQUISIÇÃO);43194;AR-CONDICIONADO SPLIT ON/OFF, HI-WALL (PAREDE), 9000 BTUS/H, CICLO FRIO, 60 HZ, CLASSIFICACAO ENERGETICA A - SELO PROCEL, GAS HFC, CONTROLE S/ FIO;UN;1555.66
EQUIPAMENTO (AQUISIÇÃO);39551;AR-CONDICIONADO SPLIT ON/OFF, HI-WALL (PAREDE), 9000 BTUS/H, CICLO QUENTE/FRIO, 60 HZ, CLASSIFICACAO ENERGETICA A - SELO PROCEL, GAS HFC, CONTROLE S/ FIO;UN;1712.95
EQUIPAMENTO (AQUISIÇÃO);43185;AR-CONDICIONADO SPLIT ON/OFF, PISO TETO, 18.000 BTU/H, CICLO FRIO, 60HZ, CLASSIFICACAO ENERGETICA C - SELO PROCEL, GAS HFC, CONTROLE S/FIO;UN;4867.89
EQUIPAMENTO (AQUISIÇÃO);43186;AR-CONDICIONADO SPLIT ON/OFF, PISO TETO, 24.000 BTU/H, CICLO FRIO, 60HZ, CLASSIFICACAO ENERGETICA C - SELO PROCEL, GAS HFC, CONTROLE S/FIO;UN;5134.64
EQUIPAMENTO (AQUISIÇÃO);43187;AR-CONDICIONADO SPLIT ON/OFF, PISO TETO, 36.000 BTU/H, CICLO FRIO, 60HZ, CLASSIFICACAO ENERGETICA C - SELO PROCEL, GAS HFC, CONTROLE S/FIO;UN;6813.71
EQUIPAMENTO (AQUISIÇÃO);43188;AR-CONDICIONADO SPLIT ON/OFF, PISO TETO, 48.000 BTU/H, CICLO FRIO, 60HZ, CLASSIFICACAO ENERGETICA C - SELO PROCEL, GAS HFC, CONTROLE S/FIO;UN;8255.72
EQUIPAMENTO (AQUISIÇÃO);43189;AR-CONDICIONADO SPLIT ON/OFF, PISO TETO, 60.000 BTU/H, CICLO FRIO, 60HZ, CLASSIFICACAO ENERGETICA C - SELO PROCEL, GAS HFC, CONTROLE S/FIO;UN;9286.31
MATERIAL;346;ARAME DE ACO OVALADO 15 X 17 (45,7 KG, 700 KGF), ROLO 1000 M;KG;25.66
MATERIAL;3312;ARAME DE AMARRACAO PARA GABIAO GALVANIZADO, DIAMETRO 2,2 MM;KG;22.72
MATERIAL;339;ARAME FARPADO GALVANIZADO, 14 BWG (2,11 MM), CLASSE 250;M;1.32
MATERIAL;340;ARAME FARPADO GALVANIZADO, 16 BWG (1,65 MM), CLASSE 250;M;1.19
MATERIAL;43130;ARAME GALVANIZADO 12 BWG, D = 2,76 MM (0,048 KG/M) OU 14 BWG, D = 2,11 MM (0,026 KG/M);KG;21.66
MATERIAL;344;ARAME GALVANIZADO 16 BWG, D = 1,65MM (0,0166 KG/M);KG;28.47
MATERIAL;345;ARAME GALVANIZADO 18 BWG, D = 1,24MM (0,009 KG/M);KG;30.89
MATERIAL;43131;ARAME GALVANIZADO 6 BWG, D = 5,16 MM (0,157 KG/M), OU 8 BWG, D = 4,19 MM (0,101 KG/M), OU 10 BWG, D = 3,40 MM (0,0713 KG/M);KG;25.16
MATERIAL;3313;ARAME PROTEGIDO COM POLIMERO PARA GABIAO, DIAMETRO 2,2 MM;KG;29.24
MATERIAL;43132;ARAME RECOZIDO 16 BWG, D = 1,65 MM (0,016 KG/M) OU 18 BWG, D = 1,25 MM (0,01 KG/M);KG;21.66
MATERIAL;45245;"ARCO DE SERRA REGULAVEL PARA LAMINAS DE 8"" A 12""";UN;40.6
MATERIAL;366;AREIA FINA - POSTO JAZIDA/FORNECEDOR (RETIRADO NA JAZIDA, SEM TRANSPORTE);M3;92
MATERIAL;367;AREIA GROSSA - POSTO JAZIDA/FORNECEDOR (RETIRADO NA JAZIDA, SEM TRANSPORTE);M3;93.2
MATERIAL;370;AREIA MEDIA - POSTO JAZIDA/FORNECEDOR (RETIRADO NA JAZIDA, SEM TRANSPORTE);M3;92
MATERIAL;368;AREIA PARA ATERRO - POSTO JAZIDA/FORNECEDOR (RETIRADO NA JAZIDA, SEM TRANSPORTE);M3;46
MATERIAL;11075;AREIA PARA LEITO FILTRANTE (0,42 A 1,68 MM) - POSTO JAZIDA/FORNECEDOR (RETIRADO NA JAZIDA, SEM TRANSPORTE);M3;1055.87
MATERIAL;1381;ARGAMASSA COLANTE AC I PARA CERAMICAS;KG;0.72
MATERIAL;34353;ARGAMASSA COLANTE AC II;KG;1.34
MATERIAL;37595;ARGAMASSA COLANTE TIPO AC III;KG;2.21
MATERIAL;37596;ARGAMASSA COLANTE TIPO AC III E;KG;2.54
MATERIAL;371;ARGAMASSA INDUSTRIALIZADA MULTIUSO, PARA REVESTIMENTO INTERNO E EXTERNO E ASSENTAMENTO DE BLOCOS DIVERSOS;KG;0.78
MATERIAL;37553;ARGAMASSA INDUSTRIALIZADA PARA CHAPISCO COLANTE;KG;1.47
MATERIAL;37552;ARGAMASSA INDUSTRIALIZADA PARA CHAPISCO ROLADO;KG;2.36
MATERIAL;36880;ARGAMASSA PARA REVESTIMENTO DECORATIVO MONOCAMADA;KG;2.4
MATERIAL;34355;ARGAMASSA PISO SOBRE PISO;KG;2.07
MATERIAL;130;ARGAMASSA POLIMERICA DE REPARO ESTRUTURAL, BICOMPONENTE;KG;3.95
MATERIAL;135;ARGAMASSA POLIMERICA IMPERMEABILIZANTE SEMIFLEXIVEL, BICOMPONENTE, A BASE DE CIMENTO E ADITIVOS;KG;3.18
MATERIAL;36886;ARGAMASSA PRONTA PARA CONTRAPISO;KG;0.74
MATERIAL;38546;ARGAMASSA USINADA AUTOADENSAVEL E AUTONIVELANTE PARA CONTRAPISO, COM BOMBEAMENTO (DISPONIBILIZACAO DE BOMBA), SEM O LANCAMENTO;M3;526.48
MATERIAL;34549;ARGILA EXPANDIDA, GRANULOMETRIA 2215;M3;797.75
MATERIAL;6081;ARGILA OU BARRO PARA ATERRO/REATERRO (COM TRANSPORTE ATE 10 KM);M3;55.84
MATERIAL;6077;ARGILA OU BARRO PARA ATERRO/REATERRO (RETIRADO NA JAZIDA, SEM TRANSPORTE);M3;39.88
MATERIAL;6079;ARGILA, ARGILA VERMELHA OU ARGILA ARENOSA (RETIRADA NA JAZIDA, SEM TRANSPORTE);M3;39.88
MATERIAL;1091;"ARMACAO VERTICAL COM HASTE E CONTRA-PINO, EM CHAPA DE ACO GALVANIZADO 3/16"", COM 1 ESTRIBO E 1 ISOLADOR";UN;26.08
MATERIAL;1094;"ARMACAO VERTICAL COM HASTE E CONTRA-PINO, EM CHAPA DE ACO GALVANIZADO 3/16"", COM 1 ESTRIBO, SEM ISOLADOR";UN;18.24
MATERIAL;1095;"ARMACAO VERTICAL COM HASTE E CONTRA-PINO, EM CHAPA DE ACO GALVANIZADO 3/16"", COM 2 ESTRIBOS, E 2 ISOLADORES";UN;38.77
MATERIAL;1092;"ARMACAO VERTICAL COM HASTE E CONTRA-PINO, EM CHAPA DE ACO GALVANIZADO 3/16"", COM 2 ESTRIBOS, SEM ISOLADOR";UN;30
MATERIAL;1093;"ARMACAO VERTICAL COM HASTE E CONTRA-PINO, EM CHAPA DE ACO GALVANIZADO 3/16"", COM 3 ESTRIBOS E 3 ISOLADORES";UN;70.06
MATERIAL;1090;"ARMACAO VERTICAL COM HASTE E CONTRA-PINO, EM CHAPA DE ACO GALVANIZADO 3/16"", COM 3 ESTRIBOS, SEM ISOLADOR";UN;50.16
MATERIAL;1096;"ARMACAO VERTICAL COM HASTE E CONTRA-PINO, EM CHAPA DE ACO GALVANIZADO 3/16"", COM 4 ESTRIBOS E 4 ISOLADORES";UN;90.27
MATERIAL;1097;"ARMACAO VERTICAL COM HASTE E CONTRA-PINO, EM CHAPA DE ACO GALVANIZADO 3/16"", COM 4 ESTRIBOS, SEM ISOLADOR";UN;76.63
MAO DE OBRA;378;ARMADOR (HORISTA);H;27.39
MAO DE OBRA;40911;ARMADOR (MENSALISTA);MES;4797.83
MAO DE OBRA;33939;ARQUITETO JUNIOR (HORISTA);H;130.44
MAO DE OBRA;40815;ARQUITETO JUNIOR (MENSALISTA);MES;22850.08
MAO DE OBRA;33952;ARQUITETO PLENO (HORISTA);H;137.62
MAO DE OBRA;40816;ARQUITETO PLENO (MENSALISTA);MES;24107.6
MAO DE OBRA;33953;ARQUITETO SENIOR (HORISTA);H;147.13
MAO DE OBRA;40817;ARQUITETO SENIOR (MENSALISTA);MES;25772.89
MATERIAL;13348;ARRUELA EM ACO CARBONO, GALVANIZADA A FOGO (IMERSAO A QUENTE), DIAMETRO EXTERNO = 35 MM, ESPESSURA = 3 MM, DIAMETRO DO FURO = 18 MM;UN;1.35
MATERIAL;39212;"ARRUELA EM ALUMINIO, COM ROSCA, DE 1 1/2"", PARA ELETRODUTO";UN;2.46
MATERIAL;39211;"ARRUELA EM ALUMINIO, COM ROSCA, DE 1 1/4"", PARA ELETRODUTO";UN;2.21
MATERIAL;39210;"ARRUELA EM ALUMINIO, COM ROSCA, DE 1"", PARA ELETRODUTO";UN;1.24
MATERIAL;39208;"ARRUELA EM ALUMINIO, COM ROSCA, DE 1/2"", PARA ELETRODUTO";UN;0.67
MATERIAL;39214;"ARRUELA EM ALUMINIO, COM ROSCA, DE 2 1/2"", PARA ELETRODUTO";UN;4.56
MATERIAL;39213;"ARRUELA EM ALUMINIO, COM ROSCA, DE 2"", PARA ELETRODUTO";UN;3.22
MATERIAL;39215;"ARRUELA EM ALUMINIO, COM ROSCA, DE 3"", PARA ELETRODUTO";UN;8.31
MATERIAL;39209;"ARRUELA EM ALUMINIO, COM ROSCA, DE 3/4"", PARA ELETRODUTO";UN;0.8
MATERIAL;39207;"ARRUELA EM ALUMINIO, COM ROSCA, DE 3/8"", PARA ELETRODUTO";UN;1.24
MATERIAL;39216;"ARRUELA EM ALUMINIO, COM ROSCA, DE 4"", PARA ELETRODUTO";UN;11.6
MATERIAL;45693;"ARRUELA LISA, REDONDA, ACO ZINCADO, M8, DIAMETRO EXTERNO 20 MM, DIAMETRO DO FURO 8 MM (5/16"")";UN;0.08
MATERIAL;11267;"ARRUELA LISA, REDONDA, DE LATAO POLIDO, DIAMETRO NOMINAL 5/8"", DIAMETRO EXTERNO = 34 MM, DIAMETRO DO FURO = 17 MM, ESPESSURA = *2,5* MM";UN;1.18
MATERIAL;379;ARRUELA QUADRADA EM ACO CARBONO, GALVANIZADA A FOGO (IMERSAO A QUENTE), DIMENSAO = 38 MM, ESPESSURA = 3 MM, DIAMETRO DO FURO = 18 MM;UN;1.19
MATERIAL;510;ASFALTO MODIFICADO TIPO I - NBR 9910 (ASFALTO OXIDADO PARA IMPERMEABILIZACAO, COEFICIENTE DE PENETRACAO 25-40);KG;12.64
MATERIAL;516;ASFALTO MODIFICADO TIPO II - NBR 9910 (ASFALTO OXIDADO PARA IMPERMEABILIZACAO, COEFICIENTE DE PENETRACAO 20-35);KG;14.97
MATERIAL;509;ASFALTO MODIFICADO TIPO III - NBR 9910 (ASFALTO OXIDADO PARA IMPERMEABILIZACAO, COEFICIENTE DE PENETRACAO 15-25);KG;16.8
MAO DE OBRA;40331;ASSENTADOR DE MANILHAS (HORISTA);H;24.44
MAO DE OBRA;40930;ASSENTADOR DE MANILHAS (MENSALISTA);MES;4283.14
MATERIAL;377;ASSENTO SANITARIO DE PLASTICO, TIPO CONVENCIONAL;UN;43.5
MATERIAL;11761;ASSENTO VASO SANITARIO INFANTIL EM PLASTICO BRANCO;UN;92.57
MATERIAL;7588;AUTOMATICO DE BOIA SUPERIOR / INFERIOR, *15* A / 250 V;UN;44.74
MAO DE OBRA;34551;AUXILIAR DE AZULEJISTA (HORISTA);H;22.51
MAO DE OBRA;41078;AUXILIAR DE AZULEJISTA (MENSALISTA);MES;3943.98
MAO DE OBRA;246;AUXILIAR DE ENCANADOR OU BOMBEIRO HIDRAULICO (HORISTA);H;25.07
MAO DE OBRA;40927;AUXILIAR DE ENCANADOR OU BOMBEIRO HIDRAULICO (MENSALISTA);MES;4391.65
MAO DE OBRA;2350;AUXILIAR DE ESCRITORIO (HORISTA);H;33.09
MAO DE OBRA;40812;AUXILIAR DE ESCRITORIO (MENSALISTA);MES;5797.01
MAO DE OBRA;245;AUXILIAR DE LABORATORISTA DE SOLOS E DE CONCRETO (HORISTA);H;42.03
MAO DE OBRA;41090;AUXILIAR DE LABORATORISTA DE SOLOS E DE CONCRETO (MENSALISTA);MES;7365.58
MAO DE OBRA;251;AUXILIAR DE MECANICO (HORISTA);H;25.07
MAO DE OBRA;40975;AUXILIAR DE MECANICO (MENSALISTA);MES;4391.65
MAO DE OBRA;6127;AUXILIAR DE PEDREIRO (HORISTA);H;25.07
MAO DE OBRA;41072;AUXILIAR DE PEDREIRO (MENSALISTA);MES;4391.65
MAO DE OBRA;6121;AUXILIAR DE SERVICOS GERAIS (HORISTA);H;22.51
MAO DE OBRA;41071;AUXILIAR DE SERVICOS GERAIS (MENSALISTA);MES;3942.96
MAO DE OBRA;244;AUXILIAR DE TOPOGRAFO (HORISTA);H;36.16
MAO DE OBRA;41093;AUXILIAR DE TOPOGRAFO (MENSALISTA);MES;6335.13
MAO DE OBRA;532;AUXILIAR TECNICO / ASSISTENTE DE ENGENHARIA (HORISTA);H;39.13
MAO DE OBRA;40931;AUXILIAR TECNICO / ASSISTENTE DE ENGENHARIA (MENSALISTA);MES;6856.68
MATERIAL;36150;AVENTAL DE SEGURANCA DE RASPA DE COURO 1,00 X 0,60 M;UN;45.88
MATERIAL;45262;AVENTAL EM PVC, FORRADO, *0,3* MM DE ESPESSURA, *1,15 X 0,70* M (COMPRIMENTO X LARGURA), 100% IMPERMEAVEL;UN;13.66
MAO DE OBRA;4760;AZULEJISTA OU LADRILHEIRO (HORISTA);H;27.39
MAO DE OBRA;41069;AZULEJISTA OU LADRILHEIRO (MENSALISTA);MES;4797.83
MATERIAL;10422;BACIA SANITARIA (VASO) COM CAIXA ACOPLADA, SIFAO APARENTE, DE LOUCA BRANCA (SEM ASSENTO);UN;479.11
MATERIAL;44019;BACIA SANITARIA (VASO) COM CAIXA ACOPLADA, SIFAO OCULTO / CARENADO, DE LOUCA BRANCA (SEM ASSENTO) - PADRAO ALTO;UN;663.21
MATERIAL;36520;BACIA SANITARIA (VASO) CONVENCIONAL PARA PCD, SEM FURO FRONTAL, DE LOUCA BRANCA (SEM ASSENTO);UN;806.39
MATERIAL;42319;BACIA SANITARIA (VASO) CONVENCIONAL PARA USO ESPECIFICO (HOSPITAIS, CLINICAS), COM FURO FRONTAL, DE LOUCA BRANCA, SEM ASSENTO;UN;722.57
MATERIAL;10420;BACIA SANITARIA (VASO) CONVENCIONAL, DE LOUCA BRANCA, SIFAO APARENTE, SAIDA VERTICAL (SEM ASSENTO);UN;256.32
MATERIAL;10421;BACIA SANITARIA (VASO) CONVENCIONAL, DE LOUCA COLORIDA, SIFAO APARENTE, SAIDA VERTICAL (SEM ASSENTO);UN;281.66
MATERIAL;11786;BACIA SANITARIA (VASO) INFANTIL, SIFONADO, DE LOUCA BRANCA, (SEM ASSENTO);UN;567.94
MATERIAL;45195;BALANCIM INDIVIDUAL, TIPO CADEIRA SUSPENSA SOBE E DESCE;UN;4816.7
MATERIAL;45226;BALDE DE PLASTICO CAPACIDADE 12 L;UN;16.27
MATERIAL;4815;BALDE VERMELHO PARA SINALIZACAO DE VIAS;UN;11.24
MATERIAL;541;BANCADA DE MARMORE SINTETICO COM UMA CUBA, 120 X *60* CM;UN;316.31
MATERIAL;542;BANCADA DE MARMORE SINTETICO COM UMA CUBA, 150 X *60* CM;UN;396.5
MATERIAL;540;BANCADA DE MARMORE SINTETICO COM UMA CUBA, 200 X *60* CM;UN;893.5
MATERIAL;38364;BANCADA/ BANCA EM GRANITO, POLIDO, TIPO ANDORINHA/ QUARTZ/ CASTELO/ CORUMBA OU OUTROS EQUIVALENTES DA REGIAO, COM CUBA INOX, FORMATO *120 X 60* CM, E= *2* CM;UN;932.91
MATERIAL;11692;BANCADA/ BANCA/ BALCAO/ TAMPO EM MARMORE BRANCO COMUM, POLIDO, LISO, ACABAMENTO RETO, E= *3* CM (SEM FUROS);M2;682.21
MATERIAL;1746;BANCADA/BANCA/PIA DE ACO INOXIDAVEL (AISI 430) COM 1 CUBA CENTRAL, COM VALVULA, ESCORREDOR DUPLO, DE *0,55 X 1,20* M;UN;249.9
MATERIAL;1748;BANCADA/BANCA/PIA DE ACO INOXIDAVEL (AISI 430) COM 1 CUBA CENTRAL, COM VALVULA, ESCORREDOR DUPLO, DE *0,55 X 1,40* M;UN;332.3
MATERIAL;1749;BANCADA/BANCA/PIA DE ACO INOXIDAVEL (AISI 430) COM 1 CUBA CENTRAL, COM VALVULA, ESCORREDOR DUPLO, DE *0,55 X 1,80* M;UN;481.45
MATERIAL;37412;BANCADA/BANCA/PIA DE ACO INOXIDAVEL (AISI 430) COM 1 CUBA CENTRAL, COM VALVULA, LISA (SEM ESCORREDOR), DE *0,55 X 1,20* M;UN;244.28
MATERIAL;1745;BANCADA/BANCA/PIA DE ACO INOXIDAVEL (AISI 430) COM 1 CUBA CENTRAL, SEM VALVULA, ESCORREDOR DUPLO, DE *0,55 X 1,60* M;UN;290.47
MATERIAL;1750;BANCADA/BANCA/PIA DE ACO INOXIDAVEL (AISI 430) COM 2 CUBAS, COM VALVULAS, ESCORREDOR DUPLO, DE *0,55 X 2,00* M;UN;678.8
MATERIAL;11687;BANCADA/TAMPO ACO INOX (AISI 304), LARGURA 60 CM, COM RODABANCA (NAO INCLUI PES DE APOIO);M;1081.54
MATERIAL;11689;BANCADA/TAMPO ACO INOX (AISI 304), LARGURA 70 CM, COM RODABANCA (NAO INCLUI PES DE APOIO);M;1355.1
MATERIAL;11693;BANCADA/TAMPO LISO (SEM CUBA) EM MARMORE SINTETICO;M2;350.72
MATERIAL;36215;BANCO ARTICULADO PARA BANHO, EM ACO INOX POLIDO, 70* CM X 45* CM;UN;976.69
MATERIAL;42439;BANCO COM ENCOSTO, 1,60M* DE COMPRIMENTO, EM TUBO DE ACO CARBONO E PINTURA NO PROCESSO ELETROSTATICO - PARA ACADEMIA AO AR LIVRE / ACADEMIA DA TERCEIRA IDADE - ATI;UN;1207.84
MATERIAL;38381;BANDEJA DE PINTURA PARA ROLO 23 CM;UN;13.01
MATERIAL;39621;BARRA ANTIPANICO DUPLA, CEGA EM LADO OPOSTO, COR CINZA;PAR;1398.41
MATERIAL;39624;BARRA ANTIPANICO DUPLA, PARA PORTA DE VIDRO, COR CINZA;PAR;1542.6
MATERIAL;39615;BARRA ANTIPANICO SIMPLES, CEGA EM LADO OPOSTO, COR CINZA;UN;623.35
MATERIAL;39620;BARRA ANTIPANICO SIMPLES, COM FECHADURA LADO OPOSTO, COR CINZA;UN;952.03
MATERIAL;39623;BARRA ANTIPANICO SIMPLES, PARA PORTA DE VIDRO, COR CINZA;UN;1019.7
MATERIAL;546;BARRA DE ACO CHATA, RETANGULAR (QUALQUER BITOLA);KG;8.89
MATERIAL;566;BARRA DE ACO CHATO, RETANGULAR, 19,05 MM X 3,17 MM (L X E), 0,47 KG/M;M;4.22
MATERIAL;565;BARRA DE ACO CHATO, RETANGULAR, 25,4 MM X 4,76 MM (L X E), 0,94 KG/M;M;8.36
MATERIAL;555;BARRA DE ACO CHATO, RETANGULAR, 25,4 MM X 6,35 MM (L X E), 1,2265 KG/M;M;10.9
MATERIAL;557;BARRA DE ACO CHATO, RETANGULAR, 38,1 MM X 12,7 MM (L X E), 3,79 KG/M;M;34.2
MATERIAL;552;BARRA DE ACO CHATO, RETANGULAR, 38,1 MM X 6,35 MM (L X E), 1,89 KG/M;M;16.97
MATERIAL;563;BARRA DE ACO CHATO, RETANGULAR, 38,1 MM X 9,53 MM (L X E), 2,84 KG/M;M;25.5
MATERIAL;549;BARRA DE ACO CHATO, RETANGULAR, 50,8 MM X 12,7 MM (L X E), 5,06 KG/M;M;45.9
MATERIAL;551;BARRA DE ACO CHATO, RETANGULAR, 50,8 MM X 25,4 MM (L X E), 10,12 KG/M;M;90.88
MATERIAL;559;BARRA DE ACO CHATO, RETANGULAR, 50,8 MM X 6,35 MM (L X E), 2,53 KG/M;M;22.72
MATERIAL;560;BARRA DE ACO CHATO, RETANGULAR, 50,8 MM X 7,94 MM (L X E), 3,162 KG/M;M;28.42
MATERIAL;547;BARRA DE ACO CHATO, RETANGULAR, 50,8 MM X 9,53 MM (L X E), 3,79KG/M;M;34.03
MATERIAL;36207;"BARRA DE APOIO EM ""L"", EM ACO INOX POLIDO 70 X 70 CM, DIAMETRO MINIMO 3 CM";UN;432.6
MATERIAL;36209;"BARRA DE APOIO EM ""L"", EM ACO INOX POLIDO 80 X 80 CM, DIAMETRO MINIMO 3 CM";UN;496.48
MATERIAL;36210;BARRA DE APOIO LATERAL ARTICULADA, COM TRAVA, EM ACO INOX POLIDO, 70 CM, DIAMETRO MINIMO 3 CM;UN;537.18
MATERIAL;36204;BARRA DE APOIO RETA, EM ACO INOX POLIDO, COMPRIMENTO 60CM, DIAMETRO MINIMO 3 CM;UN;190.46
MATERIAL;36205;BARRA DE APOIO RETA, EM ACO INOX POLIDO, COMPRIMENTO 70CM, DIAMETRO MINIMO 3 CM;UN;211.52
MATERIAL;36081;BARRA DE APOIO RETA, EM ACO INOX POLIDO, COMPRIMENTO 80CM, DIAMETRO MINIMO 3 CM;UN;225.54
MATERIAL;36206;BARRA DE APOIO RETA, EM ACO INOX POLIDO, COMPRIMENTO 90 CM, DIAMETRO MINIMO 3 CM;UN;236.29
MATERIAL;36218;BARRA DE APOIO RETA, EM ALUMINIO, COMPRIMENTO 60CM, DIAMETRO MINIMO 3 CM;UN;173.26
MATERIAL;36220;BARRA DE APOIO RETA, EM ALUMINIO, COMPRIMENTO 70CM, DIAMETRO MINIMO 3 CM;UN;198.68
MATERIAL;36080;BARRA DE APOIO RETA, EM ALUMINIO, COMPRIMENTO 80 CM, DIAMETRO MINIMO 3 CM;UN;214.9
MATERIAL;36223;BARRA DE APOIO RETA, EM ALUMINIO, COMPRIMENTO 90 CM, DIAMETRO MINIMO 3 CM;UN;225.03
MATERIAL;38127;BASE DE MISTURADOR MONOCOMANDO PARA CHUVEIRO, DE PAREDE (NAO INCLUI ACABAMENTOS);UN;433.82
MATERIAL;38060;"BASE PARA MASTRO DE PARA-RAIOS DIAMETRO NOMINAL 1 1/2""";UN;52.18
MATERIAL;10956;"BASE PARA MASTRO DE PARA-RAIOS DIAMETRO NOMINAL 2""";UN;57.23
MATERIAL;39380;BASE PARA RELE COM SUPORTE METALICO;UN;15.57
MATERIAL;44172;BASTIDOR PARA BLOCO M10;UN;6.37
EQUIPAMENTO (AQUISIÇÃO);37597;BATE-ESTACAS POR GRAVIDADE, POTENCIA160 HP, PESO DO MARTELO ATE 3 TONELADAS;UN;651367.18
MATERIAL;183;BATENTE / PORTAL / ADUELA / MARCO EM MADEIRA MACICA COM REBAIXO, E = *3* CM, L = *14* CM, PARA PORTAS DE GIRO DE *60 CM A 120* CM X *210* CM, CEDRINHO / ANGELIM COMERCIAL / TAURI / CURUPIXA / PEROBA / CUMARU OU EQUIVALENTE DA REGIAO (NAO INCLUI ALIZARES);JG;240
MATERIAL;184;BATENTE / PORTAL / ADUELA / MARCO EM MADEIRA MACICA COM REBAIXO, E = *3* CM, L = *14* CM, PARA PORTAS DE GIRO DE *60 CM A 120* CM X *210* CM, PINUS / EUCALIPTO / VIROLA OU EQUIVALENTE DA REGIAO (NAO INCLUI ALIZARES);JG;148.64
MATERIAL;181;BATENTE / PORTAL / ADUELA / MARCO EM MADEIRA MACICA COM REBAIXO, E = *3* CM, L = *16* CM, PARA PORTAS DE GIRO DE *60 CM A 120* CM X *210* CM, CEDRINHO / ANGELIM COMERCIAL / TAURI / CURUPIXA / PEROBA / CUMARU OU EQUIVALENTE DA REGIAO (NAO INCLUI ALIZARES);JG;320.51
MATERIAL;20001;BATENTE / PORTAL / ADUELA / MARCO EM MADEIRA MACICA COM REBAIXO, E = *3* CM, L = *16* CM, PARA PORTAS DE GIRO DE *60 CM A 120* CM X *210* CM, PINUS / EUCALIPTO / VIROLA OU EQUIVALENTE DA REGIAO (NAO INCLUI ALIZARES);JG;185.8
MATERIAL;39837;BATENTE/PORTAL/ADUELA/MARCO, EM MDF/PVC WOOD/POLIESTIRENO OU MADEIRA LAMINADA, L = *9,0* CM COM GUARNICAO REGULAVEL 2 FACES = *35* MM, PRIMER;JG;416.87
MATERIAL;43366;BENTONITA, ARGILA CONSTITUIDA POR MONTMORILONITA;KG;1.69
EQUIPAMENTO (AQUISIÇÃO);10535;BETONEIRA, CAPACIDADE NOMINAL 400 L, CAPACIDADE DE MISTURA 280 L, MOTOR ELETRICO TRIFASICO 220/380 V, POTENCIA 2 CV, SEM CARREGADOR;UN;5237.02
EQUIPAMENTO (AQUISIÇÃO);10537;BETONEIRA, CAPACIDADE NOMINAL 400 L, CAPACIDADE DE MISTURA 310 L, MOTOR A DIESEL, POTENCIA 5 CV, SEM CARREGADOR;UN;7141.87
EQUIPAMENTO (AQUISIÇÃO);13891;BETONEIRA, CAPACIDADE NOMINAL 400 L, CAPACIDADE DE MISTURA 310 L, MOTOR A GASOLINA, POTENCIA 5,5 CV, SEM CARREGADOR;UN;6550.71
EQUIPAMENTO (AQUISIÇÃO);36397;BETONEIRA, CAPACIDADE NOMINAL 600 L, CAPACIDADE DE MISTURA 360 L, MOTOR ELETRICO TRIFASICO 220/380V, POTENCIA 4CV, SEM CARREGADOR;UN;21303.13
EQUIPAMENTO (AQUISIÇÃO);36398;BETONEIRA, CAPACIDADE NOMINAL 600 L, CAPACIDADE DE MISTURA 440 L, MOTOR A DIESEL, POTENCIA 10 CV, COM CARREGADOR;UN;25892.18
MAO DE OBRA;647;BLASTER, DINAMITADOR OU CABO DE FOGO (HORISTA);H;33.02
MAO DE OBRA;40920;BLASTER, DINAMITADOR OU CABO DE FOGO (MENSALISTA);MES;5784.66
MATERIAL;715;BLOCO / TIJOLO DE VIDRO INCOLOR, CANELADO / ONDULADO, *19 X 19 X 8* CM (A X L X E);UN;18.07
MATERIAL;716;BLOCO / TIJOLO DE VIDRO INCOLOR, XADREZ, *20 X 20 X 10* CM (A X L X E);UN;20.43
MATERIAL;7270;BLOCO CERAMICO / TIJOLO VAZADO PARA ALVENARIA DE VEDACAO, 4 FUROS NA HORIZONTAL DE 9 X 9 X 19 CM (L X A X C);UN;0.82
MATERIAL;44460;BLOCO CERAMICO / TIJOLO VAZADO PARA ALVENARIA DE VEDACAO, 6 FUROS NA HORIZONTAL DE 11,5 X 19 X 29 CM (L X A X C);UN;1.38
MATERIAL;44461;BLOCO CERAMICO / TIJOLO VAZADO PARA ALVENARIA DE VEDACAO, 6 FUROS NA HORIZONTAL DE 11,5 X 19 X 39 CM (L X A X C);UN;1.88
MATERIAL;7267;BLOCO CERAMICO / TIJOLO VAZADO PARA ALVENARIA DE VEDACAO, 6 FUROS NA HORIZONTAL DE 9 X 14 X 19 CM (L X A X C);UN;0.69
MATERIAL;44458;BLOCO CERAMICO / TIJOLO VAZADO PARA ALVENARIA DE VEDACAO, 6 FUROS NA HORIZONTAL DE 9 X 14 X 24 CM (L X A X C);UN;0.84
MATERIAL;44457;BLOCO CERAMICO / TIJOLO VAZADO PARA ALVENARIA DE VEDACAO, 6 FUROS NA HORIZONTAL DE 9 X 19 X 39 CM (L X A X C);UN;1.63
MATERIAL;7271;BLOCO CERAMICO / TIJOLO VAZADO PARA ALVENARIA DE VEDACAO, 8 FUROS NA HORIZONTAL DE 9 X 19 X 19 CM (L X A X C);UN;0.88
MATERIAL;7268;BLOCO CERAMICO / TIJOLO VAZADO PARA ALVENARIA DE VEDACAO, 8 FUROS NA HORIZONTAL DE 9 X 19 X 29 CM (L X A X C);UN;1.37
MATERIAL;44459;BLOCO CERAMICO / TIJOLO VAZADO PARA ALVENARIA DE VEDACAO, 9 FUROS NA HORIZONTAL DE 11,5 X 14 X 24 CM (L X A X C);UN;0.88
MATERIAL;44462;BLOCO CERAMICO / TIJOLO VAZADO PARA ALVENARIA DE VEDACAO, 9 FUROS NA HORIZONTAL DE 14 X 19 X 29 CM (L X A X C);UN;1.57
MATERIAL;44463;BLOCO CERAMICO / TIJOLO VAZADO PARA ALVENARIA DE VEDACAO, 9 FUROS NA HORIZONTAL DE 14 X 19 X 39 CM (L X A X C);UN;2.02
MATERIAL;44464;BLOCO CERAMICO / TIJOLO VAZADO PARA ALVENARIA DE VEDACAO, 9 FUROS NA HORIZONTAL DE 19 X 19 X 29 CM (L X A X C);UN;2.09
MATERIAL;44465;BLOCO CERAMICO / TIJOLO VAZADO PARA ALVENARIA DE VEDACAO, 9 FUROS NA HORIZONTAL DE 19 X 19 X 39 CM (L X A X C);UN;2.87
MATERIAL;38783;BLOCO CERAMICO / TIJOLO VAZADO PARA ALVENARIA DE VEDACAO, FUROS NA HORIZONTAL DE 11,5 X 19 X 19 CM (L X A X C);UN;1
MATERIAL;44466;BLOCO CERAMICO / TIJOLO VAZADO PARA ALVENARIA DE VEDACAO, FUROS NA VERTICAL DE 11,5 X 19 X 29 CM (L X A X C);UN;2.04
MATERIAL;44467;BLOCO CERAMICO / TIJOLO VAZADO PARA ALVENARIA DE VEDACAO, FUROS NA VERTICAL DE 11,5 X 19 X 39 CM (L X A X C);UN;2.45
MATERIAL;44468;BLOCO CERAMICO / TIJOLO VAZADO PARA ALVENARIA DE VEDACAO, FUROS NA VERTICAL DE 14 X 19 X 29 CM (L X A X C);UN;2.13
MATERIAL;37593;BLOCO CERAMICO / TIJOLO VAZADO PARA ALVENARIA DE VEDACAO, FUROS NA VERTICAL DE 14 X 19 X 39 CM (L X A X C);UN;2.74
MATERIAL;37594;BLOCO CERAMICO / TIJOLO VAZADO PARA ALVENARIA DE VEDACAO, FUROS NA VERTICAL DE 19 X 19 X 39 CM (L X A X C);UN;3.26
MATERIAL;37592;BLOCO CERAMICO / TIJOLO VAZADO PARA ALVENARIA DE VEDACAO, FUROS NA VERTICAL DE 9 X 19 X 39 CM (L X A X C);UN;2.17
MATERIAL;41372;BLOCO CONCRETO CELULAR AUTOCLAVADO 12,5 X 30 X 60 CM (E X A X C);M2;157.13
MATERIAL;41371;BLOCO CONCRETO CELULAR AUTOCLAVADO 7,5 X 30 X 60 CM (E X A X C);M2;92.88
MATERIAL;34556;BLOCO DE CONCRETO ESTRUTURAL 14 X 19 X 29 CM (L X A X C) - FBK 10,0 MPA;UN;5.27
MATERIAL;37873;BLOCO DE CONCRETO ESTRUTURAL 14 X 19 X 29 CM (L X A X C) - FBK 12,0 MPA;UN;5.36
MATERIAL;34565;BLOCO DE CONCRETO ESTRUTURAL 14 X 19 X 29 CM (L X A X C) - FBK 16,0 MPA;UN;5.94
MATERIAL;34566;BLOCO DE CONCRETO ESTRUTURAL 14 X 19 X 29 CM (L X A X C) - FBK 6,0 MPA;UN;4.61
MATERIAL;34564;BLOCO DE CONCRETO ESTRUTURAL 14 X 19 X 29 CM, FBK 14 MPA (NBR 6136);UN;5.62
MATERIAL;38590;BLOCO DE CONCRETO ESTRUTURAL 14 X 19 X 29 CM, FBK 4,5 MPA (NBR 6136);UN;4.39
MATERIAL;34567;BLOCO DE CONCRETO ESTRUTURAL 14 X 19 X 29 CM, FBK 8 MPA (NBR 6136);UN;4.89
MATERIAL;38591;BLOCO DE CONCRETO ESTRUTURAL 14 X 19 X 34 CM, FBK 4,5 MPA (NBR 6136);UN;4.44
MATERIAL;34568;BLOCO DE CONCRETO ESTRUTURAL 14 X 19 X 39 CM (L X A X C) - FBK 10,0 MPA;UN;5.78
MATERIAL;34569;BLOCO DE CONCRETO ESTRUTURAL 14 X 19 X 39 CM (L X A X C) - FBK 12,0 MPA;UN;5.94
MATERIAL;37107;BLOCO DE CONCRETO ESTRUTURAL 14 X 19 X 39 CM (L X A X C) - FBK 16,0 MPA;UN;6.81
MATERIAL;34571;BLOCO DE CONCRETO ESTRUTURAL 14 X 19 X 39 CM (L X A X C) - FBK 6,0 MPA;UN;4.9
MATERIAL;34570;BLOCO DE CONCRETO ESTRUTURAL 14 X 19 X 39 CM, FBK 14 MPA (NBR 6136);UN;6.45
MATERIAL;25070;BLOCO DE CONCRETO ESTRUTURAL 14 X 19 X 39 CM, FBK 4,5 MPA (NBR 6136);UN;4.85
MATERIAL;34573;BLOCO DE CONCRETO ESTRUTURAL 14 X 19 X 39 CM, FBK 8 MPA (NBR 6136);UN;5.15
MATERIAL;34576;BLOCO DE CONCRETO ESTRUTURAL 19 X 19 X 39 CM, FBK 10 MPA (NBR 6136);UN;7.51
MATERIAL;34577;BLOCO DE CONCRETO ESTRUTURAL 19 X 19 X 39 CM, FBK 12 MPA (NBR 6136);UN;7.84
MATERIAL;34578;BLOCO DE CONCRETO ESTRUTURAL 19 X 19 X 39 CM, FBK 14 MPA (NBR 6136);UN;8.5
MATERIAL;34579;BLOCO DE CONCRETO ESTRUTURAL 19 X 19 X 39 CM, FBK 16 MPA (NBR 6136);UN;9.06
MATERIAL;25067;BLOCO DE CONCRETO ESTRUTURAL 19 X 19 X 39 CM, FBK 4,5 MPA (NBR 6136);UN;6.07
MATERIAL;34580;BLOCO DE CONCRETO ESTRUTURAL 19 X 19 X 39 CM, FBK 8 MPA (NBR 6136);UN;6.77
MATERIAL;25071;BLOCO DE CONCRETO ESTRUTURAL 9 X 19 X 39 CM, FBK 4,5 MPA (NBR 6136);UN;3.37
MATERIAL;44171;BLOCO DE ENGATE RAPIDO PARA BASTIDOR TIPO M10;UN;18.18
MATERIAL;38395;BLOCO DE ESPUMA MULTIUSO *23X 13 X 8* CM;UN;10.73
MATERIAL;34583;BLOCO DE GESSO COMPACTO / MACICO, BRANCO, E = 10 CM, DIMENSOES *67 X 50* CM;M2;59.1
MATERIAL;34584;BLOCO DE GESSO VAZADO, BRANCO, E = *7* CM, DIMENSOES *67 X 50* CM;M2;43.34
MATERIAL;709;BLOCO DE POLIETILENO ALTA DENSIDADE, *27* X *30* X *100* CM, ACOMPANHADOS PLACAS TERMINAIS E LONGARINAS, PARA FUNDO DE FILTRO;M2;817.66
MATERIAL;34592;BLOCO DE VEDACAO CONCRETO 14 X 19 X 29 CM (CLASSE C - NBR 6136);UN;3.86
MATERIAL;34599;BLOCO DE VEDACAO CONCRETO APARENTE 9 X 19 X 39 CM (CLASSE C - NBR 6136);UN;3.46
MATERIAL;651;BLOCO DE VEDACAO DE CONCRETO 14 X 19 X 39 CM (CLASSE C - NBR 6136);UN;4.25
MATERIAL;654;BLOCO DE VEDACAO DE CONCRETO 19 X 19 X 39 CM (CLASSE C - NBR 6136);UN;5.27
MATERIAL;37103;BLOCO DE VEDACAO DE CONCRETO APARENTE 14 X 19 X 39 CM (CLASSE C - NBR 6136);UN;4.41
MATERIAL;34555;BLOCO DE VEDACAO DE CONCRETO APARENTE 19 X 19 X 39 CM (CLASSE C - NBR 6136);UN;5.6
MATERIAL;674;BLOCO DE VEDACAO DE CONCRETO CELULAR AUTOCLAVADO 10 X 30 X 60 CM (E X A X C);M2;111.96
MATERIAL;34600;BLOCO DE VEDACAO DE CONCRETO CELULAR AUTOCLAVADO 15 X 30 X 60 CM (E X A X C);M2;164.45
MATERIAL;652;BLOCO DE VEDACAO DE CONCRETO CELULAR AUTOCLAVADO 20 X 30 X 60 CM (E X A X C);M2;251.92
MATERIAL;650;BLOCO DE VEDACAO DE CONCRETO, 9 X 19 X 39 CM (CLASSE C - NBR 6136);UN;3.4
MATERIAL;718;BLOCO DE VIDRO / ELEMENTO VAZADO, INCOLOR, VENEZIANA, *20 X 20 X 6* CM (A X L X E);UN;17.85
MATERIAL;11981;BLOCO DE VIDRO / ELEMENTO VAZADO, INCOLOR, VENEZIANA, DE *20 X 10 X 8* CM (A X L X E);UN;17.34
MATERIAL;34586;BLOCO ESTRUTURAL CERAMICO DE 14 X 19 X 29 CM (L X A X C) E 6,0 MPA;UN;2.17
MATERIAL;38603;BLOCO ESTRUTURAL CERAMICO DE 14 X 19 X 34 CM (L X A X C) E 6,0 MPA;UN;2.58
MATERIAL;34588;BLOCO ESTRUTURAL CERAMICO DE 14 X 19 X 39 CM (L X A X C) E 6,0 MPA;UN;2.93
MATERIAL;34590;BLOCO ESTRUTURAL CERAMICO DE 19 X 19 X 29 CM (L X A X C) E 6,0 MPA;UN;2.9
MATERIAL;34591;BLOCO ESTRUTURAL CERAMICO DE 19 X 19 X 39 CM (L X A X C) E 6,0 MPA;UN;3.54
MATERIAL;40517;BLOQUETE/PISO DE CONCRETO - MODELO PISOGRAMA/CONCREGRAMA 2 FUROS, DIMENSOES APROX. DE *35 X 15* CM E ESPESSURA DE 7 CM (+/- 1 CM), COR NATURAL;M2;94.28
MATERIAL;40515;BLOQUETE/PISO DE CONCRETO - MODELO PISOGRAMA/CONCREGRAMA/PAVI-GRADE/GRAMEIRO, DIMENSOES APROXIMADAS DE *60 X 45* CM E ESPESSURA DE 8 CM (+/- 1 CM), COR NATURAL;M2;103.71
MATERIAL;40524;BLOQUETE/PISO INTERTRAVADO DE CONCRETO - MODELO ONDA/16 FACES/RETANGULAR/TIJOLINHO/PAVER/HOLANDES/PARALELEPIPEDO, *20 X 10* CM, E = 10 CM, RESISTENCIA DE 35 MPA, COR NATURAL;M2;107.75
MATERIAL;40529;BLOQUETE/PISO INTERTRAVADO DE CONCRETO - MODELO ONDA/16 FACES/RETANGULAR/TIJOLINHO/PAVER/HOLANDES/PARALELEPIPEDO, *20 X 10* CM, E = 10 CM, RESISTENCIA DE 50 MPA, COR NATURAL;M2;170.85
MATERIAL;36156;BLOQUETE/PISO INTERTRAVADO DE CONCRETO - MODELO ONDA/16 FACES/RETANGULAR/TIJOLINHO/PAVER/HOLANDES/PARALELEPIPEDO, *20 X 10* CM, E = 6 CM, RESISTENCIA DE 35 MPA, COLORIDO;M2;102.08
MATERIAL;36155;BLOQUETE/PISO INTERTRAVADO DE CONCRETO - MODELO ONDA/16 FACES/RETANGULAR/TIJOLINHO/PAVER/HOLANDES/PARALELEPIPEDO, *20 X 10* CM, E = 6 CM, RESISTENCIA DE 35 MPA, COR NATURAL;M2;80.81
MATERIAL;36154;BLOQUETE/PISO INTERTRAVADO DE CONCRETO - MODELO ONDA/16 FACES/RETANGULAR/TIJOLINHO/PAVER/HOLANDES/PARALELEPIPEDO, *20 X 10* CM, E = 8 CM, RESISTENCIA DE 35 MPA, COLORIDO;M2;121.93
MATERIAL;36170;BLOQUETE/PISO INTERTRAVADO DE CONCRETO - MODELO ONDA/16 FACES/RETANGULAR/TIJOLINHO/PAVER/HOLANDES/PARALELEPIPEDO, *20 X 10* CM, E = 8 CM, RESISTENCIA DE 35 MPA, COR NATURAL;M2;92.16
MATERIAL;695;BLOQUETE/PISO INTERTRAVADO DE CONCRETO - MODELO RAQUETE, *22 X 13,5* CM, E = 6 CM, RESISTENCIA DE 35 MPA, COR NATURAL;M2;102.43
MATERIAL;679;BLOQUETE/PISO INTERTRAVADO DE CONCRETO - MODELO SEXTAVADO / HEXAGONAL, *25 X 25* CM, E = 10 CM, RESISTENCIA DE 35 MPA, COR NATURAL;M2;146.17
MATERIAL;711;BLOQUETE/PISO INTERTRAVADO DE CONCRETO - MODELO SEXTAVADO / HEXAGONAL, *25 X 25* CM, E = 6 CM, RESISTENCIA DE 35 MPA, COR NATURAL;M2;92.16
MATERIAL;712;BLOQUETE/PISO INTERTRAVADO DE CONCRETO - MODELO SEXTAVADO / HEXAGONAL, *25 X 25* CM, E = 8 CM, RESISTENCIA DE 35 MPA, COR NATURAL;M2;110.59
MATERIAL;12614;BOCAL PVC, PARA CALHA PLUVIAL, DIAMETRO DA SAIDA ENTRE *75 E 120* MM, PARA DRENAGEM PLUVIAL PREDIAL;UN;71.76
MATERIAL;6140;"BOLSA DE LIGACAO EM PVC FLEXIVEL PARA VASO SANITARIO 40 MM (1 1/2"")";UN;5.13
MATERIAL;38399;BOLSA DE LONA PARA FERRAMENTAS *50 X 35 X 25* CM;UN;187.89
EQUIPAMENTO (AQUISIÇÃO);729;"BOMBA CENTRIFUGA COM MOTOR ELETRICO MONOFASICO, POTENCIA 0,33 HP, BOCAIS 1"" X 3/4"", DIAMETRO DO ROTOR 99 MM, HM/Q = 4 MCA / 8,5 M3/H A 18 MCA / 0,90 M3/H";UN;728.73
EQUIPAMENTO (AQUISIÇÃO);39925;BOMBA CENTRIFUGA MONOESTAGIO COM MOTOR ELETRICO MONOFASICO, POTENCIA 15 HP, DIAMETRO DO ROTOR *173* MM, HM/Q = *30* MCA / *90* M3/H A *45* MCA / *55* M3/H;UN;10530.08
EQUIPAMENTO (AQUISIÇÃO);731;"BOMBA CENTRIFUGA MOTOR ELETRICO MONOFASICO 0,49 HP BOCAIS 1"" X 3/4"", DIAMETRO DO ROTOR 110 MM, HM/Q: 6 M / 8,3 M3/H A 20 M / 1,2 M3/H";UN;709.23
EQUIPAMENTO (AQUISIÇÃO);732;"BOMBA CENTRIFUGA MOTOR ELETRICO TRIFASICO 0,99HP DIAMETRO DE SUCCAO X ELEVACAO 1"" X 1"", DIAMETRO DO ROTOR 145 MM, HM/Q: 14 M / 8,4 M3/H A 40 M / 0,60 M3/H";UN;1195.53
EQUIPAMENTO (AQUISIÇÃO);735;"BOMBA CENTRIFUGA MOTOR ELETRICO TRIFASICO 1,48HP DIAMETRO DE SUCCAO X ELEVACAO 1"" X 1"", 4 ESTAGIOS, DIAMETRO DOS ROTORES 3 X 107 MM + 1 X 100 MM, HM/Q: 10 M / 5,3 M3/H A 70 M / 1,8 M3/H";UN;2126.79
EQUIPAMENTO (AQUISIÇÃO);736;"BOMBA CENTRIFUGA MOTOR ELETRICO TRIFASICO 2,96HP, DIAMETRO DE SUCCAO X ELEVACAO 1 1/2"" X 1 1/4"", DIAMETRO DO ROTOR 148 MM, HM/Q: 34 M / 14,80 M3/H A 40 M / 8,60 M3/H";UN;1788.24
EQUIPAMENTO (AQUISIÇÃO);740;"BOMBA CENTRIFUGA MOTOR ELETRICO TRIFASICO 9,86 DIAMETRO DE SUCCAO X ELEVACAO 1"" X 1"", 4 ESTAGIOS, DIAMETRO DOS ROTORES 4 X 146 MM, HM/Q: 85 M / 14,9 M3/H A 140 M / 4,2 M3/H";UN;6306.88
EQUIPAMENTO (AQUISIÇÃO);734;"BOMBA CENTRIFUGA, MOTOR ELETRICO TRIFASICO 1,48HP DIAMETRO DE SUCCAO X ELEVACAO 1 1/2"" X 1"", DIAMETRO DO ROTOR 117 MM, HM/Q: 10 M / 21,9 M3/H A 24 M / 6,1 M3/H";UN;1281.61
EQUIPAMENTO (AQUISIÇÃO);39008;BOMBA DE PROJECAO DE CONCRETO SECO, POTENCIA 10 CV, VAZAO 3 M3/H;UN;63840.87
EQUIPAMENTO (AQUISIÇÃO);39009;BOMBA DE PROJECAO DE CONCRETO SECO, POTENCIA 10 CV, VAZAO 6 M3/H;UN;68397.58
EQUIPAMENTO (AQUISIÇÃO);10592;BOMBA SUBMERSIVEL, ELETRICA, TRIFASICA, POTENCIA 0,99 HP, DIAMETRO ROTOR 98 MM SEMIABERTO, BOCAL DE SAIDA DIAMETRO 2 POLEGADAS, HM/Q = 2 M / 28,90 M3/H A 14 M / 7 M3/H;UN;5525
EQUIPAMENTO (AQUISIÇÃO);751;BOMBA SUBMERSIVEL, ELETRICA, TRIFASICA, POTENCIA 2,96 HP, DIAMETRO DO ROTOR 144 MM SEMIABERTO, BOCAL DE SAIDA DIAMETRO DE DUAS POLEGADAS, HM/Q = 2 M / 38,8 M3/H A 28 M / 5 M3/H;UN;6526.4
EQUIPAMENTO (AQUISIÇÃO);754;BOMBA SUBMERSIVEL, ELETRICA, TRIFASICA, POTENCIA 3,75 HP, DIAMETRO DO ROTOR 90 MM SEMIABERTO, BOCAL DE SAIDA DIAMETRO DE 2 POLEGADAS, HM/Q = 5 M / 61,2 M3/H A 25,5 M / 3,6 M3/H;UN;10359.37
EQUIPAMENTO (AQUISIÇÃO);39917;BOMBA TRIPLEX, PARA INJECAO DE CALDA DE CIMENTO, VAZAO MAXIMA DE *100* LITROS/MINUTO, PRESSAO MAXIMA DE *70* BAR, POTENCIA DE 15 CV;UN;98064.18
MATERIAL;38167;BORBOLETA PARA JANELA TIPO GUILHOTINA, EM ZAMAC CROMADO;PAR;27.34
MATERIAL;36145;BOTA DE PVC PRETA, CANO MEDIO, SEM FORRO;PAR;49.16
MATERIAL;12893;BOTA DE SEGURANCA COM BIQUEIRA DE ACO E COLARINHO ACOLCHOADO;PAR;86.52
MATERIAL;11685;"BRACO / CANO PARA CHUVEIRO ELETRICO, EM ALUMINIO, 30 CM X 1/2""";UN;29.6
MATERIAL;11680;"BRACO OU HASTE COM CANOPLA PLASTICA, 1/2"", PARA CHUVEIRO SIMPLES";UN;20.58
MATERIAL;11679;"BRACO OU HASTE RETA COM CANOPLA PLASTICA, 1/2"", PARA CHUVEIRO ELETRICO";UN;27.9
MATERIAL;2512;BRACO P/ LUMINARIA PUBLICA 1 X 1,50M ROMAGNOLE OU EQUIV;UN;29.94
MATERIAL;45203;BROCHA RETANGULAR, *15 X 5* CM;UN;10.1
MATERIAL;4374;BUCHA DE NYLON SEM ABA S10;UN;0.18
MATERIAL;7568;BUCHA DE NYLON SEM ABA S10, COM PARAFUSO DE 6,10 X 65 MM EM ACO ZINCADO COM ROSCA SOBERBA, CABECA CHATA E FENDA PHILLIPS;UN;0.3
MATERIAL;7584;"BUCHA DE NYLON SEM ABA S12, COM PARAFUSO DE 5/16"" X 80 MM EM ACO ZINCADO COM ROSCA SOBERBA E CABECA SEXTAVADA";UN;0.46
MATERIAL;11945;BUCHA DE NYLON SEM ABA S4;UN;0.03
MATERIAL;11946;BUCHA DE NYLON SEM ABA S5;UN;0.03
MATERIAL;4375;BUCHA DE NYLON SEM ABA S6;UN;0.05
MATERIAL;11950;BUCHA DE NYLON SEM ABA S6, COM PARAFUSO DE 4,20 X 40 MM EM ACO ZINCADO COM ROSCA SOBERBA, CABECA CHATA E FENDA PHILLIPS;UN;0.1
MATERIAL;4376;BUCHA DE NYLON SEM ABA S8;UN;0.09
MATERIAL;7583;BUCHA DE NYLON SEM ABA S8, COM PARAFUSO DE 4,80 X 50 MM EM ACO ZINCADO COM ROSCA SOBERBA, CABECA CHATA E FENDA PHILLIPS;UN;0.2
MATERIAL;4350;BUCHA DE NYLON, DIAMETRO DO FURO 8 MM, COMPRIMENTO 40 MM, COM PARAFUSO DE ROSCA SOBERBA, CABECA CHATA, FENDA SIMPLES, 4,8 X 50 MM;UN;0.59
MATERIAL;44400;BUCHA DE REDUCAO CPVC, SOLDAVEL, 54 X 28 MM, PARA AGUA QUENTE;UN;33.12
MATERIAL;39886;BUCHA DE REDUCAO DE COBRE SEM ANEL DE SOLDA, PONTA X BOLSA, 22 X 15 MM;UN;8.18
MATERIAL;39887;BUCHA DE REDUCAO DE COBRE SEM ANEL DE SOLDA, PONTA X BOLSA, 28 X 22 MM;UN;12.27
MATERIAL;39888;BUCHA DE REDUCAO DE COBRE SEM ANEL DE SOLDA, PONTA X BOLSA, 35 X 28 MM;UN;28.05
MATERIAL;39890;BUCHA DE REDUCAO DE COBRE SEM ANEL DE SOLDA, PONTA X BOLSA, 42 X 35 MM;UN;47.88
MATERIAL;39891;BUCHA DE REDUCAO DE COBRE SEM ANEL DE SOLDA, PONTA X BOLSA, 54 X 42 MM;UN;67.51
MATERIAL;39892;BUCHA DE REDUCAO DE COBRE SEM ANEL DE SOLDA, PONTA X BOLSA, 66 X 54 MM;UN;210.42
MATERIAL;790;"BUCHA DE REDUCAO DE FERRO GALVANIZADO, COM ROSCA BSP, DE 1 1/2"" X 1 1/4""";UN;22.43
MATERIAL;791;"BUCHA DE REDUCAO DE FERRO GALVANIZADO, COM ROSCA BSP, DE 1 1/2"" X 1""";UN;22.43
MATERIAL;766;"BUCHA DE REDUCAO DE FERRO GALVANIZADO, COM ROSCA BSP, DE 1 1/2"" X 1/2""";UN;22.43
MATERIAL;767;"BUCHA DE REDUCAO DE FERRO GALVANIZADO, COM ROSCA BSP, DE 1 1/2"" X 3/4""";UN;22.43
MATERIAL;789;"BUCHA DE REDUCAO DE FERRO GALVANIZADO, COM ROSCA BSP, DE 1 1/4"" X 1""";UN;17.24
MATERIAL;768;"BUCHA DE REDUCAO DE FERRO GALVANIZADO, COM ROSCA BSP, DE 1 1/4"" X 1/2""";UN;17.61
MATERIAL;769;"BUCHA DE REDUCAO DE FERRO GALVANIZADO, COM ROSCA BSP, DE 1 1/4"" X 3/4""";UN;17.61
MATERIAL;764;"BUCHA DE REDUCAO DE FERRO GALVANIZADO, COM ROSCA BSP, DE 1"" X 1/2""";UN;10.84
MATERIAL;765;"BUCHA DE REDUCAO DE FERRO GALVANIZADO, COM ROSCA BSP, DE 1"" X 3/4""";UN;10.84
MATERIAL;770;"BUCHA DE REDUCAO DE FERRO GALVANIZADO, COM ROSCA BSP, DE 1/2"" X 1/4""";UN;6.22
MATERIAL;12394;"BUCHA DE REDUCAO DE FERRO GALVANIZADO, COM ROSCA BSP, DE 1/2"" X 3/8""";UN;6.22
MATERIAL;787;"BUCHA DE REDUCAO DE FERRO GALVANIZADO, COM ROSCA BSP, DE 2 1/2"" X 1 1/2""";UN;48.42
MATERIAL;774;"BUCHA DE REDUCAO DE FERRO GALVANIZADO, COM ROSCA BSP, DE 2 1/2"" X 1 1/4""";UN;48.42
MATERIAL;773;"BUCHA DE REDUCAO DE FERRO GALVANIZADO, COM ROSCA BSP, DE 2 1/2"" X 1""";UN;48.42
MATERIAL;775;"BUCHA DE REDUCAO DE FERRO GALVANIZADO, COM ROSCA BSP, DE 2 1/2"" X 2""";UN;48.42
MATERIAL;788;"BUCHA DE REDUCAO DE FERRO GALVANIZADO, COM ROSCA BSP, DE 2"" X 1 1/2""";UN;30.09
MATERIAL;772;"BUCHA DE REDUCAO DE FERRO GALVANIZADO, COM ROSCA BSP, DE 2"" X 1 1/4""";UN;30.09
MATERIAL;771;"BUCHA DE REDUCAO DE FERRO GALVANIZADO, COM ROSCA BSP, DE 2"" X 1""";UN;30.09
MATERIAL;776;"BUCHA DE REDUCAO DE FERRO GALVANIZADO, COM ROSCA BSP, DE 3"" X 1 1/2""";UN;71.38
MATERIAL;777;"BUCHA DE REDUCAO DE FERRO GALVANIZADO, COM ROSCA BSP, DE 3"" X 1 1/4""";UN;69.39
MATERIAL;780;"BUCHA DE REDUCAO DE FERRO GALVANIZADO, COM ROSCA BSP, DE 3"" X 2 1/2""";UN;69.74
MATERIAL;778;"BUCHA DE REDUCAO DE FERRO GALVANIZADO, COM ROSCA BSP, DE 3"" X 2""";UN;71.38
MATERIAL;779;"BUCHA DE REDUCAO DE FERRO GALVANIZADO, COM ROSCA BSP, DE 3/4"" X 1/2""";UN;7.48
MATERIAL;781;"BUCHA DE REDUCAO DE FERRO GALVANIZADO, COM ROSCA BSP, DE 4"" X 2 1/2""";UN;131.88
MATERIAL;786;"BUCHA DE REDUCAO DE FERRO GALVANIZADO, COM ROSCA BSP, DE 4"" X 2""";UN;131.88
MATERIAL;782;"BUCHA DE REDUCAO DE FERRO GALVANIZADO, COM ROSCA BSP, DE 4"" X 3""";UN;131.88
MATERIAL;783;"BUCHA DE REDUCAO DE FERRO GALVANIZADO, COM ROSCA BSP, DE 5"" X 4""";UN;360.96
MATERIAL;785;"BUCHA DE REDUCAO DE FERRO GALVANIZADO, COM ROSCA BSP, DE 6"" X 4""";UN;381.38
MATERIAL;784;"BUCHA DE REDUCAO DE FERRO GALVANIZADO, COM ROSCA BSP, DE 6"" X 5""";UN;409.13
MATERIAL;828;BUCHA DE REDUCAO DE PVC, SOLDAVEL, CURTA, COM 25 X 20 MM, PARA AGUA FRIA PREDIAL;UN;0.74
MATERIAL;829;BUCHA DE REDUCAO DE PVC, SOLDAVEL, CURTA, COM 32 X 25 MM, PARA AGUA FRIA PREDIAL;UN;1.2
MATERIAL;812;BUCHA DE REDUCAO DE PVC, SOLDAVEL, CURTA, COM 40 X 32 MM, PARA AGUA FRIA PREDIAL;UN;2.65
MATERIAL;819;BUCHA DE REDUCAO DE PVC, SOLDAVEL, CURTA, COM 50 X 40 MM, PARA AGUA FRIA PREDIAL;UN;4.59
MATERIAL;818;BUCHA DE REDUCAO DE PVC, SOLDAVEL, CURTA, COM 60 X 50 MM, PARA AGUA FRIA PREDIAL;UN;8.57
MATERIAL;20086;BUCHA DE REDUCAO DE PVC, SOLDAVEL, LONGA, 50 X 40 MM, PARA ESGOTO PREDIAL;UN;4.1
MATERIAL;832;BUCHA DE REDUCAO DE PVC, SOLDAVEL, LONGA, COM 32 X 20 MM, PARA AGUA FRIA PREDIAL;UN;3.54
MATERIAL;834;BUCHA DE REDUCAO DE PVC, SOLDAVEL, LONGA, COM 40 X 25 MM, PARA AGUA FRIA PREDIAL;UN;4.58
MATERIAL;813;BUCHA DE REDUCAO DE PVC, SOLDAVEL, LONGA, COM 50 X 25 MM, PARA AGUA FRIA PREDIAL;UN;5.33
MATERIAL;820;BUCHA DE REDUCAO DE PVC, SOLDAVEL, LONGA, COM 50 X 32 MM, PARA AGUA FRIA PREDIAL;UN;7.18
MATERIAL;816;BUCHA DE REDUCAO DE PVC, SOLDAVEL, LONGA, COM 60 X 25 MM, PARA AGUA FRIA PREDIAL;UN;12.79
MATERIAL;814;BUCHA DE REDUCAO DE PVC, SOLDAVEL, LONGA, COM 60 X 32 MM, PARA AGUA FRIA PREDIAL;UN;15.89
MATERIAL;822;BUCHA DE REDUCAO DE PVC, SOLDAVEL, LONGA, COM 60 X 50 MM, PARA AGUA FRIA PREDIAL;UN;20.74
MATERIAL;821;BUCHA DE REDUCAO DE PVC, SOLDAVEL, LONGA, COM 75 X 50 MM, PARA AGUA FRIA PREDIAL;UN;23.72
MATERIAL;39191;"BUCHA DE REDUCAO EM ALUMINIO, COM ROSCA, DE 1 1/2"" X 1 1/4"", PARA ELETRODUTO";UN;25.91
MATERIAL;39190;"BUCHA DE REDUCAO EM ALUMINIO, COM ROSCA, DE 1 1/2"" X 1"", PARA ELETRODUTO";UN;27.07
MATERIAL;39189;"BUCHA DE REDUCAO EM ALUMINIO, COM ROSCA, DE 1 1/2"" X 3/4"", PARA ELETRODUTO";UN;28.65
MATERIAL;39188;"BUCHA DE REDUCAO EM ALUMINIO, COM ROSCA, DE 1 1/4"" X 1"", PARA ELETRODUTO";UN;21.09
MATERIAL;39186;"BUCHA DE REDUCAO EM ALUMINIO, COM ROSCA, DE 1 1/4"" X 1/2"", PARA ELETRODUTO";UN;25.63
MATERIAL;39187;"BUCHA DE REDUCAO EM ALUMINIO, COM ROSCA, DE 1 1/4"" X 3/4"", PARA ELETRODUTO";UN;22.1
MATERIAL;39184;"BUCHA DE REDUCAO EM ALUMINIO, COM ROSCA, DE 1"" X 1/2"", PARA ELETRODUTO";UN;8.31
MATERIAL;39185;"BUCHA DE REDUCAO EM ALUMINIO, COM ROSCA, DE 1"" X 3/4"", PARA ELETRODUTO";UN;7.58
MATERIAL;39198;"BUCHA DE REDUCAO EM ALUMINIO, COM ROSCA, DE 2 1/2"" X 1 1/2"", PARA ELETRODUTO";UN;85
MATERIAL;39197;"BUCHA DE REDUCAO EM ALUMINIO, COM ROSCA, DE 2 1/2"" X 1 1/4"", PARA ELETRODUTO";UN;88.79
MATERIAL;39196;"BUCHA DE REDUCAO EM ALUMINIO, COM ROSCA, DE 2 1/2"" X 1"", PARA ELETRODUTO";UN;91.57
MATERIAL;39199;"BUCHA DE REDUCAO EM ALUMINIO, COM ROSCA, DE 2 1/2"" X 2"", PARA ELETRODUTO";UN;81.8
MATERIAL;39195;"BUCHA DE REDUCAO EM ALUMINIO, COM ROSCA, DE 2"" X 1 1/2"", PARA ELETRODUTO";UN;47.21
MATERIAL;39194;"BUCHA DE REDUCAO EM ALUMINIO, COM ROSCA, DE 2"" X 1 1/4"", PARA ELETRODUTO";UN;50.53
MATERIAL;39193;"BUCHA DE REDUCAO EM ALUMINIO, COM ROSCA, DE 2"" X 1"", PARA ELETRODUTO";UN;55.38
MATERIAL;39192;"BUCHA DE REDUCAO EM ALUMINIO, COM ROSCA, DE 2"" X 3/4"", PARA ELETRODUTO";UN;57.61
MATERIAL;39201;"BUCHA DE REDUCAO EM ALUMINIO, COM ROSCA, DE 3"" X 1 1/2"", PARA ELETRODUTO";UN;101.62
MATERIAL;39200;"BUCHA DE REDUCAO EM ALUMINIO, COM ROSCA, DE 3"" X 1 1/4"", PARA ELETRODUTO";UN;102.44
MATERIAL;39203;"BUCHA DE REDUCAO EM ALUMINIO, COM ROSCA, DE 3"" X 2 1/2"", PARA ELETRODUTO";UN;82.72
MATERIAL;39202;"BUCHA DE REDUCAO EM ALUMINIO, COM ROSCA, DE 3"" X 2"", PARA ELETRODUTO";UN;97.17
MATERIAL;39920;"BUCHA DE REDUCAO EM ALUMINIO, COM ROSCA, DE 3/4"" X 1/2"", PARA ELETRODUTO";UN;6.97
MATERIAL;39205;"BUCHA DE REDUCAO EM ALUMINIO, COM ROSCA, DE 4"" X 2 1/2"", PARA ELETRODUTO";UN;162.11
MATERIAL;39204;"BUCHA DE REDUCAO EM ALUMINIO, COM ROSCA, DE 4"" X 2"", PARA ELETRODUTO";UN;166.03
MATERIAL;39206;"BUCHA DE REDUCAO EM ALUMINIO, COM ROSCA, DE 4"" X 3"", PARA ELETRODUTO";UN;157.51
MATERIAL;798;"BUCHA DE REDUCAO PVC ROSCAVEL 3/4"" X 1/2""";UN;1.48
MATERIAL;797;"BUCHA DE REDUCAO PVC, ROSCAVEL 1 1/2"" X 1""";UN;10.74
MATERIAL;796;"BUCHA DE REDUCAO PVC, ROSCAVEL, 1 1/2"" X 3/4""";UN;9.12
MATERIAL;799;"BUCHA DE REDUCAO PVC, ROSCAVEL, 1"" X 1/2""";UN;4.41
MATERIAL;792;"BUCHA DE REDUCAO PVC, ROSCAVEL, 1"" X 3/4""";UN;4.27
MATERIAL;38001;BUCHA DE REDUCAO, CPVC, SOLDAVEL, 22 X 15 MM, PARA AGUA QUENTE;UN;1.23
MATERIAL;38002;BUCHA DE REDUCAO, CPVC, SOLDAVEL, 28 X 22 MM, PARA AGUA QUENTE;UN;4.27
MATERIAL;38003;BUCHA DE REDUCAO, CPVC, SOLDAVEL, 35 X 28 MM, PARA AGUA QUENTE;UN;29.2
MATERIAL;38004;BUCHA DE REDUCAO, CPVC, SOLDAVEL, 42 X 22 MM, PARA AGUA QUENTE;UN;33.58
MATERIAL;44263;BUCHA DE REDUCAO, CPVC, SOLDAVEL, 54 X 35 MM, PARA AGUA QUENTE;UN;60.29
MATERIAL;36327;BUCHA DE REDUCAO, PPR, DN 25 X 20 MM, PARA AGUA QUENTE PREDIAL;UN;4.89
MATERIAL;38992;BUCHA DE REDUCAO, PPR, DN 32 X 25 MM, PARA AGUA QUENTE E FRIA PREDIAL;UN;5.94
MATERIAL;38993;BUCHA DE REDUCAO, PPR, DN 40 X 25 MM, PARA AGUA QUENTE E FRIA PREDIAL;UN;15.46
MATERIAL;44175;BUCHA DE REDUCAO, PPR, DN 50 X 25 MM, PARA AGUA QUENTE E FRIA PREDIAL;UN;26.97
MATERIAL;44177;BUCHA DE REDUCAO, PPR, DN 50 X 32 MM, PARA AGUA QUENTE E FRIA PREDIAL;UN;20.15
MATERIAL;38418;BUCHA DE REDUCAO, PVC, LONGA, SERIE R, DN 50 X 40 MM, PARA ESGOTO PREDIAL;UN;7.05
MATERIAL;39178;"BUCHA EM ALUMINIO, COM ROSCA, DE 1 1/2"", PARA ELETRODUTO";UN;2.8
MATERIAL;39177;"BUCHA EM ALUMINIO, COM ROSCA, DE 1 1/4"", PARA ELETRODUTO";UN;2.53
MATERIAL;39176;"BUCHA EM ALUMINIO, COM ROSCA, DE 1"", PARA ELETRODUTO";UN;1.66
MATERIAL;39174;"BUCHA EM ALUMINIO, COM ROSCA, DE 1/2"", PARA ELETRODUTO";UN;1.26
MATERIAL;39180;"BUCHA EM ALUMINIO, COM ROSCA, DE 2 1/2"", PARA ELETRODUTO";UN;7.61
MATERIAL;39179;"BUCHA EM ALUMINIO, COM ROSCA, DE 2"", PARA ELETRODUTO";UN;6.73
MATERIAL;39181;"BUCHA EM ALUMINIO, COM ROSCA, DE 3"", PARA ELETRODUTO";UN;10.2
MATERIAL;39175;"BUCHA EM ALUMINIO, COM ROSCA, DE 3/4"", PARA ELETRODUTO";UN;1.55
MATERIAL;39217;"BUCHA EM ALUMINIO, COM ROSCA, DE 3/8"", PARA ELETRODUTO";UN;1.19
MATERIAL;39182;"BUCHA EM ALUMINIO, COM ROSCA, DE 4"", PARA ELETRODUTO";UN;14.35
MATERIAL;12616;CABECEIRA DIREITA OU ESQUERDA, PVC, PARA CALHA PLUVIAL, DIAMETRO ENTRE *119 E 170* MM, PARA DRENAGEM PLUVIAL PREDIAL;UN;21.76
MATERIAL;1049;"CABECOTE PARA ENTRADA DE LINHA DE ALIMENTACAO PARA ELETRODUTO, EM LIGA DE ALUMINIO COM ACABAMENTO ANTI CORROSIVO, COM FIXACAO POR ENCAIXE LISO DE 360 GRAUS, DE 1 1/2""";UN;12.01
MATERIAL;1099;"CABECOTE PARA ENTRADA DE LINHA DE ALIMENTACAO PARA ELETRODUTO, EM LIGA DE ALUMINIO COM ACABAMENTO ANTI CORROSIVO, COM FIXACAO POR ENCAIXE LISO DE 360 GRAUS, DE 1 1/4""";UN;9.19
MATERIAL;1050;"CABECOTE PARA ENTRADA DE LINHA DE ALIMENTACAO PARA ELETRODUTO, EM LIGA DE ALUMINIO COM ACABAMENTO ANTI CORROSIVO, COM FIXACAO POR ENCAIXE LISO DE 360 GRAUS, DE 1""";UN;6.28
MATERIAL;39678;"CABECOTE PARA ENTRADA DE LINHA DE ALIMENTACAO PARA ELETRODUTO, EM LIGA DE ALUMINIO COM ACABAMENTO ANTI CORROSIVO, COM FIXACAO POR ENCAIXE LISO DE 360 GRAUS, DE 1/2""";UN;3.7
MATERIAL;1101;"CABECOTE PARA ENTRADA DE LINHA DE ALIMENTACAO PARA ELETRODUTO, EM LIGA DE ALUMINIO COM ACABAMENTO ANTI CORROSIVO, COM FIXACAO POR ENCAIXE LISO DE 360 GRAUS, DE 2 1/2""";UN;39.61
MATERIAL;1100;"CABECOTE PARA ENTRADA DE LINHA DE ALIMENTACAO PARA ELETRODUTO, EM LIGA DE ALUMINIO COM ACABAMENTO ANTI CORROSIVO, COM FIXACAO POR ENCAIXE LISO DE 360 GRAUS, DE 2""";UN;20.44
MATERIAL;39679;"CABECOTE PARA ENTRADA DE LINHA DE ALIMENTACAO PARA ELETRODUTO, EM LIGA DE ALUMINIO COM ACABAMENTO ANTI CORROSIVO, COM FIXACAO POR ENCAIXE LISO DE 360 GRAUS, DE 3 1/2""";UN;78.95
MATERIAL;1102;"CABECOTE PARA ENTRADA DE LINHA DE ALIMENTACAO PARA ELETRODUTO, EM LIGA DE ALUMINIO COM ACABAMENTO ANTI CORROSIVO, COM FIXACAO POR ENCAIXE LISO DE 360 GRAUS, DE 3""";UN;59.07
MATERIAL;1098;"CABECOTE PARA ENTRADA DE LINHA DE ALIMENTACAO PARA ELETRODUTO, EM LIGA DE ALUMINIO COM ACABAMENTO ANTI CORROSIVO, COM FIXACAO POR ENCAIXE LISO DE 360 GRAUS, DE 3/4""";UN;4.9
MATERIAL;1051;"CABECOTE PARA ENTRADA DE LINHA DE ALIMENTACAO PARA ELETRODUTO, EM LIGA DE ALUMINIO COM ACABAMENTO ANTI CORROSIVO, COM FIXACAO POR ENCAIXE LISO DE 360 GRAUS, DE 4""";UN;85.86
MATERIAL;37399;CABIDE/GANCHO DE BANHEIRO SIMPLES EM METAL CROMADO;UN;30.89
MATERIAL;43834;CABO COAXIAL RG11 95% DE MALHA;M;24.14
MATERIAL;43835;CABO COAXIAL RG59 95% DE MALHA;M;2.16
MATERIAL;43833;CABO COAXIAL RG6 95% DE MALHA;M;2.25
MATERIAL;41955;"CABO DE ACO GALVANIZADO, DIAMETRO 12,7 MM (1/2""), COM ALMA DE ACO CABO INDEPENDENTE 6 X 25 F";KG;72.49
MATERIAL;41953;"CABO DE ACO GALVANIZADO, DIAMETRO 12,7 MM (1/2""), COM ALMA DE FIBRA 6 X 25 F";KG;69.18
MATERIAL;41954;"CABO DE ACO GALVANIZADO, DIAMETRO 9,53 MM (3/8""), COM ALMA DE FIBRA 6 X 25 F";KG;68.52
MATERIAL;25004;CABO DE ALUMINIO NU COM ALMA DE ACO, BITOLA 1/0 AWG;KG;59.61
MATERIAL;25002;CABO DE ALUMINIO NU COM ALMA DE ACO, BITOLA 2 AWG;KG;59.61
MATERIAL;37409;CABO DE ALUMINIO NU COM ALMA DE ACO, BITOLA 2/0 AWG;KG;59.61
MATERIAL;841;CABO DE ALUMINIO NU COM ALMA DE ACO, BITOLA 4 AWG;KG;60.34
MATERIAL;25005;CABO DE ALUMINIO NU SEM ALMA DE ACO, BITOLA 1/0 AWG;KG;65.41
MATERIAL;25003;CABO DE ALUMINIO NU SEM ALMA DE ACO, BITOLA 2 AWG;KG;66.4
MATERIAL;37410;CABO DE ALUMINIO NU SEM ALMA DE ACO, BITOLA 2/0 AWG;KG;65.41
MATERIAL;842;CABO DE ALUMINIO NU SEM ALMA DE ACO, BITOLA 4 AWG;KG;66.34
MATERIAL;44391;CABO DE COBRE FLEXIVEL NAO HALOGENADO, SEM EMISSAO DE FUMACA, 750V, SECAO NOMINAL 120 MM;M;141.36
MATERIAL;44388;CABO DE COBRE FLEXIVEL NAO HALOGENADO, SEM EMISSAO DE FUMACA, 750V, SECAO NOMINAL 2,5 MM;M;3.06
MATERIAL;44392;CABO DE COBRE FLEXIVEL NAO HALOGENADO, SEM EMISSAO DE FUMACA, 750V, SECAO NOMINAL 240 MM;M;281.47
MATERIAL;44390;CABO DE COBRE FLEXIVEL NAO HALOGENADO, SEM EMISSAO DE FUMACA, 750V, SECAO NOMINAL 50 MM;M;59.64
MATERIAL;44389;CABO DE COBRE FLEXIVEL NAO HALOGENADO, SEM EMISSAO DE FUMACA, 750V, SECAO NOMINAL 6,0 MM;M;7.04
MATERIAL;862;CABO DE COBRE NU 10 MM2 MEIO-DURO;M;12.9
MATERIAL;866;CABO DE COBRE NU 120 MM2 MEIO-DURO;M;163.9
MATERIAL;892;CABO DE COBRE NU 150 MM2 MEIO-DURO;M;198.4
MATERIAL;857;CABO DE COBRE NU 16 MM2 MEIO-DURO;M;21.58
MATERIAL;37404;CABO DE COBRE NU 185 MM2 MEIO-DURO;M;229.54
MATERIAL;868;CABO DE COBRE NU 25 MM2 MEIO-DURO;M;30.75
MATERIAL;863;CABO DE COBRE NU 35 MM2 MEIO-DURO;M;45.29
MATERIAL;867;CABO DE COBRE NU 50 MM2 MEIO-DURO;M;64.52
MATERIAL;864;CABO DE COBRE NU 70 MM2 MEIO-DURO;M;85.22
MATERIAL;865;CABO DE COBRE NU 95 MM2 MEIO-DURO;M;122.58
MATERIAL;39251;CABO DE COBRE, FLEXIVEL, CLASSE 4 OU 5, ISOLACAO EM PVC/A, ANTICHAMA BWF-B, 1 CONDUTOR, 450/750 V, SECAO NOMINAL 0,5 MM2;M;0.8
MATERIAL;1011;CABO DE COBRE, FLEXIVEL, CLASSE 4 OU 5, ISOLACAO EM PVC/A, ANTICHAMA BWF-B, 1 CONDUTOR, 450/750 V, SECAO NOMINAL 0,75 MM2;M;1.1
MATERIAL;39252;CABO DE COBRE, FLEXIVEL, CLASSE 4 OU 5, ISOLACAO EM PVC/A, ANTICHAMA BWF-B, 1 CONDUTOR, 450/750 V, SECAO NOMINAL 1,0 MM2;M;1.44
MATERIAL;1013;CABO DE COBRE, FLEXIVEL, CLASSE 4 OU 5, ISOLACAO EM PVC/A, ANTICHAMA BWF-B, 1 CONDUTOR, 450/750 V, SECAO NOMINAL 1,5 MM2;M;1.73
MATERIAL;980;CABO DE COBRE, FLEXIVEL, CLASSE 4 OU 5, ISOLACAO EM PVC/A, ANTICHAMA BWF-B, 1 CONDUTOR, 450/750 V, SECAO NOMINAL 10 MM2;M;12.47
MATERIAL;39237;CABO DE COBRE, FLEXIVEL, CLASSE 4 OU 5, ISOLACAO EM PVC/A, ANTICHAMA BWF-B, 1 CONDUTOR, 450/750 V, SECAO NOMINAL 120 MM2;M;132.69
MATERIAL;39238;CABO DE COBRE, FLEXIVEL, CLASSE 4 OU 5, ISOLACAO EM PVC/A, ANTICHAMA BWF-B, 1 CONDUTOR, 450/750 V, SECAO NOMINAL 150 MM2;M;167.35
MATERIAL;979;CABO DE COBRE, FLEXIVEL, CLASSE 4 OU 5, ISOLACAO EM PVC/A, ANTICHAMA BWF-B, 1 CONDUTOR, 450/750 V, SECAO NOMINAL 16 MM2;M;17.82
MATERIAL;39239;CABO DE COBRE, FLEXIVEL, CLASSE 4 OU 5, ISOLACAO EM PVC/A, ANTICHAMA BWF-B, 1 CONDUTOR, 450/750 V, SECAO NOMINAL 185 MM2;M;202.17
MATERIAL;1014;CABO DE COBRE, FLEXIVEL, CLASSE 4 OU 5, ISOLACAO EM PVC/A, ANTICHAMA BWF-B, 1 CONDUTOR, 450/750 V, SECAO NOMINAL 2,5 MM2;M;2.74
MATERIAL;39240;CABO DE COBRE, FLEXIVEL, CLASSE 4 OU 5, ISOLACAO EM PVC/A, ANTICHAMA BWF-B, 1 CONDUTOR, 450/750 V, SECAO NOMINAL 240 MM2;M;265.91
MATERIAL;39232;CABO DE COBRE, FLEXIVEL, CLASSE 4 OU 5, ISOLACAO EM PVC/A, ANTICHAMA BWF-B, 1 CONDUTOR, 450/750 V, SECAO NOMINAL 25 MM2;M;27.91
MATERIAL;39233;CABO DE COBRE, FLEXIVEL, CLASSE 4 OU 5, ISOLACAO EM PVC/A, ANTICHAMA BWF-B, 1 CONDUTOR, 450/750 V, SECAO NOMINAL 35 MM2;M;40.67
MATERIAL;981;CABO DE COBRE, FLEXIVEL, CLASSE 4 OU 5, ISOLACAO EM PVC/A, ANTICHAMA BWF-B, 1 CONDUTOR, 450/750 V, SECAO NOMINAL 4 MM2;M;4.54
MATERIAL;39234;CABO DE COBRE, FLEXIVEL, CLASSE 4 OU 5, ISOLACAO EM PVC/A, ANTICHAMA BWF-B, 1 CONDUTOR, 450/750 V, SECAO NOMINAL 50 MM2;M;56.62
MATERIAL;982;CABO DE COBRE, FLEXIVEL, CLASSE 4 OU 5, ISOLACAO EM PVC/A, ANTICHAMA BWF-B, 1 CONDUTOR, 450/750 V, SECAO NOMINAL 6 MM2;M;6.53
MATERIAL;39235;CABO DE COBRE, FLEXIVEL, CLASSE 4 OU 5, ISOLACAO EM PVC/A, ANTICHAMA BWF-B, 1 CONDUTOR, 450/750 V, SECAO NOMINAL 70 MM2;M;83.51
MATERIAL;39236;CABO DE COBRE, FLEXIVEL, CLASSE 4 OU 5, ISOLACAO EM PVC/A, ANTICHAMA BWF-B, 1 CONDUTOR, 450/750 V, SECAO NOMINAL 95 MM2;M;110.67
MATERIAL;993;CABO DE COBRE, FLEXIVEL, CLASSE 4 OU 5, ISOLACAO EM PVC/A, ANTICHAMA BWF-B, COBERTURA PVC-ST1, ANTICHAMA BWF-B, 1 CONDUTOR, 0,6/1 KV, SECAO NOMINAL 1,5 MM2;M;2.33
MATERIAL;1020;CABO DE COBRE, FLEXIVEL, CLASSE 4 OU 5, ISOLACAO EM PVC/A, ANTICHAMA BWF-B, COBERTURA PVC-ST1, ANTICHAMA BWF-B, 1 CONDUTOR, 0,6/1 KV, SECAO NOMINAL 10 MM2;M;11.89
MATERIAL;1017;CABO DE COBRE, FLEXIVEL, CLASSE 4 OU 5, ISOLACAO EM PVC/A, ANTICHAMA BWF-B, COBERTURA PVC-ST1, ANTICHAMA BWF-B, 1 CONDUTOR, 0,6/1 KV, SECAO NOMINAL 120 MM2;M;145.75
MATERIAL;999;CABO DE COBRE, FLEXIVEL, CLASSE 4 OU 5, ISOLACAO EM PVC/A, ANTICHAMA BWF-B, COBERTURA PVC-ST1, ANTICHAMA BWF-B, 1 CONDUTOR, 0,6/1 KV, SECAO NOMINAL 150 MM2;M;176.58
MATERIAL;995;CABO DE COBRE, FLEXIVEL, CLASSE 4 OU 5, ISOLACAO EM PVC/A, ANTICHAMA BWF-B, COBERTURA PVC-ST1, ANTICHAMA BWF-B, 1 CONDUTOR, 0,6/1 KV, SECAO NOMINAL 16 MM2;M;18.94
MATERIAL;1000;CABO DE COBRE, FLEXIVEL, CLASSE 4 OU 5, ISOLACAO EM PVC/A, ANTICHAMA BWF-B, COBERTURA PVC-ST1, ANTICHAMA BWF-B, 1 CONDUTOR, 0,6/1 KV, SECAO NOMINAL 185 MM2;M;216.89
MATERIAL;1022;CABO DE COBRE, FLEXIVEL, CLASSE 4 OU 5, ISOLACAO EM PVC/A, ANTICHAMA BWF-B, COBERTURA PVC-ST1, ANTICHAMA BWF-B, 1 CONDUTOR, 0,6/1 KV, SECAO NOMINAL 2,5 MM2;M;3.25
MATERIAL;1015;CABO DE COBRE, FLEXIVEL, CLASSE 4 OU 5, ISOLACAO EM PVC/A, ANTICHAMA BWF-B, COBERTURA PVC-ST1, ANTICHAMA BWF-B, 1 CONDUTOR, 0,6/1 KV, SECAO NOMINAL 240 MM2;M;288.22
MATERIAL;996;CABO DE COBRE, FLEXIVEL, CLASSE 4 OU 5, ISOLACAO EM PVC/A, ANTICHAMA BWF-B, COBERTURA PVC-ST1, ANTICHAMA BWF-B, 1 CONDUTOR, 0,6/1 KV, SECAO NOMINAL 25 MM2;M;29.36
MATERIAL;1001;CABO DE COBRE, FLEXIVEL, CLASSE 4 OU 5, ISOLACAO EM PVC/A, ANTICHAMA BWF-B, COBERTURA PVC-ST1, ANTICHAMA BWF-B, 1 CONDUTOR, 0,6/1 KV, SECAO NOMINAL 300 MM2;M;373.96
MATERIAL;1019;CABO DE COBRE, FLEXIVEL, CLASSE 4 OU 5, ISOLACAO EM PVC/A, ANTICHAMA BWF-B, COBERTURA PVC-ST1, ANTICHAMA BWF-B, 1 CONDUTOR, 0,6/1 KV, SECAO NOMINAL 35 MM2;M;41.5
MATERIAL;1021;CABO DE COBRE, FLEXIVEL, CLASSE 4 OU 5, ISOLACAO EM PVC/A, ANTICHAMA BWF-B, COBERTURA PVC-ST1, ANTICHAMA BWF-B, 1 CONDUTOR, 0,6/1 KV, SECAO NOMINAL 4 MM2;M;4.99
MATERIAL;39249;CABO DE COBRE, FLEXIVEL, CLASSE 4 OU 5, ISOLACAO EM PVC/A, ANTICHAMA BWF-B, COBERTURA PVC-ST1, ANTICHAMA BWF-B, 1 CONDUTOR, 0,6/1 KV, SECAO NOMINAL 400 MM2;M;502.81
MATERIAL;1018;CABO DE COBRE, FLEXIVEL, CLASSE 4 OU 5, ISOLACAO EM PVC/A, ANTICHAMA BWF-B, COBERTURA PVC-ST1, ANTICHAMA BWF-B, 1 CONDUTOR, 0,6/1 KV, SECAO NOMINAL 50 MM2;M;61.36
MATERIAL;39250;CABO DE COBRE, FLEXIVEL, CLASSE 4 OU 5, ISOLACAO EM PVC/A, ANTICHAMA BWF-B, COBERTURA PVC-ST1, ANTICHAMA BWF-B, 1 CONDUTOR, 0,6/1 KV, SECAO NOMINAL 500 MM2;M;601.47
MATERIAL;994;CABO DE COBRE, FLEXIVEL, CLASSE 4 OU 5, ISOLACAO EM PVC/A, ANTICHAMA BWF-B, COBERTURA PVC-ST1, ANTICHAMA BWF-B, 1 CONDUTOR, 0,6/1 KV, SECAO NOMINAL 6 MM2;M;7.26
MATERIAL;977;CABO DE COBRE, FLEXIVEL, CLASSE 4 OU 5, ISOLACAO EM PVC/A, ANTICHAMA BWF-B, COBERTURA PVC-ST1, ANTICHAMA BWF-B, 1 CONDUTOR, 0,6/1 KV, SECAO NOMINAL 70 MM2;M;85.84
MATERIAL;998;CABO DE COBRE, FLEXIVEL, CLASSE 4 OU 5, ISOLACAO EM PVC/A, ANTICHAMA BWF-B, COBERTURA PVC-ST1, ANTICHAMA BWF-B, 1 CONDUTOR, 0,6/1 KV, SECAO NOMINAL 95 MM2;M;111.45
MATERIAL;1006;CABO DE COBRE, RIGIDO, CLASSE 2, ISOLACAO EM PVC, ANTI-CHAMA BWF-B, 1 CONDUTOR, 450/750 V, DIAMETRO 120 MM2;M;147.68
MATERIAL;990;CABO DE COBRE, RIGIDO, CLASSE 2, ISOLACAO EM PVC/A, ANTICHAMA BWF-B, 1 CONDUTOR, 450/750 V, SECAO NOMINAL 150 MM2;M;196.37
MATERIAL;39241;CABO DE COBRE, RIGIDO, CLASSE 2, ISOLACAO EM PVC/A, ANTICHAMA BWF-B, 1 CONDUTOR, 450/750 V, SECAO NOMINAL 16 MM2;M;19.33
MATERIAL;1005;CABO DE COBRE, RIGIDO, CLASSE 2, ISOLACAO EM PVC/A, ANTICHAMA BWF-B, 1 CONDUTOR, 450/750 V, SECAO NOMINAL 185 MM2;M;244.49
MATERIAL;991;CABO DE COBRE, RIGIDO, CLASSE 2, ISOLACAO EM PVC/A, ANTICHAMA BWF-B, 1 CONDUTOR, 450/750 V, SECAO NOMINAL 240 MM2;M;320.23
MATERIAL;986;CABO DE COBRE, RIGIDO, CLASSE 2, ISOLACAO EM PVC/A, ANTICHAMA BWF-B, 1 CONDUTOR, 450/750 V, SECAO NOMINAL 25 MM2;M;30.54
MATERIAL;987;CABO DE COBRE, RIGIDO, CLASSE 2, ISOLACAO EM PVC/A, ANTICHAMA BWF-B, 1 CONDUTOR, 450/750 V, SECAO NOMINAL 35 MM2;M;41.81
MATERIAL;1007;CABO DE COBRE, RIGIDO, CLASSE 2, ISOLACAO EM PVC/A, ANTICHAMA BWF-B, 1 CONDUTOR, 450/750 V, SECAO NOMINAL 50 MM2;M;57.88
MATERIAL;1008;CABO DE COBRE, RIGIDO, CLASSE 2, ISOLACAO EM PVC/A, ANTICHAMA BWF-B, 1 CONDUTOR, 450/750 V, SECAO NOMINAL 6 MM2;M;7.35
MATERIAL;988;CABO DE COBRE, RIGIDO, CLASSE 2, ISOLACAO EM PVC/A, ANTICHAMA BWF-B, 1 CONDUTOR, 450/750 V, SECAO NOMINAL 70 MM2;M;79.8
MATERIAL;989;CABO DE COBRE, RIGIDO, CLASSE 2, ISOLACAO EM PVC/A, ANTICHAMA BWF-B, 1 CONDUTOR, 450/750 V, SECAO NOMINAL 95 MM2;M;110.16
MATERIAL;39598;CABO DE REDE, PAR TRANCADO U/UTP, 4 PARES, CATEGORIA 5E (CAT 5E), ISOLAMENTO LSZH;M;6.53
MATERIAL;43972;CABO DE REDE, PAR TRANCADO U/UTP, 4 PARES, CATEGORIA 5E (CAT 5E), ISOLAMENTO PVC (CM);M;4.61
MATERIAL;43971;CABO DE REDE, PAR TRANCADO U/UTP, 4 PARES, CATEGORIA 5E (CAT 5E), ISOLAMENTO PVC (CMX);M;3.52
MATERIAL;43973;CABO DE REDE, PAR TRANCADO U/UTP, 4 PARES, CATEGORIA 6 (CAT 6), ISOLAMENTO PVC (CM);M;4.82
MATERIAL;39599;CABO DE REDE, PAR TRANCADO UTP, 4 PARES, CATEGORIA 6 (CAT 6), ISOLAMENTO LSZH;M;9.39
MATERIAL;43832;CABO ELETRONICO CATEGORIA 6A U/UTP 23AWG X 4P;M;24.73
MATERIAL;34602;CABO FLEXIVEL PVC 750 V, 2 CONDUTORES DE 1,5 MM2;M;5.05
MATERIAL;34607;CABO FLEXIVEL PVC 750 V, 2 CONDUTORES DE 4,0 MM2;M;12.38
MATERIAL;34609;CABO FLEXIVEL PVC 750 V, 2 CONDUTORES DE 6,0 MM2;M;18.01
MATERIAL;34618;CABO FLEXIVEL PVC 750 V, 3 CONDUTORES DE 1,5 MM2;M;6.89
MATERIAL;34621;CABO FLEXIVEL PVC 750 V, 3 CONDUTORES DE 4,0 MM2;M;17.07
MATERIAL;34622;CABO FLEXIVEL PVC 750 V, 3 CONDUTORES DE 6,0 MM2;M;25.36
MATERIAL;34624;CABO FLEXIVEL PVC 750 V, 4 CONDUTORES DE 1,5 MM2;M;9.2
MATERIAL;34627;CABO FLEXIVEL PVC 750 V, 4 CONDUTORES DE 4,0 MM2;M;22.18
MATERIAL;34629;CABO FLEXIVEL PVC 750 V, 4 CONDUTORES DE 6,0 MM2;M;33.89
MATERIAL;39257;CABO MULTIPOLAR DE COBRE, FLEXIVEL, CLASSE 4 OU 5, ISOLACAO EM HEPR, COBERTURA EM PVC-ST2, ANTICHAMA BWF-B, 0,6/1 KV, 3 CONDUTORES DE 1,5 MM2;M;6.89
MATERIAL;39261;CABO MULTIPOLAR DE COBRE, FLEXIVEL, CLASSE 4 OU 5, ISOLACAO EM HEPR, COBERTURA EM PVC-ST2, ANTICHAMA BWF-B, 0,6/1 KV, 3 CONDUTORES DE 10 MM2;M;39.48
MATERIAL;39268;CABO MULTIPOLAR DE COBRE, FLEXIVEL, CLASSE 4 OU 5, ISOLACAO EM HEPR, COBERTURA EM PVC-ST2, ANTICHAMA BWF-B, 0,6/1 KV, 3 CONDUTORES DE 120 MM2;M;617.08
MATERIAL;39262;CABO MULTIPOLAR DE COBRE, FLEXIVEL, CLASSE 4 OU 5, ISOLACAO EM HEPR, COBERTURA EM PVC-ST2, ANTICHAMA BWF-B, 0,6/1 KV, 3 CONDUTORES DE 16 MM2;M;62.87
MATERIAL;39258;CABO MULTIPOLAR DE COBRE, FLEXIVEL, CLASSE 4 OU 5, ISOLACAO EM HEPR, COBERTURA EM PVC-ST2, ANTICHAMA BWF-B, 0,6/1 KV, 3 CONDUTORES DE 2,5 MM2;M;10.39
MATERIAL;39263;CABO MULTIPOLAR DE COBRE, FLEXIVEL, CLASSE 4 OU 5, ISOLACAO EM HEPR, COBERTURA EM PVC-ST2, ANTICHAMA BWF-B, 0,6/1 KV, 3 CONDUTORES DE 25 MM2;M;108.71
MATERIAL;39264;CABO MULTIPOLAR DE COBRE, FLEXIVEL, CLASSE 4 OU 5, ISOLACAO EM HEPR, COBERTURA EM PVC-ST2, ANTICHAMA BWF-B, 0,6/1 KV, 3 CONDUTORES DE 35 MM2;M;150.59
MATERIAL;39259;CABO MULTIPOLAR DE COBRE, FLEXIVEL, CLASSE 4 OU 5, ISOLACAO EM HEPR, COBERTURA EM PVC-ST2, ANTICHAMA BWF-B, 0,6/1 KV, 3 CONDUTORES DE 4 MM2;M;16
MATERIAL;39265;CABO MULTIPOLAR DE COBRE, FLEXIVEL, CLASSE 4 OU 5, ISOLACAO EM HEPR, COBERTURA EM PVC-ST2, ANTICHAMA BWF-B, 0,6/1 KV, 3 CONDUTORES DE 50 MM2;M;204.45
MATERIAL;39260;CABO MULTIPOLAR DE COBRE, FLEXIVEL, CLASSE 4 OU 5, ISOLACAO EM HEPR, COBERTURA EM PVC-ST2, ANTICHAMA BWF-B, 0,6/1 KV, 3 CONDUTORES DE 6 MM2;M;24.51
MATERIAL;39266;CABO MULTIPOLAR DE COBRE, FLEXIVEL, CLASSE 4 OU 5, ISOLACAO EM HEPR, COBERTURA EM PVC-ST2, ANTICHAMA BWF-B, 0,6/1 KV, 3 CONDUTORES DE 70 MM2;M;308.51
MATERIAL;39267;CABO MULTIPOLAR DE COBRE, FLEXIVEL, CLASSE 4 OU 5, ISOLACAO EM HEPR, COBERTURA EM PVC-ST2, ANTICHAMA BWF-B, 0,6/1 KV, 3 CONDUTORES DE 95 MM2;M;385.72
MATERIAL;11901;CABO TELEFONICO CCI 50, 1 PAR, USO INTERNO, SEM BLINDAGEM;M;0.84
MATERIAL;11902;CABO TELEFONICO CCI 50, 2 PARES, USO INTERNO, SEM BLINDAGEM;M;1.62
MATERIAL;11903;CABO TELEFONICO CCI 50, 3 PARES, USO INTERNO, SEM BLINDAGEM;M;1.71
MATERIAL;11904;CABO TELEFONICO CCI 50, 4 PARES, USO INTERNO, SEM BLINDAGEM;M;2.6
MATERIAL;11905;CABO TELEFONICO CCI 50, 5 PARES, USO INTERNO, SEM BLINDAGEM;M;3.17
MATERIAL;11906;CABO TELEFONICO CCI 50, 6 PARES, USO INTERNO, SEM BLINDAGEM;M;4.03
MATERIAL;11919;CABO TELEFONICO CI 50, 10 PARES, USO INTERNO;M;7.38
MATERIAL;11920;CABO TELEFONICO CI 50, 20 PARES, USO INTERNO;M;14.03
MATERIAL;11924;CABO TELEFONICO CI 50, 200 PARES, USO INTERNO;M;117.76
MATERIAL;11921;CABO TELEFONICO CI 50, 30 PARES, USO INTERNO;M;20.52
MATERIAL;11922;CABO TELEFONICO CI 50, 50 PARES, USO INTERNO;M;33.19
MATERIAL;11923;CABO TELEFONICO CI 50, 75 PARES, USO INTERNO;M;48.59
MATERIAL;11916;CABO TELEFONICO CTP - APL - 50, 10 PARES, USO EXTERNO;M;10.1
MATERIAL;11914;CABO TELEFONICO CTP - APL - 50, 100 PARES, USO EXTERNO;M;72.79
MATERIAL;11917;CABO TELEFONICO CTP - APL - 50, 20 PARES, USO EXTERNO;M;17.79
MATERIAL;11918;CABO TELEFONICO CTP - APL - 50, 30 PARES, USO EXTERNO;M;21.11
EQUIPAMENTO (AQUISIÇÃO);37734;CACAMBA METALICA BASCULANTE COM CAPACIDADE DE 10 M3 (INCLUI MONTAGEM, NAO INCLUI CAMINHAO);UN;81335.04
EQUIPAMENTO (AQUISIÇÃO);37733;CACAMBA METALICA BASCULANTE COM CAPACIDADE DE 6 M3 (INCLUI MONTAGEM, NAO INCLUI CAMINHAO);UN;60984.7
MATERIAL;5090;CADEADO SIMPLES, CORPO EM LATAO MACICO, COM LARGURA DE 25 MM E ALTURA DE APROX 25 MM, HASTE CEMENTADA (NAO LONGA), EM ACO TEMPERADO COM DIAMETRO DE APROX 5,0 MM, INCLUINDO 2 CHAVES;UN;20.07
MATERIAL;5085;CADEADO SIMPLES, CORPO EM LATAO MACICO, COM LARGURA DE 35 MM E ALTURA DE APROX 30 MM, HASTE CEMENTADA (NAO LONGA), EM ACO TEMPERADO COM DIAMETRO DE APROX 6,0 MM, INCLUINDO 2 CHAVES;UN;29.88
MATERIAL;43603;CADEADO SIMPLES, CORPO EM LATAO MACICO, COM LARGURA DE 50 MM E ALTURA DE APROX 40 MM, HASTE CEMENTADA EM ACO TEMPERADO COM DIAMETRO DE APROX 8,0 MM, INCLUINDO 2 CHAVES;UN;42.68
MATERIAL;38374;CADEIRA SUSPENSA MANUAL / BALANCIM INDIVIDUAL (NBR 14751);UN;906.87
MATERIAL;4513;CAIBRO 5 X 5 CM EM PINUS, MISTA OU EQUIVALENTE DA REGIAO - BRUTA;M;5.81
MATERIAL;20212;CAIBRO APARELHADO *6 X 8* CM, EM MACARANDUBA/MASSARANDUBA, ANGELIM OU EQUIVALENTE DA REGIAO;M;28.53
MATERIAL;20209;CAIBRO APARELHADO *7,5 X 7,5* CM, EM MACARANDUBA/MASSARANDUBA, ANGELIM OU EQUIVALENTE DA REGIAO;M;34.08
MATERIAL;4430;CAIBRO NAO APARELHADO *5 X 6* CM, EM MACARANDUBA/MASSARANDUBA, ANGELIM OU EQUIVALENTE DA REGIAO - BRUTA;M;16.7
MATERIAL;4433;CAIBRO NAO APARELHADO *6 X 6* CM, EM MACARANDUBA/MASSARANDUBA, ANGELIM OU EQUIVALENTE DA REGIAO - BRUTA;M;32.66
MATERIAL;4400;CAIBRO NAO APARELHADO, *6 X 8* CM, EM MACARANDUBA/MASSARANDUBA, ANGELIM OU EQUIVALENTE DA REGIAO - BRUTA;M;26.58
MATERIAL;2729;CAIBRO ROLICO DE MADEIRA TRATADA, D = 4 A 7 CM, H = 3,00 M, EM EUCALIPTO OU EQUIVALENTE DA REGIAO;UN;32.65
MATERIAL;37106;CAIXA D'AGUA / RESERVATORIO EM POLIESTER REFORCADO COM FIBRA DE VIDRO, 10000 LITROS, COM TAMPA;UN;5454.69
MATERIAL;11869;CAIXA D'AGUA / RESERVATORIO EM POLIESTER REFORCADO COM FIBRA DE VIDRO, 1500 LITROS, COM TAMPA;UN;1090.93
MATERIAL;43981;CAIXA D'AGUA / RESERVATORIO EM POLIESTER REFORCADO COM FIBRA DE VIDRO, 15000 LITROS, COM TAMPA;UN;8220.17
MATERIAL;37104;CAIXA D'AGUA / RESERVATORIO EM POLIESTER REFORCADO COM FIBRA DE VIDRO, 2000 LITROS, COM TAMPA;UN;1369.15
MATERIAL;43982;CAIXA D'AGUA / RESERVATORIO EM POLIESTER REFORCADO COM FIBRA DE VIDRO, 20000 LITROS, COM TAMPA;UN;12985.8
MATERIAL;43978;CAIXA D'AGUA / RESERVATORIO EM POLIESTER REFORCADO COM FIBRA DE VIDRO, 3000 LITROS, COM TAMPA;UN;2029.05
MATERIAL;11871;CAIXA D'AGUA / RESERVATORIO EM POLIESTER REFORCADO COM FIBRA DE VIDRO, 500 LITROS, COM TAMPA;UN;508.54
MATERIAL;37105;CAIXA D'AGUA / RESERVATORIO EM POLIESTER REFORCADO COM FIBRA DE VIDRO, 5000 LITROS, COM TAMPA;UN;3129.03
MATERIAL;43980;CAIXA D'AGUA / RESERVATORIO EM POLIESTER REFORCADO COM FIBRA DE VIDRO, 7000 LITROS, COM TAMPA;UN;3896.87
MATERIAL;43979;CAIXA D'AGUA / RESERVATORIO EM POLIESTER REFORCADO COM FIBRA DE VIDRO, 750 LITROS, COM TAMPA;UN;732.18
MATERIAL;11868;CAIXA D'AGUA / RESERVATORIO EM POLIESTER REFORCADO COM FIBRA DE VIDRO,1000 LITROS, COM TAMPA;UN;708.09
MATERIAL;34636;CAIXA D'AGUA / RESERVATORIO EM POLIETILENO, 1000 LITROS, COM TAMPA;UN;502.84
MATERIAL;34639;CAIXA D'AGUA / RESERVATORIO EM POLIETILENO, 1500 LITROS, COM TAMPA;UN;1160.64
MATERIAL;34640;CAIXA D'AGUA / RESERVATORIO EM POLIETILENO, 2000 LITROS, COM TAMPA;UN;1316.57
MATERIAL;43977;CAIXA D'AGUA / RESERVATORIO EM POLIETILENO, 3000 LITROS, COM TAMPA;UN;2269.68
MATERIAL;34637;CAIXA D'AGUA / RESERVATORIO EM POLIETILENO, 500 LITROS, COM TAMPA;UN;304.09
MATERIAL;34638;CAIXA D'AGUA / RESERVATORIO EM POLIETILENO, 750 LITROS, COM TAMPA;UN;470.37
MATERIAL;34641;CAIXA DE ATERRAMENTO EM CONCRETO PRE-MOLDADO, DIAMETRO DE 0,30 M E ALTURA DE 0,35 M, SEM FUNDO E COM TAMPA;UN;125.44
MATERIAL;43434;CAIXA DE CONCRETO ARMADO PRE-MOLDADO, COM FUNDO E SEM TAMPA, DIMENSOES DE 0,30 X 0,30 X 0,30 M;UN;135.63
MATERIAL;43435;CAIXA DE CONCRETO ARMADO PRE-MOLDADO, COM FUNDO E SEM TAMPA, DIMENSOES DE 0,40 X 0,40 X 0,40 M;UN;248.65
MATERIAL;43436;CAIXA DE CONCRETO ARMADO PRE-MOLDADO, COM FUNDO E SEM TAMPA, DIMENSOES DE 0,60 X 0,60 X 0,50 M;UN;435.14
MATERIAL;43437;CAIXA DE CONCRETO ARMADO PRE-MOLDADO, COM FUNDO E SEM TAMPA, DIMENSOES DE 0,80 X 0,80 X 0,50 M;UN;788.91
MATERIAL;43438;CAIXA DE CONCRETO ARMADO PRE-MOLDADO, COM FUNDO E SEM TAMPA, DIMENSOES DE 1,00 X 1,00 X 0,50 M;UN;1412.81
MATERIAL;41627;CAIXA DE CONCRETO ARMADO PRE-MOLDADO, COM FUNDO E TAMPA, DIMENSOES DE 0,30 X 0,30 X 0,30 M;UN;209.09
MATERIAL;41628;CAIXA DE CONCRETO ARMADO PRE-MOLDADO, COM FUNDO E TAMPA, DIMENSOES DE 0,40 X 0,40 X 0,40 M;UN;384.28
MATERIAL;41629;CAIXA DE CONCRETO ARMADO PRE-MOLDADO, COM FUNDO E TAMPA, DIMENSOES DE 0,60 X 0,60 X 0,50 M;UN;488.26
MATERIAL;43429;CAIXA DE CONCRETO ARMADO PRE-MOLDADO, SEM FUNDO, QUADRADA, DIMENSOES DE 0,30 X 0,30 X 0,30 M;UN;108.18
MATERIAL;43430;CAIXA DE CONCRETO ARMADO PRE-MOLDADO, SEM FUNDO, QUADRADA, DIMENSOES DE 0,40 X 0,40 X 0,40 M;UN;179.71
MATERIAL;43431;CAIXA DE CONCRETO ARMADO PRE-MOLDADO, SEM FUNDO, QUADRADA, DIMENSOES DE 0,60 X 0,60 X 0,50 M;UN;348.11
MATERIAL;43432;CAIXA DE CONCRETO ARMADO PRE-MOLDADO, SEM FUNDO, QUADRADA, DIMENSOES DE 0,80 X 0,80 X 0,50 M;UN;723.36
MATERIAL;43433;CAIXA DE CONCRETO ARMADO PRE-MOLDADO, SEM FUNDO, QUADRADA, DIMENSOES DE 1,00 X 1,00 X 0,50 M;UN;1140.42
MATERIAL;43094;CAIXA DE DERIVACAO PARA MEDIDOR DE ENERGIA, COM BARRAMENTO MONOFASICO, EM POLICARBONATO / TERMOPLASTICO - MODULO (PADRAO CONCESSIONARIA LOCAL);UN;243.2
MATERIAL;43093;CAIXA DE DERIVACAO PARA MEDIDOR DE ENERGIA, COM BARRAMENTO POLIFASICO, EM POLICARBONATO / TERMOPLASTICO - MODULO (PADRAO CONCESSIONARIA LOCAL);UN;258.45
MATERIAL;11694;CAIXA DE DESCARGA PLASTICA PARA BACIA / VASO SANITARIO DE EMBUTIR, COM ESPELHO ACIONADOR EM PLASTICO, CAPACIDADE 6 A 10 LITROS, (COMPLETA - ACESSORIOS INCLUSOS);UN;1303.1
MATERIAL;1030;CAIXA DE DESCARGA PLASTICA PARA BACIA / VASO SANITARIO, EXTERNA, CAPACIDADE 9 LITROS, PUXADOR FIO DE NYLON, NAO INCLUSO CANO, BOLSA, ENGATE;UN;58.95
MATERIAL;11881;CAIXA DE GORDURA CILINDRICA EM CONCRETO SIMPLES, PRE-MOLDADA, COM DIAMETRO DE 40 CM E ALTURA DE 45 CM, COM TAMPA;UN;192.14
MATERIAL;35277;CAIXA DE GORDURA EM PVC, DIAMETRO MINIMO 300 MM, DIAMETRO DE SAIDA 100 MM, CAPACIDADE APROXIMADA 18 LITROS, COM TAMPA E CESTO;UN;441.28
MATERIAL;10521;"CAIXA DE INCENDIO/ABRIGO PARA MANGUEIRA, DE EMBUTIR/INTERNA, COM 75 X 45 X 17 CM, EM CHAPA DE ACO, PORTA COM VENTILACAO, VISOR COM A INSCRICAO ""INCENDIO"", SUPORTE/CESTA INTERNA PARA A MANGUEIRA, PINTURA ELETROSTATICA VERMELHA";UN;384.04
MATERIAL;10885;"CAIXA DE INCENDIO/ABRIGO PARA MANGUEIRA, DE EMBUTIR/INTERNA, COM 90 X 60 X 17 CM, EM CHAPA DE ACO, PORTA COM VENTILACAO, VISOR COM A INSCRICAO ""INCENDIO"", SUPORTE/CESTA INTERNA PARA A MANGUEIRA, PINTURA ELETROSTATICA VERMELHA";UN;485.76
MATERIAL;20962;"CAIXA DE INCENDIO/ABRIGO PARA MANGUEIRA, DE SOBREPOR/EXTERNA, COM 75 X 45 X 17 CM, EM CHAPA DE ACO, PORTA COM VENTILACAO, VISOR COM A INSCRICAO ""INCENDIO"", SUPORTE/CESTA INTERNA PARA A MANGUEIRA, PINTURA ELETROSTATICA VERMELHA";UN;402.33
MATERIAL;20963;"CAIXA DE INCENDIO/ABRIGO PARA MANGUEIRA, DE SOBREPOR/EXTERNA, COM 90 X 60 X 17 CM, EM CHAPA DE ACO, PORTA COM VENTILACAO, VISOR COM A INSCRICAO ""INCENDIO"", SUPORTE/CESTA INTERNA PARA A MANGUEIRA, PINTURA ELETROSTATICA VERMELHA";UN;491.48
MATERIAL;34643;CAIXA DE INSPECAO PARA ATERRAMENTO E PARA RAIOS, EM POLIPROPILENO, DIAMETRO = 300 MM X ALTURA = 400 MM (INCLUIDA TAMPA SEM ESCOTILHA);UN;50.82
MATERIAL;41480;CAIXA DE INSPECAO PARA ATERRAMENTO OU OUTRO USO, EM PVC, DN = 250 X 250 MM (INCLUIDA TAMPA EM FERRO FUNDIDO SEM ESCOTILHA);UN;58.92
MATERIAL;41474;CAIXA DE INSPECAO PARA ATERRAMENTO OU OUTRO USO, EM PVC, DN = 300 X *300* MM (INCLUIDA TAMPA EM FERRO FUNDIDO SEM ESCOTILHA);UN;94.13
MATERIAL;41475;CAIXA DE INSPECAO PARA ATERRAMENTO OU OUTRO USO, EM PVC, DN = 300 X 250 MM (INCLUIDA TAMPA EM FERRO FUNDIDO SEM ESCOTILHA);UN;80.31
MATERIAL;41476;CAIXA DE INSPECAO PARA ATERRAMENTO OU OUTRO USO, EM PVC, DN = 300 X 600 MM (INCLUIDA TAMPA EM FERRO FUNDIDO SEM ESCOTILHA);UN;175.85
MATERIAL;2555;"CAIXA DE LUZ ""3 X 3"" EM ACO ESMALTADA";UN;1.41
MATERIAL;2556;"CAIXA DE LUZ ""4 X 2"" EM ACO ESMALTADA";UN;1.46
MATERIAL;2557;"CAIXA DE LUZ ""4 X 4"" EM ACO ESMALTADA";UN;3.09
MATERIAL;10569;CAIXA DE PASSAGEM / DERIVACAO / LUZ, OCTOGONAL 4 X4, EM ACO ESMALTADA, COM FUNDO MOVEL SIMPLES (FMS);UN;3.09
MATERIAL;39810;CAIXA DE PASSAGEM ELETRICA DE PAREDE, DE EMBUTIR, EM PVC, COM TAMPA APARAFUSADA, DIMENSOES 120 X 120 X *75* MM;UN;32.82
MATERIAL;39811;CAIXA DE PASSAGEM ELETRICA DE PAREDE, DE EMBUTIR, EM PVC, COM TAMPA APARAFUSADA, DIMENSOES 150 X 150 X *75* MM;UN;40.14
MATERIAL;39812;CAIXA DE PASSAGEM ELETRICA DE PAREDE, DE EMBUTIR, EM PVC, COM TAMPA APARAFUSADA, DIMENSOES 200 X 200 X *90* MM;UN;66.01
MATERIAL;43096;CAIXA DE PASSAGEM ELETRICA DE PAREDE, DE EMBUTIR, EM TERMOPLASTICO / PVC, COM TAMPA APARAFUSADA, DIMENSOES 400 X 400 X *120* MM;UN;218.8
MATERIAL;43102;CAIXA DE PASSAGEM ELETRICA DE PAREDE, DE SOBREPOR, EM PVC, COM TAMPA APARAFUSADA, DIMENSOES 300 X 300 X *100* MM;UN;133.04
MATERIAL;43103;CAIXA DE PASSAGEM ELETRICA DE PAREDE, DE SOBREPOR, EM PVC, COM TAMPA APARAFUSADA, DIMENSOES, 400 X 400 X *120* MM;UN;195.91
MATERIAL;43098;CAIXA DE PASSAGEM ELETRICA DE PAREDE, DE SOBREPOR, EM TERMOPLASTICO / PVC, COM TAMPA APARAFUSADA, DIMENSOES 200 X 200 X *100* MM;UN;74.11
MATERIAL;43097;CAIXA DE PASSAGEM ELETRICA DE PAREDE, DE SOBREPOR, EM TERMOPLASTICO / PVC, COM TAMPA APARAFUSADA, DIMENSOES, 150 X 150 X *100* MM;UN;43.91
MATERIAL;43104;"CAIXA DE PASSAGEM ELETRICA, PARA PISO, EM PVC, DIMENSOES DE 3/4"" A 4""";UN;519.41
MATERIAL;39771;CAIXA DE PASSAGEM METALICA DE SOBREPOR COM TAMPA PARAFUSADA, DIMENSOES 20 X 20 X 10 CM;UN;29.75
MATERIAL;39772;CAIXA DE PASSAGEM METALICA DE SOBREPOR COM TAMPA PARAFUSADA, DIMENSOES 30 X 30 X 10 CM;UN;58.48
MATERIAL;39773;CAIXA DE PASSAGEM METALICA DE SOBREPOR COM TAMPA PARAFUSADA, DIMENSOES 40 X 40 X 15 CM;UN;94
MATERIAL;39774;CAIXA DE PASSAGEM METALICA DE SOBREPOR COM TAMPA PARAFUSADA, DIMENSOES 50 X 50 X 15 CM;UN;140.6
MATERIAL;39775;CAIXA DE PASSAGEM METALICA DE SOBREPOR COM TAMPA PARAFUSADA, DIMENSOES 60 X 60 X 20 CM;UN;187.65
MATERIAL;39776;CAIXA DE PASSAGEM METALICA DE SOBREPOR COM TAMPA PARAFUSADA, DIMENSOES 70 X 70 X 20 CM;UN;226.78
MATERIAL;39777;CAIXA DE PASSAGEM METALICA DE SOBREPOR COM TAMPA PARAFUSADA, DIMENSOES 80 X 80 X 20 CM;UN;287.44
MATERIAL;20254;CAIXA DE PASSAGEM METALICA, DE SOBREPOR, COM TAMPA APARAFUSADA, DIMENSOES 15 X 15 X *10* CM;UN;20.86
MATERIAL;20253;CAIXA DE PASSAGEM METALICA, DE SOBREPOR, COM TAMPA APARAFUSADA, DIMENSOES 35 X 35 X *12* CM;UN;68.51
MATERIAL;1872;"CAIXA DE PASSAGEM, EM PVC, DE 4"" X 2"", PARA ELETRODUTO FLEXIVEL CORRUGADO";UN;2.01
MATERIAL;1873;"CAIXA DE PASSAGEM, EM PVC, DE 4"" X 4"", PARA ELETRODUTO FLEXIVEL CORRUGADO";UN;3.99
MATERIAL;14055;CAIXA DE PASSAGEM/ LUZ / TELEFONIA, DE EMBUTIR, EM CHAPA DE ACO GALVANIZADO, DIMENSOES 120 X 120 X *12* CM (PADRAO CONCESSIONARIA LOCAL);UN;626.04
MATERIAL;11247;CAIXA DE PASSAGEM/ LUZ / TELEFONIA, DE EMBUTIR, EM CHAPA DE ACO GALVANIZADO, DIMENSOES 150 X 150 X 15 CM (PADRAO CONCESSIONARIA LOCAL);UN;1317.32
MATERIAL;11250;CAIXA DE PASSAGEM/ LUZ / TELEFONIA, DE EMBUTIR, EM CHAPA DE ACO GALVANIZADO, DIMENSOES 20 X 20 X *12* CM (PADRAO CONCESSIONARIA LOCAL);UN;56.71
MATERIAL;11249;CAIXA DE PASSAGEM/ LUZ / TELEFONIA, DE EMBUTIR, EM CHAPA DE ACO GALVANIZADO, DIMENSOES 200 X 200 X 20 CM (PADRAO CONCESSIONARIA LOCAL);UN;2573.2
MATERIAL;11251;CAIXA DE PASSAGEM/ LUZ / TELEFONIA, DE EMBUTIR, EM CHAPA DE ACO GALVANIZADO, DIMENSOES 40 X 40 X *12* CM (PADRAO CONCESSIONARIA LOCAL);UN;125.62
MATERIAL;11253;CAIXA DE PASSAGEM/ LUZ / TELEFONIA, DE EMBUTIR, EM CHAPA DE ACO GALVANIZADO, DIMENSOES 60 X 60 X *12* CM (PADRAO CONCESSIONARIA LOCAL);UN;208.17
MATERIAL;11255;CAIXA DE PASSAGEM/ LUZ / TELEFONIA, DE EMBUTIR, EM CHAPA DE ACO GALVANIZADO, DIMENSOES 80 X 80 X *12* CM (PADRAO CONCESSIONARIA LOCAL);UN;311.21
MATERIAL;11256;CAIXA DE PASSAGEM/ LUZ / TELEFONIA, DE SOBREPOR, EM CHAPA DE ACO GALVANIZADO, DIMENSOES 80 X 80 X *12* CM (PADRAO CONCESSIONARIA LOCAL);UN;389.82
MATERIAL;39693;CAIXA DE PROTECAO EXTERNA PARA MEDIDOR HOROSAZONAL, DE BAIXA TENSAO, COM MODULO, EM CHAPA DE ACO (PADRAO DA CONCESSIONARIA LOCAL);UN;2448.25
MATERIAL;39692;CAIXA DE PROTECAO PARA TRANSFORMADOR CORRENTE, EM CHAPA DE ACO 18 USG (PADRAO DA CONCESSIONARIA LOCAL);UN;783.38
MATERIAL;1062;CAIXA INTERNA/EXTERNA DE MEDICAO PARA 1 MEDIDOR TRIFASICO, COM VISOR, EM CHAPA DE ACO 18 USG (PADRAO DA CONCESSIONARIA LOCAL);UN;248.27
MATERIAL;39686;CAIXA INTERNA/EXTERNA DE MEDICAO PARA 4 MEDIDORES MONOFASICOS, COM VISOR, EM CHAPA DE ACO 18 USG (PADRAO DA CONCESSIONARIA LOCAL);UN;402
MATERIAL;43095;CAIXA MODULAR PARA MEDIDOR DE ENERGIA AGRUPADA, EM POLICARBONATO / TERMOPLASTICO, COM SUPORTE PARA DISJUNTOR (PADRAO DA CONCESSIONARIA LOCAL);UN;144.18
MATERIAL;1871;"CAIXA OCTOGONAL DE FUNDO MOVEL, EM PVC, DE 3"" X 3"", PARA ELETRODUTO FLEXIVEL CORRUGADO";UN;3.6
MATERIAL;12001;"CAIXA OCTOGONAL DE FUNDO MOVEL, EM PVC, DE 4"" X 4"", PARA ELETRODUTO FLEXIVEL CORRUGADO";UN;5.2
MATERIAL;11882;CAIXA PARA HIDROMETRO CONCRETO PRE MOLDADO, *0,24 M X 0,45 M X 0,30* M (L X C X A);UN;137.89
MATERIAL;1068;CAIXA PARA MEDICAO COLETIVA TIPO L, PADRAO BIFASICO OU TRIFASICO, PARA ATE 4 MEDIDORES, SEM BARRAMENTO E COM PORTAS INFERIOR E SUPERIOR;UN;1637.58
MATERIAL;39690;CAIXA PARA MEDICAO COLETIVA TIPO M, PADRAO BIFASICO OU TRIFASICO, PARA ATE 8 MEDIDORES, SEM BARRAMENTO E COM PORTAS INFERIOR E SUPERIOR;UN;2747.32
MATERIAL;39691;CAIXA PARA MEDICAO COLETIVA TIPO N, PADRAO BIFASICO OU TRIFASICO, PARA ATE 12 MEDIDORES, SEM BARRAMENTO E COM PORTAS INFERIOR E SUPERIOR;UN;3455.36
MATERIAL;39808;CAIXA PARA MEDIDOR MONOFASICO, EM POLICARBONATO / TERMOPLASTICO, PARA ALOJAR 1 DISJUNTOR (PADRAO DA CONCESSIONARIA LOCAL);UN;75.27
MATERIAL;39809;CAIXA PARA MEDIDOR POLIFASICO, EM POLICARBONATO / TERMOPLASTICO, PARA ALOJAR 1 DISJUNTOR (PADRAO DA CONCESSIONARIA LOCAL);UN;178.54
MATERIAL;43439;CAIXA PRE-MOLDADA PARA BOCA DE LOBO, EM CONCRETO ARMADO, COM FCK DE 25 MPA, COM DIMENSOES 1,10 X 0,65 X 1,00 M (COMPRIMENTO X LARGURA X ALTURA);UN;632.94
MATERIAL;5103;CAIXA SIFONADA PVC, 100 X 100 X 50 MM, COM GRELHA REDONDA, BRANCA;UN;27.93
MATERIAL;11880;CAIXA SIFONADA PVC, 250 X 230 X 75 MM, COM TAMPA CEGA QUADRADA, BRANCA;UN;117.5
MATERIAL;11714;CAIXA SIFONADA, PVC, 150 X *185* X 75 MM, COM GRELHA QUADRADA, BRANCA;UN;80.05
MATERIAL;11712;CAIXA SIFONADA, PVC, 150 X 150 X 50 MM, COM GRELHA QUADRADA, BRANCA (NBR 5688);UN;52.27
MATERIAL;11717;CAIXA SIFONADA, PVC, 150 X 150 X 50 MM, COM GRELHA REDONDA, BRANCA;UN;63.01
MATERIAL;1106;CAL HIDRATADA CH-I PARA ARGAMASSAS;KG;1.15
MATERIAL;11161;CAL HIDRATADA PARA PINTURA;KG;1.92
MATERIAL;1107;CAL VIRGEM COMUM PARA ARGAMASSAS (NBR 6453);KG;0.98
MATERIAL;44479;CALCARIO DOLOMITICO A (POSTO PEDREIRA/FORNECEDOR, SEM FRETE);KG;0.13
MAO DE OBRA;4759;CALCETEIRO / RASTELEIRO (HORISTA);H;27.37
MAO DE OBRA;41068;CALCETEIRO / RASTELEIRO (MENSALISTA);MES;4797.79
MATERIAL;12618;CALHA / PERFIL PLUVIAL DE PVC, DIAMETRO ENTRE *119 E 170* MM, COMPRIMENTO DE 3 M, PARA DRENAGEM PLUVIAL PREDIAL;UN;222.06
MATERIAL;1108;CALHA MOLDURA AMERICANA DE CHAPA DE ACO GALVANIZADA NUM 26, CORTE 33 CM;M;26.7
MATERIAL;1117;CALHA PARA AGUA FURTADA DE CHAPA DE ACO GALVANIZADA NUM 26, CORTE 40 CM;M;26.91
MATERIAL;1118;CALHA PARA AGUA FURTADA DE CHAPA DE ACO GALVANIZADA NUM 26, CORTE 50 CM;M;31.81
MATERIAL;1110;CALHA PLATIBANDA DE CHAPA DE ACO GALVANIZADA NUM 26, CORTE 45 CM;M;31.81
MATERIAL;40784;CALHA QUADRADA DE CHAPA DE ACO GALVANIZADA NUM 24, CORTE 100 CM;M;87.74
MATERIAL;40782;CALHA QUADRADA DE CHAPA DE ACO GALVANIZADA NUM 24, CORTE 33 CM;M;34.43
MATERIAL;40783;CALHA QUADRADA DE CHAPA DE ACO GALVANIZADA NUM 24, CORTE 50 CM;M;44.85
MATERIAL;1109;CALHA QUADRADA DE CHAPA DE ACO GALVANIZADA NUM 26, CORTE 33 CM;M;26.7
MATERIAL;1119;CALHA QUADRADA DE CHAPA DE ACO GALVANIZADA NUM 28, CORTE 25 CM;M;17.21
MATERIAL;13115;CALHA/CANALETA DE CONCRETO SIMPLES, TIPO MEIA CANA, DIAMETRO DE 20 CM, PARA AGUA PLUVIAL;M;29.24
MATERIAL;10541;CALHA/CANALETA DE CONCRETO SIMPLES, TIPO MEIA CANA, DIAMETRO DE 30 CM, PARA AGUA PLUVIAL;M;35.73
MATERIAL;10542;CALHA/CANALETA DE CONCRETO SIMPLES, TIPO MEIA CANA, DIAMETRO DE 40 CM, PARA AGUA PLUVIAL;M;46.73
MATERIAL;10543;CALHA/CANALETA DE CONCRETO SIMPLES, TIPO MEIA CANA, DIAMETRO DE 50 CM, PARA AGUA PLUVIAL;M;75.82
MATERIAL;10544;CALHA/CANALETA DE CONCRETO SIMPLES, TIPO MEIA CANA, DIAMETRO DE 60 CM, PARA AGUA PLUVIAL;M;98.07
MATERIAL;10545;CALHA/CANALETA DE CONCRETO SIMPLES, TIPO MEIA CANA, DIAMETRO DE 80 CM, PARA AGUA PLUVIAL;M;183.27
MATERIAL;38365;CAMADA SEPARADORA DE FILME DE POLIETILENO 20 A 25 MICRA;M2;2.31
EQUIPAMENTO (AQUISIÇÃO);44056;CAMINHAO TOCO, PESO BRUTO TOTAL 10700 KG, CARGA UTIL MAXIMA 7400 KG, DISTANCIA ENTRE EIXOS 4,00 M, POTENCIA 175 CV (INCLUI CABINE E CHASSI, NAO INCLUI CARROCERIA);UN;490767.54
EQUIPAMENTO (AQUISIÇÃO);44057;CAMINHAO TOCO, PESO BRUTO TOTAL 13200 KG, CARGA UTIL MAXIMA 9200 KG, DISTANCIA ENTRE EIXOS 3,31 M, POTENCIA 175 CV (INCLUI CABINE E CHASSI, NAO INCLUI CARROCERIA);UN;523800
EQUIPAMENTO (AQUISIÇÃO);37754;CAMINHAO TOCO, PESO BRUTO TOTAL 14300 KG, CARGA UTIL MAXIMA 9480 KG, DISTANCIA ENTRE EIXOS 4,80 M, POTENCIA 185 CV (INCLUI CABINE E CHASSI, NAO INCLUI CARROCERIA);UN;541543.14
EQUIPAMENTO (AQUISIÇÃO);44058;CAMINHAO TOCO, PESO BRUTO TOTAL 16000 KG, CARGA UTIL MAXIMA 10830 KG, DISTANCIA ENTRE EIXOS 3,56 M, POTENCIA 226 CV (INCLUI CABINE E CHASSI, NAO INCLUI CARROCERIA);UN;570989.19
EQUIPAMENTO (AQUISIÇÃO);37752;CAMINHAO TOCO, PESO BRUTO TOTAL 16000 KG, CARGA UTIL MAXIMA 11030 KG, DISTANCIA ENTRE EIXOS 5,41 M, POTENCIA 185 CV (INCLUI CABINE E CHASSI, NAO INCLUI CARROCERIA);UN;594583.76
EQUIPAMENTO (AQUISIÇÃO);37758;CAMINHAO TRUCADO, PESO BRUTO TOTAL 23000 KG, CARGA UTIL MAXIMA 15285 KG, DISTANCIA ENTRE EIXOS 4,80 M, POTENCIA 326 CV (INCLUI CABINE E CHASSI, NAO INCLUI CARROCERIA);UN;749364.3
EQUIPAMENTO (AQUISIÇÃO);44060;CAMINHAO TRUCADO, PESO BRUTO TOTAL 23000 KG, CARGA UTIL MAXIMA 15460 KG, DISTANCIA ENTRE EIXOS 4,80 M, POTENCIA 286 CV (INCLUI CABINE E CHASSI, NAO INCLUI CARROCERIA);UN;724825.95
EQUIPAMENTO (AQUISIÇÃO);44061;CAMINHAO TRUCADO, PESO BRUTO TOTAL 23000 KG, CARGA UTIL MAXIMA 16540 KG, DISTANCIA ENTRE EIXOS 4,80 M, POTENCIA 256 CV (INCLUI CABINE E CHASSI, NAO INCLUI CARROCERIA);UN;710669.21
EQUIPAMENTO (AQUISIÇÃO);1159;CAMINHONETE COM MOTOR A DIESEL, POTENCIA *160* CV, CABINE DUPLA, 4X4;UN;281980
MATERIAL;12114;CAMPAINHA ALTA POTENCIA 110V / 220V, DIAMETRO 150 MM;UN;145.99
MATERIAL;38106;CAMPAINHA CIGARRA 127 V / 220 V (APENAS MODULO);UN;19.84
MATERIAL;38085;"CAMPAINHA CIGARRA 127 V / 220 V, CONJUNTO MONTADO PARA EMBUTIR 4"" X 2"" (PLACA + SUPORTE + MODULO)";UN;23.43
MATERIAL;659;CANALETA DE CONCRETO 14 X 19 X 19 CM (CLASSE C - NBR 6136);UN;3.14
MATERIAL;660;CANALETA DE CONCRETO 19 X 19 X 19 CM (CLASSE C - NBR 6136);UN;3.77
MATERIAL;658;CANALETA DE CONCRETO 9 X 19 X 19 CM (CLASSE C - NBR 6136);UN;2.12
MATERIAL;38599;CANALETA DE CONCRETO ESTRUTURAL 14 X 19 X 29 CM, FBK 14 MPA (NBR 6136);UN;6.54
MATERIAL;38596;CANALETA DE CONCRETO ESTRUTURAL 14 X 19 X 29 CM, FBK 4,5 MPA (NBR 6136);UN;5.43
MATERIAL;38600;CANALETA DE CONCRETO ESTRUTURAL 14 X 19 X 39 CM, FBK 14 MPA (NBR 6136);UN;6.93
MATERIAL;38597;CANALETA DE CONCRETO ESTRUTURAL 14 X 19 X 39 CM, FBK 4,5 MPA (NBR 6136);UN;5.47
MATERIAL;38548;CANALETA ESTRUTURAL CERAMICA DE 14 X 19 X 19 CM (L X A X C) E 6,0 MPA;UN;1.97
MATERIAL;34649;CANALETA ESTRUTURAL CERAMICA DE 14 X 19 X 29 CM (L X A X C) E 6,0 MPA;UN;2.89
MATERIAL;34655;CANALETA ESTRUTURAL CERAMICA DE 14 X 19 X 39 CM (L X A X C) E 6,0 MPA;UN;4.25
MATERIAL;40607;CANOPLA ACABAMENTO CROMADO PARA INSTALACAO DE SPRINKLER, SOB FORRO, 15 MM;UN;5.99
MATERIAL;567;CANTONEIRA (ABAS IGUAIS) EM ACO CARBONO, 25,4 MM X 3,17 MM (L X E), 1,27KG/M;M;11.27
MATERIAL;574;CANTONEIRA (ABAS IGUAIS) EM ACO CARBONO, 38,1 MM X 3,17 MM (L X E), 3,48 KG/M;M;29.64
MATERIAL;568;CANTONEIRA (ABAS IGUAIS) EM ACO CARBONO, 50,8 MM X 9,53 MM (L X E), 6,99 KG/M;M;62.45
MATERIAL;4777;"CANTONEIRA ACO ABAS IGUAIS (QUALQUER BITOLA), ESPESSURA ENTRE 1/8"" E 1/4""";KG;8.02
MATERIAL;592;"CANTONEIRA EM ALUMINIO, ABAS IGUAIS, LARGURA DE 25,40 MM (1""), ESPESSURA DE 3,17 MM (1/8"") E PESO LINEAR DE APROXIMADAMENTE 0,408 KG/M";KG;40.65
MATERIAL;586;"CANTONEIRA EM ALUMINIO, ABAS IGUAIS, LARGURA DE 25,40 MM (1""), ESPESSURA DE 4,76 MM (3/16"") E PESO LINEAR DE APROXIMADAMENTE 0,593 KG/M";M;23.9
MATERIAL;588;"CANTONEIRA EM ALUMINIO, ABAS IGUAIS, LARGURA DE 31,75 MM (1 1/4""), ESPESSURA DE 4,76 MM (3/16"") E PESO LINEAR DE APROXIMADAMENTE 0,755 KG/M";M;37.8
MATERIAL;591;"CANTONEIRA EM ALUMINIO, ABAS IGUAIS, LARGURA DE 38,10 MM (1 1/2""), ESPESSURA DE 4,76 MM (3/16"") E PESO LINEAR DE APROXIMADAMENTE 0,915 KG/M";KG;37.93
MATERIAL;584;"CANTONEIRA EM ALUMINIO, ABAS IGUAIS, LARGURA DE 50,80 MM (2""), ESPESSURA DE 3,17 MM (1/8"") E PESO LINEAR DE APROXIMADAMENTE 0,842 KG/M";M;40.37
MATERIAL;589;"CANTONEIRA EM ALUMINIO, ABAS IGUAIS, LARGURA DE 50,80 MM (2""), ESPESSURA DE 6,35 MM (1/4"") E PESO LINEAR DE APROXIMADAMENTE 1,630 KG/M";M;63.9
MATERIAL;1165;"CAP OU TAMPAO DE FERRO GALVANIZADO, COM ROSCA BSP, DE 1 1/2""";UN;20.78
MATERIAL;1164;"CAP OU TAMPAO DE FERRO GALVANIZADO, COM ROSCA BSP, DE 1 1/4""";UN;16.83
MATERIAL;1170;"CAP OU TAMPAO DE FERRO GALVANIZADO, COM ROSCA BSP, DE 1""";UN;11.03
MATERIAL;1162;"CAP OU TAMPAO DE FERRO GALVANIZADO, COM ROSCA BSP, DE 1/2""";UN;5.85
MATERIAL;12395;"CAP OU TAMPAO DE FERRO GALVANIZADO, COM ROSCA BSP, DE 1/4""";UN;5.69
MATERIAL;1169;"CAP OU TAMPAO DE FERRO GALVANIZADO, COM ROSCA BSP, DE 2 1/2""";UN;54.15
MATERIAL;1166;"CAP OU TAMPAO DE FERRO GALVANIZADO, COM ROSCA BSP, DE 2""";UN;30.02
MATERIAL;1168;"CAP OU TAMPAO DE FERRO GALVANIZADO, COM ROSCA BSP, DE 3""";UN;77.2
MATERIAL;1163;"CAP OU TAMPAO DE FERRO GALVANIZADO, COM ROSCA BSP, DE 3/4""";UN;7.56
MATERIAL;12396;"CAP OU TAMPAO DE FERRO GALVANIZADO, COM ROSCA BSP, DE 3/8""";UN;5.69
MATERIAL;1167;"CAP OU TAMPAO DE FERRO GALVANIZADO, COM ROSCA BSP, DE 4""";UN;129.13
MATERIAL;36331;CAP PPR DN 20 MM, PARA AGUA QUENTE PREDIAL;UN;2.89
MATERIAL;36346;CAP PPR DN 25 MM, PARA AGUA QUENTE PREDIAL;UN;4.33
MATERIAL;1202;"CAP PVC, ROSCAVEL, 1"", PARA AGUA FRIA PREDIAL";UN;6.25
MATERIAL;1197;"CAP PVC, ROSCAVEL, 1/2"", PARA AGUA FRIA PREDIAL";UN;2.2
MATERIAL;1198;"CAP PVC, ROSCAVEL, 3/4"", PARA AGUA FRIA PREDIAL";UN;2.89
MATERIAL;20088;CAP PVC, SERIE R, DN 100 MM, PARA ESGOTO PREDIAL;UN;17.08
MATERIAL;20089;CAP PVC, SERIE R, DN 150 MM, PARA ESGOTO PREDIAL;UN;83.76
MATERIAL;20087;CAP PVC, SERIE R, DN 75 MM, PARA ESGOTO PREDIAL;UN;14.14
MATERIAL;1191;CAP PVC, SOLDAVEL, 20 MM, PARA AGUA FRIA PREDIAL;UN;1.57
MATERIAL;1185;CAP PVC, SOLDAVEL, 25 MM, PARA AGUA FRIA PREDIAL;UN;1.57
MATERIAL;1189;CAP PVC, SOLDAVEL, 32 MM, PARA AGUA FRIA PREDIAL;UN;2.57
MATERIAL;1193;CAP PVC, SOLDAVEL, 40 MM, PARA AGUA FRIA PREDIAL;UN;4.94
MATERIAL;1194;CAP PVC, SOLDAVEL, 50 MM, PARA AGUA FRIA PREDIAL;UN;8.92
MATERIAL;1195;CAP PVC, SOLDAVEL, 60 MM, PARA AGUA FRIA PREDIAL;UN;15.01
MATERIAL;1204;CAP PVC, SOLDAVEL, 75 MM, PARA AGUA FRIA PREDIAL;UN;26.26
MATERIAL;1200;CAP PVC, SOLDAVEL, DN 100 MM, SERIE NORMAL, PARA ESGOTO PREDIAL;UN;12.84
MATERIAL;12909;CAP PVC, SOLDAVEL, DN 50 MM, SERIE NORMAL, PARA ESGOTO PREDIAL;UN;5.96
MATERIAL;12910;CAP PVC, SOLDAVEL, DN 75 MM, SERIE NORMAL, PARA ESGOTO PREDIAL;UN;10.7
MATERIAL;1207;CAP, PVC PBA, JE, DN 100 / DE 110 MM, PARA REDE DE AGUA (NBR 10351);UN;35.51
MATERIAL;1206;CAP, PVC PBA, JE, DN 50 / DE 60 MM, PARA REDE DE AGUA (NBR 10351);UN;8.9
MATERIAL;1183;CAP, PVC PBA, JE, DN 75 / DE 85 MM, PARA REDE DE AGUA (NBR 10351);UN;23.19
MATERIAL;42685;CAP, PVC, JE, OCRE, DN 150 MM (CONEXAO PARA TUBO COLETOR DE ESGOTO);UN;86.8
MATERIAL;42686;CAP, PVC, JE, OCRE, DN 200 MM (CONEXAO PARA TUBO COLETOR DE ESGOTO);UN;95.6
MATERIAL;12894;CAPA PARA CHUVA EM PVC COM FORRO DE POLIESTER, COM CAPUZ (AMARELA OU AZUL);UN;23.53
MATERIAL;12895;CAPACETE DE SEGURANCA ABA FRONTAL COM SUSPENSAO DE POLIETILENO, SEM JUGULAR (CLASSE B);UN;15.8
MATERIAL;1631;CAPACITOR TRIFASICO, POTENCIA 2,5 KVAR, TENSAO 220 V, FORNECIDO COM CAPA PROTETORA, RESISTOR INTERNO A UNIDADE CAPACITIVA;UN;150.28
MATERIAL;1633;CAPACITOR TRIFASICO, POTENCIA 5 KVAR, TENSAO 220 V, FORNECIDO COM CAPA PROTETORA, RESISTOR INTERNO A UNIDADE CAPACITIVA;UN;255.33
MATERIAL;10818;CAPIM BRAQUIARIA DECUMBENS/ BRAQUIARINHA, VC *70*% MINIMO;KG;62.26
MATERIAL;41410;CAPTOR FRANKLIN (4 PONTAS), EM LATAO CROMADO, H = 300 MM, DUAS DESCIDAS;UN;73.75
MATERIAL;41411;CAPTOR FRANKLIN (4 PONTAS), EM LATAO CROMADO, H = 300 MM, UMA DESCIDA;UN;66.86
MATERIAL;41412;CAPTOR FRANKLIN (4 PONTAS), EM LATAO CROMADO, H = 350 MM, DUAS DESCIDAS;UN;129.32
MATERIAL;41413;CAPTOR FRANKLIN (4 PONTAS), EM LATAO CROMADO, H=350 MM, UMA DESCIDA;UN;116.37
MATERIAL;39359;CARENAGEM /TAMPA, EM PLASTICO, COR BRANCA, UTILIZADO EM KIT CHASSI METALICO PARA INSTAL. HIDRAULICA DE CUBA SIMPLES SEM MAQUINA DE LAVAR ROUPA, *355* X *670* MM (L X H) (COM FUROS E DEMAIS ENCAIXES);UN;39.33
MATERIAL;39360;CARENAGEM /TAMPA, EM PLASTICO, COR BRANCA, UTILIZADO EM KIT CHASSI METALICO PARA INSTAL. HIDRAULICA DE TANQUE COM MAQUINA DE LAVAR ROUPA, *360* X *470* MM (L X H) (COM FUROS E DEMAIS ENCAIXES);UN;39.33
SERVIÇOS;10710;CARPETE DE NYLON EM MANTA PARA TRAFEGO COMERCIAL PESADO, E = 6 A 7 MM (INSTALADO);M2;221
SERVIÇOS;10709;CARPETE DE NYLON EM MANTA PARA TRAFEGO COMERCIAL PESADO, E = 9 A 10 MM (INSTALADO);M2;271.51
SERVIÇOS;39636;CARPETE DE NYLON EM PLACAS 50 X 50 CM PARA TRAFEGO COMERCIAL PESADO, E = 6,5 MM (INSTALADO);M2;277.25
SERVIÇOS;10708;CARPETE DE POLIESTER EM MANTA PARA TRAFEGO COMERCIAL PESADO, E = 4 A 5 MM (INSTALADO);M2;85.55
SERVIÇOS;39635;CARPETE DE POLIPROPILENO EM MANTA PARA TRAFEGO COMERCIAL MEDIO, E = 5 A 6 MM (INSTALADO);M2;145.65
MAO DE OBRA;6117;CARPINTEIRO AUXILIAR (HORISTA);H;25.07
MAO DE OBRA;40913;CARPINTEIRO AUXILIAR (MENSALISTA);MES;4391.65
MAO DE OBRA;1214;CARPINTEIRO DE ESQUADRIAS (HORISTA);H;27.39
MAO DE OBRA;40915;CARPINTEIRO DE ESQUADRIAS (MENSALISTA);MES;4797.83
MAO DE OBRA;40914;CARPINTEIRO DE FORMAS OU OFICIAL (MENSALISTA);MES;4797.83
MAO DE OBRA;1213;CARPINTEIRO DE FORMAS PARA CONCRETO (HORISTA);H;27.39
MATERIAL;5091;CARRANCA PARA JANELA VENEZIANA DE ABRIR, EM LATAO CROMADO, SIMPLES, PARA APARAFUSAR NA PAREDE;UN;19.59
MATERIAL;2711;CARRINHO DE MAO, EM ACO, COM CAPACIDADE DE *45 A 65* L / *100* KG, PNEU COM CAMARA;UN;216.26
MATERIAL;45235;CARRINHO PLATAFORMA EM MADEIRA COM ESTRUTURA EM ACO, 1500 X 800 MM, COM CAPACIDADE DE 600 KG, 4 RODAS/PNEUS/CAMARAS;UN;1393.31
EQUIPAMENTO (AQUISIÇÃO);37727;CARROCERIA FIXA ABERTA DE MADEIRA PARA TRANSPORTE GERAL DE CARGA SECA DIMENSOES APROXIMADAS 2,25 X 4,10 X 0,50 M (INCLUI MONTAGEM, NAO INCLUI CAMINHAO);UN;18958.29
EQUIPAMENTO (AQUISIÇÃO);37730;CARROCERIA FIXA ABERTA DE MADEIRA PARA TRANSPORTE GERAL DE CARGA SECA DIMENSOES APROXIMADAS 2,5 X 6,5 X 0,50 M (INCLUI MONTAGEM, NAO INCLUI CAMINHAO);UN;29962.05
EQUIPAMENTO (AQUISIÇÃO);37731;CARROCERIA FIXA ABERTA DE MADEIRA PARA TRANSPORTE GERAL DE CARGA SECA DIMENSOES APROXIMADAS 2,5 X 7,00 X 0,50 M (INCLUI MONTAGEM, NAO INCLUI CAMINHAO);UN;32083.26
EQUIPAMENTO (AQUISIÇÃO);37732;CARROCERIA FIXA ABERTA DE MADEIRA PARA TRANSPORTE GERAL DE CARGA SECA DIMENSOES APROXIMADAS 2,5 X 7,5 X 0,50 M (INCLUI MONTAGEM, NAO INCLUI CAMINHAO);UN;36590.82
MATERIAL;45194;CAVALETE DE FERRO DOBRAVEL, ALTURA 80 CM;UN;202.85
EQUIPAMENTO (AQUISIÇÃO);37762;CAVALO MECANICO TRACAO 4X2, PESO BRUTO TOTAL 16000 KG, CAPACIDADE MAXIMA DE TRACAO *36000* KG, DISTANCIA ENTRE EIXOS *3,56* M, POTENCIA *286* CV (INCLUI CABINE E CHASSI, NAO INCLUI SEMIRREBOQUE);UN;751776.94
EQUIPAMENTO (AQUISIÇÃO);37763;CAVALO MECANICO TRACAO 4X2, PESO BRUTO TOTAL 16000 KG, CAPACIDADE MAXIMA DE TRACAO *45000* KG, DISTANCIA ENTRE EIXOS *3,56* M, POTENCIA *330* CV (INCLUI CABINE E CHASSI, NAO INCLUI SEMIRREBOQUE);UN;760907.71
EQUIPAMENTO (AQUISIÇÃO);41992;CAVALO MECANICO TRACAO 4X2, PESO BRUTO TOTAL 16000 KG, CAPACIDADE MAXIMA DE TRACAO *80000* KG, POTENCIA *380* CV (INCLUI CABINE E CHASSI, NAO INCLUI SEMIRREBOQUE);UN;865000
EQUIPAMENTO (AQUISIÇÃO);13215;CAVALO MECANICO TRACAO 6X2, PESO BRUTO TOTAL COMBINADO 56000 KG, CAPACIDADE MAXIMA DE TRACAO *66000* KG, POTENCIA *360* CV (INCLUI CABINE E CHASSI, NAO INCLUI SEMIRREBOQUE);UN;1060705.38
MAO DE OBRA;4235;CAVOUQUEIRO OU OPERADOR DE PERFURATRIZ / ROMPEDOR (HORISTA);H;40.65
MAO DE OBRA;40976;CAVOUQUEIRO OU OPERADOR DE PERFURATRIZ / ROMPEDOR (MENSALISTA);MES;7121.46
MATERIAL;43091;CENTRO DE MEDICAO AGRUPADA, EM POLICARBONATO / PVC, COM 12 MEDIDORES E PROTECAO GERAL (INCLUI BARRAMENTO, DISJUNTORES E ACESSORIOS DE FIXACAO) (PADRAO CONCESSIONARIA LOCAL);UN;6022.22
MATERIAL;43092;CENTRO DE MEDICAO AGRUPADA, EM POLICARBONATO / PVC, COM 16 MEDIDORES E PROTECAO GERAL (INCLUI BARRAMENTO, DISJUNTORES E ACESSORIOS DE FIXACAO) (PADRAO CONCESSIONARIA LOCAL);UN;8029.63
MATERIAL;43089;CENTRO DE MEDICAO AGRUPADA, EM POLICARBONATO / PVC, COM 4 MEDIDORES E PROTECAO GERAL (INCLUI BARRAMENTO, DISJUNTORES E ACESSORIOS DE FIXACAO) (PADRAO CONCESSIONARIA LOCAL);UN;1399.39
MATERIAL;43090;CENTRO DE MEDICAO AGRUPADA, EM POLICARBONATO / PVC, COM 8 MEDIDORES E PROTECAO GERAL (INCLUI BARRAMENTO, DISJUNTORES E ACESSORIOS DE FIXACAO) (PADRAO CONCESSIONARIA LOCAL);UN;3088.31
MATERIAL;41967;CERA LIQUIDA INCOLOR MULTIPISO;L;28.44
MATERIAL;12760;CHAPA ACO INOX AISI 304 NUMERO 4 (E = 6 MM), ACABAMENTO NUMERO 1 (LAMINADO A QUENTE, FOSCO);M2;1453.16
MATERIAL;12759;CHAPA ACO INOX AISI 304 NUMERO 9 (E = 4 MM), ACABAMENTO NUMERO 1 (LAMINADO A QUENTE, FOSCO);M2;968.76
MATERIAL;43105;CHAPA DE ACO CARBONO GALVANIZADA, PERFURADA (GRADE FUROS) E = 1,5 MM, DIAMETRO DO FURO = 9,52 MM (FUROS ALTERNADOS HORIZ.);KG;34.73
MATERIAL;40424;"CHAPA DE ACO CARBONO LAMINADO A QUENTE, QUALIDADE ESTRUTURAL, BITOLA 3/16"", E =4,75 MM (37,29 KG/M2)";KG;8.82
MATERIAL;1325;CHAPA DE ACO FINA A FRIO BITOLA MSG 20, E = 0,90 MM (7,20 KG/M2);KG;9.66
MATERIAL;1327;CHAPA DE ACO FINA A FRIO BITOLA MSG 24, E = 0,60 MM (4,80 KG/M2);KG;10.29
MATERIAL;1328;CHAPA DE ACO FINA A FRIO BITOLA MSG 26, E = 0,45 MM (3,60 KG/M2);KG;9.69
MATERIAL;1321;CHAPA DE ACO FINA A QUENTE BITOLA MSG 13, E = 2,25 MM (18,00 KG/M2);KG;8.97
MATERIAL;1318;CHAPA DE ACO FINA A QUENTE BITOLA MSG 14, E = 2,00 MM (16,0 KG/M2);KG;8.98
MATERIAL;1322;CHAPA DE ACO FINA A QUENTE BITOLA MSG 16, E = 1,50 MM (12,00 KG/M2);KG;9.48
MATERIAL;1323;CHAPA DE ACO FINA A QUENTE BITOLA MSG 18, E = 1,20 MM (9,60 KG/M2);KG;9.48
MATERIAL;1319;"CHAPA DE ACO FINA A QUENTE BITOLA MSG 3/16"", E = 4,75 MM (38,00 KG/M2)";KG;7.99
MATERIAL;11026;CHAPA DE ACO GALVANIZADA BITOLA GSG 14, E = 1,95 MM (15,60 KG/M2);KG;10.99
MATERIAL;11027;CHAPA DE ACO GALVANIZADA BITOLA GSG 16, E = 1,55 MM (12,40 KG/M2);KG;11.44
MATERIAL;11046;CHAPA DE ACO GALVANIZADA BITOLA GSG 18, E = 1,25 MM (10,00 KG/M2);KG;10.96
MATERIAL;11047;CHAPA DE ACO GALVANIZADA BITOLA GSG 19, E = 1,11 MM (8,88 KG/M2);KG;11.95
MATERIAL;43668;CHAPA DE ACO GALVANIZADA BITOLA GSG 20, E = 0,95 MM (7,60 KG/M2);KG;10.54
MATERIAL;11049;CHAPA DE ACO GALVANIZADA BITOLA GSG 22, E = 0,80 MM (6,40 KG/M2);KG;11.42
MATERIAL;43106;CHAPA DE ACO GALVANIZADA BITOLA GSG 24, E = 0,64 (5,12 KG/M2);KG;11.49
MATERIAL;11051;CHAPA DE ACO GALVANIZADA BITOLA GSG 26, E = 0,50 MM (4,00 KG/M2);KG;11.99
MATERIAL;11061;CHAPA DE ACO GALVANIZADA BITOLA GSG 30, E = 0,35 MM (2,80 KG/M2);KG;14.38
MATERIAL;43667;"CHAPA DE ACO GROSSA, ASTM A36, E = 1"" (25,40 MM) 199,18 KG/M2";KG;10.45
MATERIAL;1333;"CHAPA DE ACO GROSSA, ASTM A36, E = 1/2"" (12,70 MM) 99,59 KG/M2";KG;8.71
MATERIAL;1330;"CHAPA DE ACO GROSSA, ASTM A36, E = 1/4"" (6,35 MM) 49,79 KG/M2";KG;8.63
MATERIAL;10957;"CHAPA DE ACO GROSSA, ASTM A36, E = 3/4"" (19,05 MM) 149,39 KG/M2";KG;9.95
MATERIAL;1332;"CHAPA DE ACO GROSSA, ASTM A36, E = 3/8"" (9,53 MM) 74,69 KG/M2";KG;8.85
MATERIAL;1334;"CHAPA DE ACO GROSSA, ASTM A36, E = 5/8"" (15,88 MM) 124,49 KG/M2";KG;9.81
MATERIAL;1335;"CHAPA DE ACO GROSSA, ASTM A36, E = 7/8"" (22,23 MM) 174,28 KG/M2";KG;10.13
MATERIAL;40425;"CHAPA DE ACO GROSSA, SAE 1020, BITOLA 1/4"", E = 6,35 MM (49,85 KG/M2)";KG;8.67
MATERIAL;1337;"CHAPA DE ACO XADREZ PARA PISOS, E = 1/4"" (6,30 MM) 54,53 KG/M2";KG;9.95
MATERIAL;34659;CHAPA DE MDF BRANCO LISO 1 FACE, E = 12 MM, DE *2,75 X 1,85* M;M2;48.43
MATERIAL;34514;CHAPA DE MDF BRANCO LISO 1 FACE, E = 15 MM, DE *2,75 X 1,85* M;M2;53.64
MATERIAL;34660;CHAPA DE MDF BRANCO LISO 1 FACE, E = 18 MM, DE *2,75 X 1,85* M;M2;68.07
MATERIAL;34661;CHAPA DE MDF BRANCO LISO 1 FACE, E = 25 MM, DE *2,75 X 1,85* M;M2;97.77
MATERIAL;34667;CHAPA DE MDF BRANCO LISO 1 FACE, E = 6 MM, DE *2,75 X 1,85* M;M2;35.4
MATERIAL;34668;CHAPA DE MDF BRANCO LISO 1 FACE, E = 9 MM, DE *2,75 X 1,85* M;M2;46.27
MATERIAL;34741;CHAPA DE MDF BRANCO LISO 2 FACES, E = 12 MM, DE *2,75 X 1,85* M;M2;50.91
MATERIAL;34664;CHAPA DE MDF BRANCO LISO 2 FACES, E = 15 MM, DE *2,75 X 1,85* M;M2;55.55
MATERIAL;34665;CHAPA DE MDF BRANCO LISO 2 FACES, E = 18 MM, DE *2,75 X 1,85* M;M2;68.96
MATERIAL;34666;CHAPA DE MDF BRANCO LISO 2 FACES, E = 25 MM, DE *2,75 X 1,85* M;M2;104.17
MATERIAL;34669;CHAPA DE MDF BRANCO LISO 2 FACES, E = 6 MM, DE *2,75 X 1,85* M;M2;38.19
MATERIAL;34670;CHAPA DE MDF BRANCO LISO 2 FACES, E = 9 MM, DE *2,75 X 1,85* M;M2;46.71
MATERIAL;34671;CHAPA DE MDF CRU, E = 12 MM, DE *2,75 X 1,85* M;M2;38.99
MATERIAL;34672;CHAPA DE MDF CRU, E = 15 MM, DE *2,75 X 1,85* M;M2;41.12
MATERIAL;34673;CHAPA DE MDF CRU, E = 18 MM, DE *2,75 X 1,85* M;M2;50.17
MATERIAL;34674;CHAPA DE MDF CRU, E = 20 MM, DE *2,75 X 1,85* M;M2;66.7
MATERIAL;34675;CHAPA DE MDF CRU, E = 25 MM, DE *2,75 X 1,85* M;M2;81.32
MATERIAL;34676;CHAPA DE MDF CRU, E = 6 MM, DE *2,75 X 1,85* M;M2;23.41
MATERIAL;34677;CHAPA DE MDF CRU, E = 9 MM, DE *2,75 X 1,85* M;M2;31.48
MATERIAL;43126;CHAPA EM ACO GALVANIZADO PARA STEEL DECK, COM NERVURAS TRAPEZOIDAIS, LARGURA UTIL DE 915 MM E ESPESSURA DE 0,80 MM;M2;114.58
MATERIAL;43124;CHAPA EM ACO GALVANIZADO PARA STEEL DECK, COM NERVURAS TRAPEZOIDAIS, LARGURA UTIL DE 915 MM E ESPESSURA DE 0,95 MM;M2;133.78
MATERIAL;43125;CHAPA EM ACO GALVANIZADO PARA STEEL DECK, COM NERVURAS TRAPEZOIDAIS, LARGURA UTIL DE 915 MM E ESPESSURA DE 1,25 MM;M2;173.5
MATERIAL;40623;"CHAPA PARA EMENDA DE VIGA, EM ACO GROSSO, QUALIDADE ESTRUTURAL, BITOLA 3/16"", E= 4,75 MM, 4 FUROS, LARGURA 45 MM, COMPRIMENTO 500 MM";PAR;96.86
MATERIAL;1345;CHAPA/PAINEL DE MADEIRA COMPENSADA PLASTIFICADA (MADEIRITE PLASTIFICADO) PARA FORMA DE CONCRETO, DE 2200 X 1100 MM, E = *17* MM;M2;69.08
MATERIAL;1346;CHAPA/PAINEL DE MADEIRA COMPENSADA PLASTIFICADA (MADEIRITE PLASTIFICADO) PARA FORMA DE CONCRETO, DE 2200 X 1100 MM, E = 10 MM;M2;40.18
MATERIAL;1347;CHAPA/PAINEL DE MADEIRA COMPENSADA PLASTIFICADA (MADEIRITE PLASTIFICADO) PARA FORMA DE CONCRETO, DE 2200 X 1100 MM, E = 12 MM;M2;49.79
MATERIAL;43678;CHAPA/PAINEL DE MADEIRA COMPENSADA PLASTIFICADA (MADEIRITE PLASTIFICADO) PARA FORMA DE CONCRETO, DE 2200 X 1100 MM, E = 14 MM;M2;57.75
MATERIAL;43680;CHAPA/PAINEL DE MADEIRA COMPENSADA PLASTIFICADA (MADEIRITE PLASTIFICADO) PARA FORMA DE CONCRETO, DE 2200 X 1100 MM, E = 20 MM;M2;83.19
MATERIAL;43679;CHAPA/PAINEL DE MADEIRA COMPENSADA PLASTIFICADA (MADEIRITE PLASTIFICADO) PARA FORMA DE CONCRETO, DE 2200 X 1100 MM, E = 6 MM;M2;29.19
MATERIAL;1355;CHAPA/PAINEL DE MADEIRA COMPENSADA RESINADA (MADEIRITE RESINADO ROSA) PARA FORMA DE CONCRETO, DE 2200 X 1100 MM, E = 14 MM;M2;33.22
MATERIAL;1358;CHAPA/PAINEL DE MADEIRA COMPENSADA RESINADA (MADEIRITE RESINADO ROSA) PARA FORMA DE CONCRETO, DE 2200 X 1100 MM, E = 17 MM;M2;40.79
MATERIAL;43677;CHAPA/PAINEL DE MADEIRA COMPENSADA RESINADA (MADEIRITE RESINADO ROSA) PARA FORMA DE CONCRETO, DE 2200 X 1100 MM, E = 20 MM;M2;50.61
MATERIAL;43682;CHAPA/PAINEL DE MADEIRA COMPENSADA RESINADA (MADEIRITE RESINADO ROSA) PARA FORMA DE CONCRETO, DE 2200 X 1100 MM, E = 6 MM;M2;15.51
MATERIAL;43681;CHAPA/PAINEL DE MADEIRA COMPENSADA RESINADA (MADEIRITE RESINADO ROSA) PARA FORMA DE CONCRETO, DE 2200 X 1100 MM, E = 8 A 12 MM;M2;25.7
MATERIAL;45248;"CHAVE AJUSTAVEL (INGLESA) 10""";UN;68.25
MATERIAL;45243;"CHAVE AJUSTAVEL (INGLESA) 15""";UN;220.71
MATERIAL;45252;"CHAVE AJUSTAVEL (INGLESA) 6""";UN;38.71
MATERIAL;45246;"CHAVE DE GRIFO DE 24""";UN;179.39
MATERIAL;20971;"CHAVE DUPLA PARA CONEXOES TIPO STORZ, ENGATE RAPIDO 1 1/2"" X 2 1/2"", EM LATAO, PARA INSTALACAO PREDIAL COMBATE A INCENDIO";UN;35.04
MATERIAL;45247;CHAVE FIXA 19 X 22 MM;UN;26.02
MATERIAL;39746;"CHUMBADOR DE ACO GALVANIZADO, 1"" X 600 MM, PARA POSTES DE ACO COM BASE, INCLUSO PORCA E ARRUELA";UN;75.55
MATERIAL;13279;"CHUMBADOR DE ACO TIPO PARABOLT, * 5/8"" X 200* MM, COM PORCA E ARRUELA";KG;19.13
MATERIAL;11977;"CHUMBADOR DE ACO ZINCADO, DIAMETRO 1/2"", COMPRIMENTO 75 MM";UN;9.91
MATERIAL;11976;"CHUMBADOR DE ACO ZINCADO, DIAMETRO 1/4"" COM PARAFUSO 1/4"" X 40 MM";UN;1.11
MATERIAL;11975;"CHUMBADOR DE ACO ZINCADO, DIAMETRO 5/8"", COMPRIMENTO 6"", COM PORCA";UN;21.72
MATERIAL;44184;"CHUMBADOR PONTALETE, ACO GALVANIZADO, 1"" X 1"", APROX. 50 CM DE COMPRIMENTO, 1 BARRA DE 5/8"", PARA GUARDA-CORPO / GRADIL / CORRIMAO";UN;7.03
MATERIAL;44185;"CHUMBADOR PONTALETE, ACO GALVANIZADO, 4"" X 2"", APROX. 50 CM DE COMPRIMENTO, 2 BARRAS DE 5/8"", PARA GUARDA-CORPO / GRADIL / CORRIMAO";UN;23.74
MATERIAL;44179;"CHUMBADOR TIPO BOLT FWA, PARABOLT PBA OU PARABOLT PBC, EM ACO ZINCADO, 3/8"" X 3.3/4""";UN;1.5
MATERIAL;1368;CHUVEIRO COMUM EM PLASTICO BRANCO, COM CANO, 3 TEMPERATURAS, 5500 W (110/220 V);UN;112.78
MATERIAL;1367;CHUVEIRO COMUM EM PLASTICO CROMADO, COM CANO, 4 TEMPERATURAS (110/220 V);UN;364.81
MATERIAL;1380;CIMENTO BRANCO NAO ESTRUTURAL (CPB - NAO ESTRUTURAL);KG;4.68
MATERIAL;1375;CIMENTO IMPERMEABILIZANTE DE PEGA ULTRARRAPIDA PARA TAMPONAMENTOS;KG;16.32
MATERIAL;1379;CIMENTO PORTLAND COMPOSTO CP II-32;KG;0.7
MATERIAL;13284;CIMENTO PORTLAND DE ALTO FORNO (AF) CP III-40;KG;0.63
MATERIAL;44528;CIMENTO PORTLAND ESTRUTURAL BRANCO CPB - 32 OU CPB - 40;KG;3.73
MATERIAL;34753;CIMENTO PORTLAND POZOLANICO CP IV-32;KG;0.68
MATERIAL;420;CINTA CIRCULAR EM ACO GALVANIZADO DE 150 MM DE DIAMETRO PARA FIXACAO DE CAIXA MEDICAO, INCLUI PARAFUSOS E PORCAS;UN;27.2
MATERIAL;12327;CINTA CIRCULAR EM ACO GALVANIZADO DE 210 MM DE DIAMETRO PARA INSTALACAO DE TRANSFORMADOR EM POSTE DE CONCRETO;UN;32.4
MATERIAL;36148;CINTURAO DE SEGURANCA TIPO PARAQUEDISTA, FIVELA EM ACO, AJUSTE NO SUSPENSORIO, CINTURA E PERNAS;UN;174.12
MATERIAL;12329;COBRE ELETROLITICO EM BARRA OU CHAPA;KG;155.96
MATERIAL;44396;COLA BRANCA BASE PVA;KG;44.16
MATERIAL;44327;COLA PARA TUBOS E MANTAS ELASTOMERICAS, A BASE DE SOLVENTE;L;150.18
MATERIAL;37418;"COLAR DE TOMADA EM POLIPROPILENO, PP, COM PARAFUSOS, PARA PEAD, 63 X 1/2"" - LIGACAO PREDIAL DE AGUA";UN;19.34
MATERIAL;37419;"COLAR DE TOMADA EM POLIPROPILENO, PP, COM PARAFUSOS, PARA PEAD, 63 X 3/4"" - LIGACAO PREDIAL DE AGUA";UN;19.86
MATERIAL;1427;"COLAR TOMADA PVC, COM TRAVAS, SAIDA COM ROSCA, DE 110 MM X 1/2"" OU 110 MM X 3/4"", PARA LIGACAO PREDIAL DE AGUA";UN;20.88
MATERIAL;1402;"COLAR TOMADA PVC, COM TRAVAS, SAIDA COM ROSCA, DE 32 MM X 1/2"" OU 32 MM X 3/4"", PARA LIGACAO PREDIAL DE AGUA";UN;7.23
MATERIAL;1420;"COLAR TOMADA PVC, COM TRAVAS, SAIDA COM ROSCA, DE 40 MM X 1/2"" OU 40 MM X 3/4"", PARA LIGACAO PREDIAL DE AGUA";UN;9.29
MATERIAL;1419;"COLAR TOMADA PVC, COM TRAVAS, SAIDA COM ROSCA, DE 50 MM X 1/2"" OU 50 MM X 3/4"", PARA LIGACAO PREDIAL DE AGUA";UN;11.22
MATERIAL;1414;"COLAR TOMADA PVC, COM TRAVAS, SAIDA COM ROSCA, DE 60 MM X 1/2"" OU 60 MM X 3/4"", PARA LIGACAO PREDIAL DE AGUA";UN;10.98
MATERIAL;1413;"COLAR TOMADA PVC, COM TRAVAS, SAIDA COM ROSCA, DE 75 MM X 1/2"" OU 75 MM X 3/4"", PARA LIGACAO PREDIAL DE AGUA";UN;16.22
MATERIAL;1412;"COLAR TOMADA PVC, COM TRAVAS, SAIDA COM ROSCA, DE 85 MM X 1/2"" OU 85 MM X 3/4"", PARA LIGACAO PREDIAL DE AGUA";UN;13.74
MATERIAL;1406;"COLAR TOMADA PVC, COM TRAVAS, SAIDA ROSCAVEL COM BUCHA DE LATAO, DE 60 MM X 1/2"" OU 60 MM X 3/4"", PARA LIGACAO PREDIAL DE AGUA";UN;16.58
MATERIAL;45237;"COLHER DE PEDREIRO 9"", EM ACO, COM CANTOS REDONDOS E CABO DE MADEIRA OU PLASTICO";UN;20.76
EQUIPAMENTO (AQUISIÇÃO);11281;COMPACTADOR DE SOLO A PERCUSSAO (SOQUETE), A GASOLINA 4 TEMPOS, PESO 55 A 65 KG, FORCA DE IMPACTO 1.000 A 1.500 KGF, FREQ. 600 A 700 GOLPES P/ MINUTO, VELOCIDADE TRABALHO DE 10 A 15 M/MIN, POT. DE 2,00 A 3,00 HP;UN;12671.42
EQUIPAMENTO (AQUISIÇÃO);1442;COMPACTADOR DE SOLO TIPO PLACA VIBRATORIA REVERSIVEL, A GASOLINA 4 TEMPOS, PESO 125 A 150 KG, FORCA CENTRIF. 2500 A 2800 KGF, LARG. TRABALHO 400 A 450 MM, FREQ. VIBRACAO 4300 A 4500 RPM, VELOC. TRABALHO 15 A 20 M/MIN, POT. 5,5 A 6,0 HP;UN;10637.56
EQUIPAMENTO (AQUISIÇÃO);13458;COMPACTADOR DE SOLOS DE PERCURSAO (SOQUETE) COM MOTOR A GASOLINA 4 TEMPOS DE 4 HP (4 CV);UN;15701.54
MATERIAL;11134;COMPENSADO NAVAL - CHAPA/PAINEL EM MADEIRA COMPENSADA PRENSADA, DE 2200 X 1600 MM, E = 10 MM;M2;57.24
MATERIAL;11135;COMPENSADO NAVAL - CHAPA/PAINEL EM MADEIRA COMPENSADA PRENSADA, DE 2200 X 1600 MM, E = 12 MM;M2;61.8
MATERIAL;11136;COMPENSADO NAVAL - CHAPA/PAINEL EM MADEIRA COMPENSADA PRENSADA, DE 2200 X 1600 MM, E = 15 MM;M2;70.76
MATERIAL;34743;COMPENSADO NAVAL - CHAPA/PAINEL EM MADEIRA COMPENSADA PRENSADA, DE 2200 X 1600 MM, E = 18 MM;M2;85.38
MATERIAL;11137;COMPENSADO NAVAL - CHAPA/PAINEL EM MADEIRA COMPENSADA PRENSADA, DE 2200 X 1600 MM, E = 20 MM;M2;96.98
MATERIAL;34745;COMPENSADO NAVAL - CHAPA/PAINEL EM MADEIRA COMPENSADA PRENSADA, DE 2200 X 1600 MM, E = 25 MM;M2;115.32
MATERIAL;34746;COMPENSADO NAVAL - CHAPA/PAINEL EM MADEIRA COMPENSADA PRENSADA, DE 2200 X 1600 MM, E = 4 MM;M2;31.45
MATERIAL;1360;COMPENSADO NAVAL - CHAPA/PAINEL EM MADEIRA COMPENSADA PRENSADA, DE 2200 X 1600 MM, E = 6 MM;M2;36.69
EQUIPAMENTO (AQUISIÇÃO);45300;COMPRESSOR DE AR PROFISSIONAL 10 PCM, *110* L, 140 PSI, 110/220 VOLTS, MONOFASICO;UN;2446.26
EQUIPAMENTO (AQUISIÇÃO);36526;COMPRESSOR DE AR REBOCAVEL VAZAO 400 PCM, PRESSAO EFETIVA DE TRABALHO 102 PSI, MOTOR DIESEL, POTENCIA 110 CV;UN;156805.28
EQUIPAMENTO (AQUISIÇÃO);36523;COMPRESSOR DE AR REBOCAVEL VAZAO 748 PCM, PRESSAO EFETIVA DE TRABALHO 102 PSI, MOTOR DIESEL, POTENCIA 210 CV;UN;335698.96
EQUIPAMENTO (AQUISIÇÃO);36522;COMPRESSOR DE AR REBOCAVEL, VAZAO 189 PCM, PRESSAO EFETIVA DE TRABALHO 102 PSI, MOTOR DIESEL, POTENCIA 63 CV;UN;98734.35
EQUIPAMENTO (AQUISIÇÃO);36525;COMPRESSOR DE AR REBOCAVEL, VAZAO 250 PCM, PRESSAO EFETIVA DE TRABALHO 102 PSI, MOTOR DIESEL, POTENCIA 81 CV;UN;132228.35
EQUIPAMENTO (AQUISIÇÃO);13803;COMPRESSOR DE AR REBOCAVEL, VAZAO 89 PCM, PRESSAO EFETIVA DE TRABALHO *102* PSI, MOTOR DIESEL, POTENCIA *20* CV;UN;131850
MATERIAL;34348;CONCERTINA CLIPADA (DUPLA) EM ACO GALVANIZADO DE ALTA RESISTENCIA, COM ESPIRAL DE 300 MM, D = 2,76 MM;M;22.69
MATERIAL;34347;CONCERTINA SIMPLES EM ACO GALVANIZADO DE ALTA RESISTENCIA, COM ESPIRAL DE 300 MM, D = 2,76 MM;M;16.22
MATERIAL;11146;CONCRETO AUTOADENSAVEL (CAA) CLASSE DE RESISTENCIA C15, ESPALHAMENTO SF2, COM BOMBEAMENTO (DISPONIBILIZACAO DE BOMBA), SEM O LANCAMENTO (NBR 15823);M3;542.93
MATERIAL;11147;CONCRETO AUTOADENSAVEL (CAA) CLASSE DE RESISTENCIA C20, ESPALHAMENTO SF2, COM BOMBEAMENTO (DISPONIBILIZACAO DE BOMBA), SEM O LANCAMENTO (NBR 15823);M3;564.18
MATERIAL;34872;CONCRETO AUTOADENSAVEL (CAA) CLASSE DE RESISTENCIA C25, ESPALHAMENTO SF2, COM BOMBEAMENTO (DISPONIBILIZACAO DE BOMBA), SEM O LANCAMENTO (NBR 15823);M3;570.51
MATERIAL;34491;CONCRETO AUTOADENSAVEL (CAA) CLASSE DE RESISTENCIA C30, ESPALHAMENTO SF2, COM BOMBEAMENTO (DISPONIBILIZACAO DE BOMBA), SEM O LANCAMENTO (NBR 15823);M3;587.05
MATERIAL;34770;CONCRETO BETUMINOSO USINADO A QUENTE (CBUQ) PARA PAVIMENTACAO ASFALTICA, PADRAO DNIT, FAIXA C, COM CAP 30/45 - AQUISICAO POSTO USINA;T;500.25
MATERIAL;1518;CONCRETO BETUMINOSO USINADO A QUENTE (CBUQ) PARA PAVIMENTACAO ASFALTICA, PADRAO DNIT, FAIXA C, COM CAP 50/70 - AQUISICAO POSTO USINA;T;510
MATERIAL;41965;CONCRETO BETUMINOSO USINADO A QUENTE (CBUQ) PARA PAVIMENTACAO ASFALTICA, PADRAO DNIT, PARA BINDER, COM CAP 50/70 - AQUISICAO POSTO USINA;T;447.18
MATERIAL;1524;CONCRETO USINADO BOMBEAVEL, CLASSE DE RESISTENCIA C20, BRITA 0 E 1, SLUMP = 100 +/- 20 MM, COM BOMBEAMENTO (DISPONIBILIZACAO DE BOMBA), SEM O LANCAMENTO (NBR 8953);M3;520.9
MATERIAL;34492;CONCRETO USINADO BOMBEAVEL, CLASSE DE RESISTENCIA C20, COM BRITA 0 E 1, SLUMP = 100 +/- 20 MM, EXCLUI SERVICO DE BOMBEAMENTO (NBR 8953);M3;482.5
MATERIAL;38404;CONCRETO USINADO BOMBEAVEL, CLASSE DE RESISTENCIA C20, COM BRITA 0 E 1, SLUMP = 130 +/- 20 MM, EXCLUI SERVICO DE BOMBEAMENTO (NBR 8953);M3;499.77
MATERIAL;39849;CONCRETO USINADO BOMBEAVEL, CLASSE DE RESISTENCIA C20, COM BRITA 0 E 1, SLUMP = 190 +/- 20 MM, COM BOMBEAMENTO (DISPONIBILIZACAO DE BOMBA), SEM O LANCAMENTO (NBR 8953);M3;572.74
MATERIAL;38464;CONCRETO USINADO BOMBEAVEL, CLASSE DE RESISTENCIA C20, COM BRITA 0, SLUMP = 220 +/- 20 MM, COM BOMBEAMENTO (DISPONIBILIZACAO DE BOMBA), SEM O LANCAMENTO (NBR 8953);M3;581.06
MATERIAL;1527;CONCRETO USINADO BOMBEAVEL, CLASSE DE RESISTENCIA C25, BRITA 0 E 1, SLUMP = 100 +/- 20 MM, COM BOMBEAMENTO (DISPONIBILIZACAO DE BOMBA), SEM O LANCAMENTO (NBR 8953);M3;537.44
MATERIAL;34493;CONCRETO USINADO BOMBEAVEL, CLASSE DE RESISTENCIA C25, COM BRITA 0 E 1, SLUMP = 100 +/- 20 MM, EXCLUI SERVICO DE BOMBEAMENTO (NBR 8953);M3;496.1
MATERIAL;38405;CONCRETO USINADO BOMBEAVEL, CLASSE DE RESISTENCIA C25, COM BRITA 0 E 1, SLUMP = 130 +/- 20 MM, EXCLUI SERVICO DE BOMBEAMENTO (NBR 8953);M3;515.19
MATERIAL;38408;CONCRETO USINADO BOMBEAVEL, CLASSE DE RESISTENCIA C25, COM BRITA 0 E 1, SLUMP = 190 +/- 20 MM, EXCLUI SERVICO DE BOMBEAMENTO (NBR 8953);M3;570.26
MATERIAL;1525;CONCRETO USINADO BOMBEAVEL, CLASSE DE RESISTENCIA C30, BRITA 0 E 1, SLUMP = 100 +/- 20 MM, COM BOMBEAMENTO (DISPONIBILIZACAO DE BOMBA), SEM O LANCAMENTO (NBR 8953);M3;553.97
MATERIAL;34494;CONCRETO USINADO BOMBEAVEL, CLASSE DE RESISTENCIA C30, COM BRITA 0 E 1, SLUMP = 100 +/- 20 MM, EXCLUI SERVICO DE BOMBEAMENTO (NBR 8953);M3;512.63
MATERIAL;38406;CONCRETO USINADO BOMBEAVEL, CLASSE DE RESISTENCIA C30, COM BRITA 0 E 1, SLUMP = 130 +/- 20 MM, EXCLUI SERVICO DE BOMBEAMENTO (NBR 8953);M3;544
MATERIAL;38409;CONCRETO USINADO BOMBEAVEL, CLASSE DE RESISTENCIA C30, COM BRITA 0 E 1, SLUMP = 190 +/- 20 MM, EXCLUI SERVICO DE BOMBEAMENTO (NBR 8953);M3;574.15
MATERIAL;43360;CONCRETO USINADO BOMBEAVEL, CLASSE DE RESISTENCIA C30, COM BRITA 0 E 1, SLUMP = 220 +/- 30 MM, EXCLUI SERVICO DE BOMBEAMENTO (NBR 8953);M3;598.67
MATERIAL;11145;CONCRETO USINADO BOMBEAVEL, CLASSE DE RESISTENCIA C35, BRITA 0 E 1, SLUMP = 100 +/- 20 MM, COM BOMBEAMENTO (DISPONIBILIZACAO DE BOMBA), SEM O LANCAMENTO (NBR 8953);M3;570.51
MATERIAL;34495;CONCRETO USINADO BOMBEAVEL, CLASSE DE RESISTENCIA C35, COM BRITA 0 E 1, SLUMP = 100 +/- 20 MM, EXCLUI SERVICO DE BOMBEAMENTO (NBR 8953);M3;529.17
MATERIAL;34479;CONCRETO USINADO BOMBEAVEL, CLASSE DE RESISTENCIA C40, BRITA 0 E 1, SLUMP = 100 +/- 20 MM, COM BOMBEAMENTO (DISPONIBILIZACAO DE BOMBA), SEM O LANCAMENTO (NBR 8953);M3;587.05
MATERIAL;34496;CONCRETO USINADO BOMBEAVEL, CLASSE DE RESISTENCIA C40, COM BRITA 0 E 1, SLUMP = 100 +/- 20 MM, EXCLUI SERVICO DE BOMBEAMENTO (NBR 8953);M3;552.02
MATERIAL;34481;CONCRETO USINADO BOMBEAVEL, CLASSE DE RESISTENCIA C45, BRITA 0 E 1, SLUMP = 100 +/- 20 MM, COM BOMBEAMENTO (DISPONIBILIZACAO DE BOMBA), SEM O LANCAMENTO (NBR 8953);M3;613.39
MATERIAL;34483;CONCRETO USINADO BOMBEAVEL, CLASSE DE RESISTENCIA C50, BRITA 0 E 1, SLUMP = 100 +/- 20 MM, COM BOMBEAMENTO (DISPONIBILIZACAO DE BOMBA), SEM O LANCAMENTO (NBR 8953);M3;655.37
MATERIAL;34485;CONCRETO USINADO BOMBEAVEL, CLASSE DE RESISTENCIA C60, COM BRITA 0 E 1, SLUMP = 100 +/- 20 MM, COM BOMBEAMENTO (DISPONIBILIZACAO DE BOMBA), SEM O LANCAMENTO (NBR 8953);M3;700.84
MATERIAL;14041;CONCRETO USINADO CONVENCIONAL (NAO BOMBEAVEL) CLASSE DE RESISTENCIA C10, COM BRITA 1 E 2, SLUMP = 80 MM +/- 10 MM (NBR 8953);M3;455.58
MATERIAL;1523;CONCRETO USINADO CONVENCIONAL (NAO BOMBEAVEL) CLASSE DE RESISTENCIA C15, COM BRITA 1 E 2, SLUMP = 80 MM +/- 10 MM (NBR 8953);M3;463.02
MATERIAL;14054;"CONDULETE DE ALUMINIO TIPO B, PARA ELETRODUTO ROSCAVEL DE 1"", COM TAMPA CEGA";UN;21.57
MATERIAL;14052;"CONDULETE DE ALUMINIO TIPO B, PARA ELETRODUTO ROSCAVEL DE 1/2"", COM TAMPA CEGA";UN;16.59
MATERIAL;14053;"CONDULETE DE ALUMINIO TIPO B, PARA ELETRODUTO ROSCAVEL DE 3/4"", COM TAMPA CEGA";UN;16.84
MATERIAL;2560;"CONDULETE DE ALUMINIO TIPO C, PARA ELETRODUTO ROSCAVEL DE 1"", COM TAMPA CEGA";UN;22.32
MATERIAL;2558;"CONDULETE DE ALUMINIO TIPO C, PARA ELETRODUTO ROSCAVEL DE 1/2"", COM TAMPA CEGA";UN;12.68
MATERIAL;2559;"CONDULETE DE ALUMINIO TIPO C, PARA ELETRODUTO ROSCAVEL DE 3/4"", COM TAMPA CEGA";UN;17.85
MATERIAL;2592;"CONDULETE DE ALUMINIO TIPO C, PARA ELETRODUTO ROSCAVEL DE 4"", COM TAMPA CEGA";UN;295.91
MATERIAL;2589;"CONDULETE DE ALUMINIO TIPO E, PARA ELETRODUTO ROSCAVEL DE 1 1/2"", COM TAMPA CEGA";UN;39.58
MATERIAL;2566;"CONDULETE DE ALUMINIO TIPO E, PARA ELETRODUTO ROSCAVEL DE 1 1/4"", COM TAMPA CEGA";UN;29.78
MATERIAL;2590;"CONDULETE DE ALUMINIO TIPO E, PARA ELETRODUTO ROSCAVEL DE 1"", COM TAMPA CEGA";UN;24.29
MATERIAL;2591;"CONDULETE DE ALUMINIO TIPO E, PARA ELETRODUTO ROSCAVEL DE 1/2"", COM TAMPA CEGA";UN;14.44
MATERIAL;2567;"CONDULETE DE ALUMINIO TIPO E, PARA ELETRODUTO ROSCAVEL DE 2"", COM TAMPA CEGA";UN;58.06
MATERIAL;2568;"CONDULETE DE ALUMINIO TIPO E, PARA ELETRODUTO ROSCAVEL DE 3"", COM TAMPA CEGA";UN;161.22
MATERIAL;2565;"CONDULETE DE ALUMINIO TIPO E, PARA ELETRODUTO ROSCAVEL DE 3/4"", COM TAMPA CEGA";UN;14.46
MATERIAL;2594;"CONDULETE DE ALUMINIO TIPO E, PARA ELETRODUTO ROSCAVEL DE 4"", COM TAMPA CEGA";UN;268.58
MATERIAL;2587;"CONDULETE DE ALUMINIO TIPO LR, PARA ELETRODUTO ROSCAVEL DE 1 1/2"", COM TAMPA CEGA";UN;45.77
MATERIAL;2588;"CONDULETE DE ALUMINIO TIPO LR, PARA ELETRODUTO ROSCAVEL DE 1 1/4"", COM TAMPA CEGA";UN;36.36
MATERIAL;2570;"CONDULETE DE ALUMINIO TIPO LR, PARA ELETRODUTO ROSCAVEL DE 1"", COM TAMPA CEGA";UN;23.49
MATERIAL;2569;"CONDULETE DE ALUMINIO TIPO LR, PARA ELETRODUTO ROSCAVEL DE 1/2"", COM TAMPA CEGA";UN;14.01
MATERIAL;2571;"CONDULETE DE ALUMINIO TIPO LR, PARA ELETRODUTO ROSCAVEL DE 2"", COM TAMPA CEGA";UN;69.72
MATERIAL;2572;"CONDULETE DE ALUMINIO TIPO LR, PARA ELETRODUTO ROSCAVEL DE 3"", COM TAMPA CEGA";UN;206.17
MATERIAL;2593;"CONDULETE DE ALUMINIO TIPO LR, PARA ELETRODUTO ROSCAVEL DE 3/4"", COM TAMPA CEGA";UN;14.94
MATERIAL;2595;"CONDULETE DE ALUMINIO TIPO LR, PARA ELETRODUTO ROSCAVEL DE 4"", COM TAMPA CEGA";UN;321.67
MATERIAL;2576;"CONDULETE DE ALUMINIO TIPO T, PARA ELETRODUTO ROSCAVEL DE 1 1/2"", COM TAMPA CEGA";UN;54.84
MATERIAL;2575;"CONDULETE DE ALUMINIO TIPO T, PARA ELETRODUTO ROSCAVEL DE 1 1/4"", COM TAMPA CEGA";UN;41.22
MATERIAL;2586;"CONDULETE DE ALUMINIO TIPO T, PARA ELETRODUTO ROSCAVEL DE 1"", COM TAMPA CEGA";UN;27.75
MATERIAL;2573;"CONDULETE DE ALUMINIO TIPO T, PARA ELETRODUTO ROSCAVEL DE 1/2"", COM TAMPA CEGA";UN;17.12
MATERIAL;2577;"CONDULETE DE ALUMINIO TIPO T, PARA ELETRODUTO ROSCAVEL DE 2"", COM TAMPA CEGA";UN;74.3
MATERIAL;2578;"CONDULETE DE ALUMINIO TIPO T, PARA ELETRODUTO ROSCAVEL DE 3"", COM TAMPA CEGA";UN;231.98
MATERIAL;2574;"CONDULETE DE ALUMINIO TIPO T, PARA ELETRODUTO ROSCAVEL DE 3/4"", COM TAMPA CEGA";UN;17.23
MATERIAL;2585;"CONDULETE DE ALUMINIO TIPO T, PARA ELETRODUTO ROSCAVEL DE 4"", COM TAMPA CEGA";UN;318.34
MATERIAL;12008;"CONDULETE DE ALUMINIO TIPO TB, PARA ELETRODUTO ROSCAVEL DE 3"", COM TAMPA CEGA";UN;170.8
MATERIAL;2582;"CONDULETE DE ALUMINIO TIPO X, PARA ELETRODUTO ROSCAVEL DE 1 1/2"", COM TAMPA CEGA";UN;50.86
MATERIAL;2597;"CONDULETE DE ALUMINIO TIPO X, PARA ELETRODUTO ROSCAVEL DE 1 1/4"", COM TAMPA CEGA";UN;43.59
MATERIAL;2581;"CONDULETE DE ALUMINIO TIPO X, PARA ELETRODUTO ROSCAVEL DE 1"", COM TAMPA CEGA";UN;26.56
MATERIAL;2579;"CONDULETE DE ALUMINIO TIPO X, PARA ELETRODUTO ROSCAVEL DE 1/2"", COM TAMPA CEGA";UN;20.75
MATERIAL;2596;"CONDULETE DE ALUMINIO TIPO X, PARA ELETRODUTO ROSCAVEL DE 2"", COM TAMPA CEGA";UN;78.54
MATERIAL;2583;"CONDULETE DE ALUMINIO TIPO X, PARA ELETRODUTO ROSCAVEL DE 3"", COM TAMPA CEGA";UN;191.03
MATERIAL;2580;"CONDULETE DE ALUMINIO TIPO X, PARA ELETRODUTO ROSCAVEL DE 3/4"", COM TAMPA CEGA";UN;22.75
MATERIAL;2584;"CONDULETE DE ALUMINIO TIPO X, PARA ELETRODUTO ROSCAVEL DE 4"", COM TAMPA CEGA";UN;318.01
MATERIAL;39329;"CONDULETE EM PVC, TIPO ""B"", SEM TAMPA, DE 1""";UN;8.84
MATERIAL;12010;"CONDULETE EM PVC, TIPO ""B"", SEM TAMPA, DE 1/2"" OU 3/4""";UN;8.45
MATERIAL;39332;"CONDULETE EM PVC, TIPO ""C"", SEM TAMPA, DE 1""";UN;10.39
MATERIAL;39330;"CONDULETE EM PVC, TIPO ""C"", SEM TAMPA, DE 1/2""";UN;9.3
MATERIAL;39331;"CONDULETE EM PVC, TIPO ""C"", SEM TAMPA, DE 3/4""";UN;8.27
MATERIAL;39335;"CONDULETE EM PVC, TIPO ""E"", SEM TAMPA, DE 1""";UN;9.33
MATERIAL;39333;"CONDULETE EM PVC, TIPO ""E"", SEM TAMPA, DE 1/2""";UN;8.06
MATERIAL;39334;"CONDULETE EM PVC, TIPO ""E"", SEM TAMPA, DE 3/4""";UN;7.42
MATERIAL;12015;"CONDULETE EM PVC, TIPO ""LB"", SEM TAMPA, DE 1""";UN;10.84
MATERIAL;12016;"CONDULETE EM PVC, TIPO ""LB"", SEM TAMPA, DE 1/2"" OU 3/4""";UN;9.31
MATERIAL;12019;"CONDULETE EM PVC, TIPO ""LL"", SEM TAMPA, DE 1""";UN;10.84
MATERIAL;12020;"CONDULETE EM PVC, TIPO ""LL"", SEM TAMPA, DE 1/2"" OU 3/4""";UN;9.31
MATERIAL;39338;"CONDULETE EM PVC, TIPO ""LR"", SEM TAMPA, DE 1""";UN;10.39
MATERIAL;39336;"CONDULETE EM PVC, TIPO ""LR"", SEM TAMPA, DE 1/2""";UN;9.3
MATERIAL;39337;"CONDULETE EM PVC, TIPO ""LR"", SEM TAMPA, DE 3/4""";UN;8.27
MATERIAL;39341;"CONDULETE EM PVC, TIPO ""T"", SEM TAMPA, DE 1""";UN;13.54
MATERIAL;39340;"CONDULETE EM PVC, TIPO ""T"", SEM TAMPA, DE 3/4""";UN;9.94
MATERIAL;39342;"CONDULETE EM PVC, TIPO ""TB"", SEM TAMPA, DE 1""";UN;13.54
MATERIAL;12025;"CONDULETE EM PVC, TIPO ""TB"", SEM TAMPA, DE 1/2"" OU 3/4""";UN;10.27
MATERIAL;39345;"CONDULETE EM PVC, TIPO ""X"", SEM TAMPA, DE 1""";UN;15.48
MATERIAL;39343;"CONDULETE EM PVC, TIPO ""X"", SEM TAMPA, DE 1/2""";UN;11.43
MATERIAL;39344;"CONDULETE EM PVC, TIPO ""X"", SEM TAMPA, DE 3/4""";UN;11.06
MATERIAL;12623;CONDUTOR PLUVIAL, PVC, CIRCULAR, DIAMETRO ENTRE 80 E 100 MM, PARA DRENAGEM PLUVIAL PREDIAL;M;58.54
MATERIAL;34498;CONE DE SINALIZACAO EM PVC FLEXIVEL, H = 70 / 76 CM (NBR 15071);UN;116.88
MATERIAL;13244;CONE DE SINALIZACAO EM PVC RIGIDO COM FAIXA REFLETIVA, H = 70 / 76 CM;UN;49.2
MATERIAL;38998;"CONECTOR / ADAPTADOR F/F, COM INSERTO METALICO, PPR, DN 25 MM X 1/2"", PARA AGUA QUENTE E FRIA PREDIAL";UN;13
MATERIAL;38999;"CONECTOR / ADAPTADOR F/F, COM INSERTO METALICO, PPR, DN 32 MM X 3/4"", PARA AGUA QUENTE E FRIA PREDIAL";UN;32.87
MATERIAL;38996;"CONECTOR / ADAPTADOR F/M, COM INSERTO METALICO, PPR, DN 25 MM X 1/2"", PARA AGUA QUENTE E FRIA PREDIAL";UN;23.24
MATERIAL;44173;"CONECTOR / ADAPTADOR F/M, COM INSERTO METALICO, PPR, DN 25 MM X 3/4"", PARA AGUA QUENTE E FRIA PREDIAL";UN;22.6
MATERIAL;44174;"CONECTOR / ADAPTADOR F/M, COM INSERTO METALICO, PPR, DN 32 MM X 1"", PARA AGUA QUENTE E FRIA PREDIAL";UN;36.98
MATERIAL;38997;"CONECTOR / ADAPTADOR F/M, COM INSERTO METALICO, PPR, DN 32 MM X 3/4"", PARA AGUA QUENTE E FRIA PREDIAL";UN;33.24
MATERIAL;39600;CONECTOR / TOMADA FEMEA RJ 45, CATEGORIA 5 E (CAT 5E) PARA CABOS;UN;18.46
MATERIAL;39601;CONECTOR / TOMADA FEMEA RJ 45, CATEGORIA 6 (CAT 6) PARA CABOS;UN;39.15
MATERIAL;39862;"CONECTOR BRONZE/LATAO SEM ANEL DE SOLDA, BOLSA X ROSCA F, 15 MM X 1/2""";UN;19.11
MATERIAL;39863;"CONECTOR BRONZE/LATAO SEM ANEL DE SOLDA, BOLSA X ROSCA F, 22 MM X 1/2""";UN;19.38
MATERIAL;39864;"CONECTOR BRONZE/LATAO SEM ANEL DE SOLDA, BOLSA X ROSCA F, 22 MM X 3/4""";UN;24.05
MATERIAL;39865;"CONECTOR BRONZE/LATAO SEM ANEL DE SOLDA, BOLSA X ROSCA F, 28 MM X 1/2""";UN;33.89
MATERIAL;2517;"CONECTOR CURVO 90 GRAUS DE ALUMINIO, BITOLA 1 1/2"", PARA ADAPTAR ENTRADA DE ELETRODUTO METALICO FLEXIVEL EM QUADROS";UN;31.68
MATERIAL;2522;"CONECTOR CURVO 90 GRAUS DE ALUMINIO, BITOLA 1 1/4"", PARA ADAPTAR ENTRADA DE ELETRODUTO METALICO FLEXIVEL EM QUADROS";UN;20.48
MATERIAL;2516;"CONECTOR CURVO 90 GRAUS DE ALUMINIO, BITOLA 1"", PARA ADAPTAR ENTRADA DE ELETRODUTO METALICO FLEXIVEL EM QUADROS";UN;16.44
MATERIAL;2548;"CONECTOR CURVO 90 GRAUS DE ALUMINIO, BITOLA 1/2"", PARA ADAPTAR ENTRADA DE ELETRODUTO METALICO FLEXIVEL EM QUADROS";UN;12.59
MATERIAL;2518;"CONECTOR CURVO 90 GRAUS DE ALUMINIO, BITOLA 2 1/2"", PARA ADAPTAR ENTRADA DE ELETRODUTO METALICO FLEXIVEL EM QUADROS";UN;150.82
MATERIAL;2521;"CONECTOR CURVO 90 GRAUS DE ALUMINIO, BITOLA 2"", PARA ADAPTAR ENTRADA DE ELETRODUTO METALICO FLEXIVEL EM QUADROS";UN;64.2
MATERIAL;2519;"CONECTOR CURVO 90 GRAUS DE ALUMINIO, BITOLA 3"", PARA ADAPTAR ENTRADA DE ELETRODUTO METALICO FLEXIVEL EM QUADROS";UN;181.85
MATERIAL;2515;"CONECTOR CURVO 90 GRAUS DE ALUMINIO, BITOLA 3/4"", PARA ADAPTAR ENTRADA DE ELETRODUTO METALICO FLEXIVEL EM QUADROS";UN;13.68
MATERIAL;2520;"CONECTOR CURVO 90 GRAUS DE ALUMINIO, BITOLA 4"", PARA ADAPTAR ENTRADA DE ELETRODUTO METALICO FLEXIVEL EM QUADROS";UN;334.71
MATERIAL;1602;"CONECTOR DE ALUMINIO TIPO PRENSA CABO, BITOLA 1 1/2"", PARA CABOS DE DIAMETRO DE 37 A 40 MM";UN;51.78
MATERIAL;1601;"CONECTOR DE ALUMINIO TIPO PRENSA CABO, BITOLA 1 1/4"", PARA CABOS DE DIAMETRO DE 31 A 34 MM";UN;46.15
MATERIAL;1600;"CONECTOR DE ALUMINIO TIPO PRENSA CABO, BITOLA 1"", PARA CABOS DE DIAMETRO DE 22,5 A 25 MM";UN;20.16
MATERIAL;1598;"CONECTOR DE ALUMINIO TIPO PRENSA CABO, BITOLA 1/2"", PARA CABOS DE DIAMETRO DE 12,5 A 15 MM";UN;13.66
MATERIAL;1603;"CONECTOR DE ALUMINIO TIPO PRENSA CABO, BITOLA 2"", PARA CABOS DE DIAMETRO DE 47,5 A 50 MM";UN;78.18
MATERIAL;1599;"CONECTOR DE ALUMINIO TIPO PRENSA CABO, BITOLA 3/4"", PARA CABOS DE DIAMETRO DE 17,5 A 20 MM";UN;15.85
MATERIAL;1597;"CONECTOR DE ALUMINIO TIPO PRENSA CABO, BITOLA 3/8"", PARA CABOS DE DIAMETRO DE 9 A 10 MM";UN;12.84
MATERIAL;39602;CONECTOR MACHO RJ 45, CATEGORIA 5 E (CAT 5E) PARA CABOS;UN;1.95
MATERIAL;39603;CONECTOR MACHO RJ 45, CATEGORIA 6 (CAT 6) PARA CABOS;UN;4.17
MATERIAL;11821;CONECTOR METALICO TIPO PARAFUSO FENDIDO (SPLIT BOLT), COM SEPARADOR DE CABOS BIMETALICOS, PARA CABOS ATE 25 MM2;UN;10.54
MATERIAL;1562;CONECTOR METALICO TIPO PARAFUSO FENDIDO (SPLIT BOLT), COM SEPARADOR DE CABOS BIMETALICOS, PARA CABOS ATE 50 MM2;UN;17.27
MATERIAL;1563;CONECTOR METALICO TIPO PARAFUSO FENDIDO (SPLIT BOLT), COM SEPARADOR DE CABOS BIMETALICOS, PARA CABOS ATE 70 MM2;UN;23.18
MATERIAL;11856;CONECTOR METALICO TIPO PARAFUSO FENDIDO (SPLIT BOLT), PARA CABOS ATE 10 MM2;UN;6.91
MATERIAL;11857;CONECTOR METALICO TIPO PARAFUSO FENDIDO (SPLIT BOLT), PARA CABOS ATE 120 MM2;UN;36.36
MATERIAL;11858;CONECTOR METALICO TIPO PARAFUSO FENDIDO (SPLIT BOLT), PARA CABOS ATE 150 MM2;UN;45.13
MATERIAL;1539;CONECTOR METALICO TIPO PARAFUSO FENDIDO (SPLIT BOLT), PARA CABOS ATE 16 MM2;UN;8.12
MATERIAL;11859;CONECTOR METALICO TIPO PARAFUSO FENDIDO (SPLIT BOLT), PARA CABOS ATE 185 MM2;UN;61.41
MATERIAL;1550;CONECTOR METALICO TIPO PARAFUSO FENDIDO (SPLIT BOLT), PARA CABOS ATE 25 MM2;UN;8.57
MATERIAL;11854;CONECTOR METALICO TIPO PARAFUSO FENDIDO (SPLIT BOLT), PARA CABOS ATE 35 MM2;UN;10.7
MATERIAL;11862;CONECTOR METALICO TIPO PARAFUSO FENDIDO (SPLIT BOLT), PARA CABOS ATE 50 MM2;UN;15.02
MATERIAL;11863;CONECTOR METALICO TIPO PARAFUSO FENDIDO (SPLIT BOLT), PARA CABOS ATE 6 MM2;UN;6.06
MATERIAL;11855;CONECTOR METALICO TIPO PARAFUSO FENDIDO (SPLIT BOLT), PARA CABOS ATE 70 MM2;UN;22.41
MATERIAL;11864;CONECTOR METALICO TIPO PARAFUSO FENDIDO (SPLIT BOLT), PARA CABOS ATE 95 MM2;UN;33.89
MATERIAL;2527;"CONECTOR RETO DE ALUMINIO PARA ELETRODUTO DE 1 1/2"", PARA ADAPTAR ENTRADA DE ELETRODUTO METALICO FLEXIVEL EM QUADROS";UN;11.34
MATERIAL;2526;"CONECTOR RETO DE ALUMINIO PARA ELETRODUTO DE 1 1/4"", PARA ADAPTAR ENTRADA DE ELETRODUTO METALICO FLEXIVEL EM QUADROS";UN;7.27
MATERIAL;2483;"CONECTOR RETO DE ALUMINIO PARA ELETRODUTO DE 1"", PARA ADAPTAR ENTRADA DE ELETRODUTO METALICO FLEXIVEL EM QUADROS";UN;5.17
MATERIAL;2487;"CONECTOR RETO DE ALUMINIO PARA ELETRODUTO DE 1/2"", PARA ADAPTAR ENTRADA DE ELETRODUTO METALICO FLEXIVEL EM QUADROS";UN;2.48
MATERIAL;2528;"CONECTOR RETO DE ALUMINIO PARA ELETRODUTO DE 2 1/2"", PARA ADAPTAR ENTRADA DE ELETRODUTO METALICO FLEXIVEL EM QUADROS";UN;28.54
MATERIAL;2489;"CONECTOR RETO DE ALUMINIO PARA ELETRODUTO DE 2"", PARA ADAPTAR ENTRADA DE ELETRODUTO METALICO FLEXIVEL EM QUADROS";UN;12.57
MATERIAL;2484;"CONECTOR RETO DE ALUMINIO PARA ELETRODUTO DE 3"", PARA ADAPTAR ENTRADA DE ELETRODUTO METALICO FLEXIVEL EM QUADROS";UN;41.45
MATERIAL;2488;"CONECTOR RETO DE ALUMINIO PARA ELETRODUTO DE 3/4"", PARA ADAPTAR ENTRADA DE ELETRODUTO METALICO FLEXIVEL EM QUADROS";UN;2.9
MATERIAL;2485;"CONECTOR RETO DE ALUMINIO PARA ELETRODUTO DE 4"", PARA ADAPTAR ENTRADA DE ELETRODUTO METALICO FLEXIVEL EM QUADROS";UN;64.96
MATERIAL;44247;"CONECTOR, CPVC, SOLDAVEL, 114 MM X 4"", PARA AGUA QUENTE";UN;1647.13
MATERIAL;38005;"CONECTOR, CPVC, SOLDAVEL, 15 MM X 1/2"", PARA AGUA QUENTE";UN;19.58
MATERIAL;38006;"CONECTOR, CPVC, SOLDAVEL, 22 MM X 1/2"", PARA AGUA QUENTE";UN;26.02
MATERIAL;38428;"CONECTOR, CPVC, SOLDAVEL, 22 MM X 3/4"", PARA AGUA QUENTE";UN;23.31
MATERIAL;38007;"CONECTOR, CPVC, SOLDAVEL, 28 MM X 1"", PARA AGUA QUENTE";UN;30.03
MATERIAL;38008;"CONECTOR, CPVC, SOLDAVEL, 35 MM X 1 1/4"", PARA AGUA QUENTE";UN;48.05
MATERIAL;38009;"CONECTOR, CPVC, SOLDAVEL, 42 MM X 1 1/2"", PARA AGUA QUENTE";UN;58.82
MATERIAL;44248;"CONECTOR, CPVC, SOLDAVEL, 54 MM X 2"", PARA AGUA QUENTE";UN;95.88
MATERIAL;44249;"CONECTOR, CPVC, SOLDAVEL, 73 MM X 2 1/2"", PARA AGUA QUENTE";UN;369.92
MATERIAL;44250;"CONECTOR, CPVC, SOLDAVEL, 89 MM X 3"", PARA AGUA QUENTE";UN;537.21
MATERIAL;39279;"CONECTOR/ADAPTADOR FIXO, ROSCA FEMEA, EM PLASTICO, DN 16 MM X 1/2"", PARA CONEXAO COM CRIMPAGEM, EM TUBO PEX PARA INST. AGUA QUENTE/FRIA";UN;9.76
MATERIAL;39280;"CONECTOR/ADAPTADOR FIXO, ROSCA FEMEA, EM PLASTICO, DN 20 MM X 1/2"", PARA CONEXAO COM CRIMPAGEM, EM TUBO PEX PARA INST. AGUA QUENTE/FRIA";UN;10.94
MATERIAL;39281;"CONECTOR/ADAPTADOR FIXO, ROSCA FEMEA, EM PLASTICO, DN 20 MM X 3/4"", PARA CONEXAO COM CRIMPAGEM, EM TUBO PEX PARA INST. AGUA QUENTE/FRIA";UN;14.45
MATERIAL;39282;"CONECTOR/ADAPTADOR FIXO, ROSCA FEMEA, EM PLASTICO, DN 25 MM X 3/4"", PARA CONEXAO COM CRIMPAGEM, EM TUBO PEX PARA INST. AGUA QUENTE/FRIA";UN;20.18
MATERIAL;38844;"CONECTOR/ADAPTADOR FIXO, ROSCA FEMEA, METALICA, COM ANEL DESLIZANTE, DN 16 MM X 1/2"", PARA TUBO PEX PARA INST. AGUA QUENTE/FRIA";UN;9.9
MATERIAL;38846;"CONECTOR/ADAPTADOR FIXO, ROSCA FEMEA, METALICA, COM ANEL DESLIZANTE, DN 20 MM X 1/2"", PARA TUBO PEX PARA INST. AGUA QUENTE/FRIA";UN;10.07
MATERIAL;38847;"CONECTOR/ADAPTADOR FIXO, ROSCA FEMEA, METALICA, COM ANEL DESLIZANTE, DN 20 MM X 3/4"", PARA TUBO PEX PARA INST. AGUA QUENTE/FRIA";UN;11.8
MATERIAL;38850;"CONECTOR/ADAPTADOR FIXO, ROSCA FEMEA, METALICA, COM ANEL DESLIZANTE, DN 25 MM X 1"", PARA TUBO PEX PARA INST. AGUA QUENTE/FRIA";UN;21.31
MATERIAL;38848;"CONECTOR/ADAPTADOR FIXO, ROSCA FEMEA, METALICA, COM ANEL DESLIZANTE, DN 25 MM X 3/4"", PARA TUBO PEX PARA INST. AGUA QUENTE/FRIA";UN;13.97
MATERIAL;38851;"CONECTOR/ADAPTADOR FIXO, ROSCA FEMEA, METALICA, COM ANEL DESLIZANTE, DN 32 MM X 1"", PARA TUBO PEX PARA INST. AGUA QUENTE/FRIA";UN;24.09
MATERIAL;38854;"CONECTOR/ADAPTADOR MOVEL, ROSCA FEMEA, METALICA, COM ANEL DESLIZANTE, DN 16 MM X 3/4"", PARA TUBO PEX PARA INST. AGUA QUENTE/FRIA";UN;10.46
MATERIAL;3104;CONJ. DE FERRAGENS PARA PORTA DE VIDRO TEMPERADO, EM ZAMAC CROMADO, CONTEMPLANDO DOBRADICA INF., DOBRADICA SUP., PIVO PARA DOBRADICA INF., PIVO PARA DOBRADICA SUP., FECHADURA CENTRAL EM ZAMC. CROMADO, CONTRA FECHADURA DE PRESSAO;CJ;185.54
MATERIAL;1607;"CONJUNTO ARRUELAS DE VEDACAO 5/16"" PARA TELHA FIBROCIMENTO (UMA ARRUELA METALICA E UMA ARRUELA PVC - CONICAS)";CJ;0.24
MATERIAL;38169;CONJUNTO DE FERRAGENS PIVO, PARA PORTA PIVOTANTE DE ATE 100 KG, REGULAVEL COM ESFERA, CROMADO - SUPERIOR E INFERIOR - COMPLETO;CJ;79.32
MATERIAL;6142;CONJUNTO DE LIGACAO AJUSTAVEL, PARA VASO / BACIA SANITARIA, EM PLASTICO BRANCO, COM TUBO, CANOPLA E ESPUDE;UN;11.15
MATERIAL;11686;"CONJUNTO DE LIGACAO PARA VASO / BACIA SANITARIA, EM PLASTICO BRANCO, COM TUBO, CANOPLA E ANEL DE EXPANSAO (TUBO 1.1/2"" X 20 CM)";UN;15.48
MATERIAL;37598;CONJUNTO MONTADO ESTOPIM COM ESPOLETA COMUM NUMERO 8, COM CABECA ACENDEDORA, 1,5 M;UN;44.76
MATERIAL;25398;"CONJUNTO PARA FUTSAL COM PAR DE TRAVES OFICIAIS DE 3,00 X 2,00 M EM TUBO DE ACO GALVANIZADO 3"" COM REQUADROS EM TUBO DE 1"", PINTURA EM PRIMER COM TINTA ESMALTE SINTETICO E REDES DE POLIETILENO FIO 4 MM";UN;3883.59
MATERIAL;25399;"CONJUNTO PARA QUADRA DE VOLEI COM POSTES EM TUBO DE ACO GALVANIZADO 3"", H = *255* CM, PINTURA EM TINTA ESMALTE SINTETICO, REDE DE NYLON COM 2 MM, MALHA 10 X 10 CM E ANTENAS OFICIAIS EM FIBRA DE VIDRO";UN;2357.68
MATERIAL;43440;CONJUNTO PRE-MOLDADO COMPOSTO POR GRELHA (0,99 X 0,45 M), QUADRO (1,10 X 0,52 M) E CANTONEIRA (1,10 X 0,35 M), EM CONCRETO ARMADO, COM FCK DE 21 MPA;UN;545.91
MATERIAL;1613;CONTATOR TRIPOLAR, CORRENTE DE *110* A, TENSAO NOMINAL DE *500* V, CATEGORIA AC-2 E AC-3;UN;1508.3
MATERIAL;1626;CONTATOR TRIPOLAR, CORRENTE DE *185* A, TENSAO NOMINAL DE *500* V, CATEGORIA AC-2 E AC-3;UN;2255.84
MATERIAL;1625;CONTATOR TRIPOLAR, CORRENTE DE *22* A, TENSAO NOMINAL DE *500* V, CATEGORIA AC-2 E AC-3;UN;157.56
MATERIAL;1622;CONTATOR TRIPOLAR, CORRENTE DE *265* A, TENSAO NOMINAL DE *500* V, CATEGORIA AC-2 E AC-3;UN;5090.52
MATERIAL;1620;CONTATOR TRIPOLAR, CORRENTE DE *38* A, TENSAO NOMINAL DE *500* V, CATEGORIA AC-2 E AC-3;UN;331.91
MATERIAL;1629;CONTATOR TRIPOLAR, CORRENTE DE *500* A, TENSAO NOMINAL DE *500* V, CATEGORIA AC-2 E AC-3;UN;12389.11
MATERIAL;1627;CONTATOR TRIPOLAR, CORRENTE DE *65* A, TENSAO NOMINAL DE *500* V, CATEGORIA AC-2 E AC-3;UN;634.43
MATERIAL;1623;CONTATOR TRIPOLAR, CORRENTE DE 12 A, TENSAO NOMINAL DE *500* V, CATEGORIA AC-2 E AC-3;UN;128.5
MATERIAL;1619;CONTATOR TRIPOLAR, CORRENTE DE 25 A, TENSAO NOMINAL DE *500* V, CATEGORIA AC-2 E AC-3;UN;176.76
MATERIAL;1630;CONTATOR TRIPOLAR, CORRENTE DE 250 A, TENSAO NOMINAL DE *500* V, PARA ACIONAMENTO DE CAPACITORES;UN;3891.81
MATERIAL;1616;CONTATOR TRIPOLAR, CORRENTE DE 300 A, TENSAO NOMINAL DE *500* V, CATEGORIA AC-2 E AC-3;UN;5985.67
MATERIAL;1614;CONTATOR TRIPOLAR, CORRENTE DE 32 A, TENSAO NOMINAL DE *500* V, CATEGORIA AC-2 E AC-3;UN;273.56
MATERIAL;1617;CONTATOR TRIPOLAR, CORRENTE DE 400 A, TENSAO NOMINAL DE *500* V, CATEGORIA AC-2 E AC-3;UN;7145.59
MATERIAL;1621;CONTATOR TRIPOLAR, CORRENTE DE 45 A, TENSAO NOMINAL DE *500* V, CATEGORIA AC-2 E AC-3;UN;489.26
MATERIAL;1624;CONTATOR TRIPOLAR, CORRENTE DE 630 A, TENSAO NOMINAL DE *500* V, CATEGORIA AC-2 E AC-3;UN;17564.21
MATERIAL;1615;CONTATOR TRIPOLAR, CORRENTE DE 75 A, TENSAO NOMINAL DE *500* V, CATEGORIA AC-2 E AC-3;UN;918.76
MATERIAL;1612;CONTATOR TRIPOLAR, CORRENTE DE 9 A, TENSAO NOMINAL DE *500* V, CATEGORIA AC-2 E AC-3;UN;121.01
MATERIAL;1618;CONTATOR TRIPOLAR, CORRENTE DE 95 A, TENSAO NOMINAL DE *500* V, CATEGORIA AC-2 E AC-3;UN;1262.52
MATERIAL;14211;"CONTRA-PORCA SEXTAVADA, DIAMETRO NOMINAL 1 3/8"", ALTURA 35 MM";UN;41.39
MATERIAL;43657;CONTRAMARCO DE ALUMINIO (PERFIL 25) PARA ESQUADRIAS, TIPO CONVENCIONAL / CADEIRINHA, 60 MM (CM-060), INCLUSO CONEXOES, GRAPAS E TRAVAMENTOS;M;7.73
MATERIAL;38200;CORDA DE POLIAMIDA 12 MM TIPO BOMBEIRO, PARA TRABALHO EM ALTURA;100M;449.46
MATERIAL;39269;CORDAO DE COBRE, FLEXIVEL, TORCIDO, CLASSE 4 OU 5, ISOLACAO EM PVC/D, 300 V, 2 CONDUTORES DE 0,5 MM2;M;1.64
MATERIAL;11889;CORDAO DE COBRE, FLEXIVEL, TORCIDO, CLASSE 4 OU 5, ISOLACAO EM PVC/D, 300 V, 2 CONDUTORES DE 0,75 MM2;M;2.26
MATERIAL;39270;CORDAO DE COBRE, FLEXIVEL, TORCIDO, CLASSE 4 OU 5, ISOLACAO EM PVC/D, 300 V, 2 CONDUTORES DE 1,0 MM2;M;2.93
MATERIAL;11890;CORDAO DE COBRE, FLEXIVEL, TORCIDO, CLASSE 4 OU 5, ISOLACAO EM PVC/D, 300 V, 2 CONDUTORES DE 1,5 MM2;M;3.99
MATERIAL;11891;CORDAO DE COBRE, FLEXIVEL, TORCIDO, CLASSE 4 OU 5, ISOLACAO EM PVC/D, 300 V, 2 CONDUTORES DE 2,5 MM2;M;6.47
MATERIAL;11892;CORDAO DE COBRE, FLEXIVEL, TORCIDO, CLASSE 4 OU 5, ISOLACAO EM PVC/D, 300 V, 2 CONDUTORES DE 4 MM2;M;10.58
MATERIAL;37601;CORDEL DETONANTE, NP 05 G/M;M;9.94
MATERIAL;1634;CORDEL DETONANTE, NP 10 G/M;M;10.28
EQUIPAMENTO (AQUISIÇÃO);44274;"COROA PARA PERFURATRIZ T38, D = 2 1/2"", 6 X 4 BOTOES BALISTICOS, FACE PLANA";UN;702.18
MATERIAL;5086;"CORRENTE DE ELO CURTO COMUM, SOLDADA, GALVANIZADA, ESPESSURA DO ELO = 1/2"" (12,5 MM)";KG;32.84
MATERIAL;45244;CORTA-TUBOS COM CAPACIDADE DE 6 A 42 MM;UN;102.48
EQUIPAMENTO (AQUISIÇÃO);11280;"CORTADEIRA DE PISO DE CONCRETO E ASFALTO, PARA DISCO PADRAO DE DIAMETRO 350 MM (14"") OU 450 MM (18""), MOTOR A GASOLINA, POTENCIA 13 HP, SEM DISCO";UN;6052.46
EQUIPAMENTO (AQUISIÇÃO);45657;CORTADEIRA HIDRAULICA DE VERGALHAO, PARA ACO DE DIAMETRO ATE 50 MM, MOTOR ELETRICO TRIFASICO, POTENCIA DE 5,5 HP A 7,5 HP;UN;137917.76
MATERIAL;3446;"COTOVELO 45 GRAUS DE FERRO GALVANIZADO, COM ROSCA BSP, DE 1 1/2""";UN;38.87
MATERIAL;3445;"COTOVELO 45 GRAUS DE FERRO GALVANIZADO, COM ROSCA BSP, DE 1 1/4""";UN;31.74
MATERIAL;3444;"COTOVELO 45 GRAUS DE FERRO GALVANIZADO, COM ROSCA BSP, DE 1""";UN;19.53
MATERIAL;3441;"COTOVELO 45 GRAUS DE FERRO GALVANIZADO, COM ROSCA BSP, DE 1/2""";UN;8.96
MATERIAL;12402;"COTOVELO 45 GRAUS DE FERRO GALVANIZADO, COM ROSCA BSP, DE 2 1/2""";UN;109.27
MATERIAL;3447;"COTOVELO 45 GRAUS DE FERRO GALVANIZADO, COM ROSCA BSP, DE 2""";UN;56.53
MATERIAL;3448;"COTOVELO 45 GRAUS DE FERRO GALVANIZADO, COM ROSCA BSP, DE 3""";UN;159.76
MATERIAL;3442;"COTOVELO 45 GRAUS DE FERRO GALVANIZADO, COM ROSCA BSP, DE 3/4""";UN;13.4
MATERIAL;3449;"COTOVELO 45 GRAUS DE FERRO GALVANIZADO, COM ROSCA BSP, DE 4""";UN;279.93
MATERIAL;37438;COTOVELO 45 GRAUS, PEAD PE 100, DE 125 MM, PARA ELETROFUSAO;UN;256.35
MATERIAL;37439;COTOVELO 45 GRAUS, PEAD PE 100, DE 200 MM, PARA ELETROFUSAO;UN;1676
MATERIAL;37435;COTOVELO 45 GRAUS, PEAD PE 100, DE 32 MM, PARA ELETROFUSAO;UN;30.12
MATERIAL;37436;COTOVELO 45 GRAUS, PEAD PE 100, DE 40 MM, PARA ELETROFUSAO;UN;35.55
MATERIAL;37437;COTOVELO 45 GRAUS, PEAD PE 100, DE 63 MM, PARA ELETROFUSAO;UN;51.42
MATERIAL;3473;"COTOVELO 90 GRAUS DE FERRO GALVANIZADO, COM ROSCA BSP MACHO/FEMEA, DE 1 1/2""";UN;43.95
MATERIAL;3474;"COTOVELO 90 GRAUS DE FERRO GALVANIZADO, COM ROSCA BSP MACHO/FEMEA, DE 1 1/4""";UN;36.23
MATERIAL;3443;"COTOVELO 90 GRAUS DE FERRO GALVANIZADO, COM ROSCA BSP MACHO/FEMEA, DE 1""";UN;22.54
MATERIAL;3450;"COTOVELO 90 GRAUS DE FERRO GALVANIZADO, COM ROSCA BSP MACHO/FEMEA, DE 1/2""";UN;10.5
MATERIAL;3453;"COTOVELO 90 GRAUS DE FERRO GALVANIZADO, COM ROSCA BSP MACHO/FEMEA, DE 2 1/2""";UN;128.29
MATERIAL;3452;"COTOVELO 90 GRAUS DE FERRO GALVANIZADO, COM ROSCA BSP MACHO/FEMEA, DE 2""";UN;63.32
MATERIAL;3454;"COTOVELO 90 GRAUS DE FERRO GALVANIZADO, COM ROSCA BSP MACHO/FEMEA, DE 3""";UN;195.13
MATERIAL;3451;"COTOVELO 90 GRAUS DE FERRO GALVANIZADO, COM ROSCA BSP MACHO/FEMEA, DE 3/4""";UN;12.56
MATERIAL;3458;"COTOVELO 90 GRAUS DE FERRO GALVANIZADO, COM ROSCA BSP, DE 1 1/2""";UN;35.23
MATERIAL;3457;"COTOVELO 90 GRAUS DE FERRO GALVANIZADO, COM ROSCA BSP, DE 1 1/4""";UN;26.45
MATERIAL;3472;"COTOVELO 90 GRAUS DE FERRO GALVANIZADO, COM ROSCA BSP, DE 1""";UN;16.87
MATERIAL;3455;"COTOVELO 90 GRAUS DE FERRO GALVANIZADO, COM ROSCA BSP, DE 1/2""";UN;7.51
MATERIAL;3470;"COTOVELO 90 GRAUS DE FERRO GALVANIZADO, COM ROSCA BSP, DE 2 1/2""";UN;98.38
MATERIAL;3471;"COTOVELO 90 GRAUS DE FERRO GALVANIZADO, COM ROSCA BSP, DE 2""";UN;54.06
MATERIAL;3459;"COTOVELO 90 GRAUS DE FERRO GALVANIZADO, COM ROSCA BSP, DE 3""";UN;138.76
MATERIAL;3456;"COTOVELO 90 GRAUS DE FERRO GALVANIZADO, COM ROSCA BSP, DE 3/4""";UN;11.24
MATERIAL;3469;"COTOVELO 90 GRAUS DE FERRO GALVANIZADO, COM ROSCA BSP, DE 4""";UN;263.88
MATERIAL;3460;"COTOVELO 90 GRAUS DE FERRO GALVANIZADO, COM ROSCA BSP, DE 5""";UN;385.04
MATERIAL;3461;"COTOVELO 90 GRAUS DE FERRO GALVANIZADO, COM ROSCA BSP, DE 6""";UN;984.15
MATERIAL;37433;COTOVELO 90 GRAUS, PEAD PE 100, DE 125 MM, PARA ELETROFUSAO;UN;256.35
MATERIAL;37430;COTOVELO 90 GRAUS, PEAD PE 100, DE 20 MM, PARA ELETROFUSAO;UN;32.12
MATERIAL;37434;COTOVELO 90 GRAUS, PEAD PE 100, DE 200 MM, PARA ELETROFUSAO;UN;2390.2
MATERIAL;37431;COTOVELO 90 GRAUS, PEAD PE 100, DE 32 MM, PARA ELETROFUSAO;UN;43.58
MATERIAL;37432;COTOVELO 90 GRAUS, PEAD PE 100, DE 63 MM, PARA ELETROFUSAO;UN;80.38
MATERIAL;39869;"COTOVELO BRONZE/LATAO SEM ANEL DE SOLDA, BOLSA X ROSCA F, 15MM X 1/2""";UN;18.98
MATERIAL;39870;"COTOVELO BRONZE/LATAO SEM ANEL DE SOLDA, BOLSA X ROSCA F, 22MM X 1/2""";UN;29.03
MATERIAL;39871;"COTOVELO BRONZE/LATAO SEM ANEL DE SOLDA, BOLSA X ROSCA F, 22MM X 3/4""";UN;32.54
MATERIAL;12722;COTOVELO DE COBRE 90 GRAUS SEM ANEL DE SOLDA, BOLSA X BOLSA, 104 MM;UN;1088.83
MATERIAL;12714;COTOVELO DE COBRE 90 GRAUS SEM ANEL DE SOLDA, BOLSA X BOLSA, 15 MM;UN;7.11
MATERIAL;12715;COTOVELO DE COBRE 90 GRAUS SEM ANEL DE SOLDA, BOLSA X BOLSA, 22 MM;UN;16.04
MATERIAL;12716;COTOVELO DE COBRE 90 GRAUS SEM ANEL DE SOLDA, BOLSA X BOLSA, 28 MM;UN;27.56
MATERIAL;12717;COTOVELO DE COBRE 90 GRAUS SEM ANEL DE SOLDA, BOLSA X BOLSA, 35 MM;UN;54.17
MATERIAL;12718;COTOVELO DE COBRE 90 GRAUS SEM ANEL DE SOLDA, BOLSA X BOLSA, 42 MM;UN;83.13
MATERIAL;12719;COTOVELO DE COBRE 90 GRAUS SEM ANEL DE SOLDA, BOLSA X BOLSA, 54 MM;UN;131.97
MATERIAL;12720;COTOVELO DE COBRE 90 GRAUS SEM ANEL DE SOLDA, BOLSA X BOLSA, 66 MM;UN;459.52
MATERIAL;12721;COTOVELO DE COBRE 90 GRAUS SEM ANEL DE SOLDA, BOLSA X BOLSA, 79 MM;UN;440.64
MATERIAL;3468;"COTOVELO DE REDUCAO 90 GRAUS DE FERRO GALVANIZADO, COM ROSCA BSP, DE 1 1/2"" X 1""";UN;45.98
MATERIAL;3465;"COTOVELO DE REDUCAO 90 GRAUS DE FERRO GALVANIZADO, COM ROSCA BSP, DE 1 1/2"" X 3/4""";UN;45.97
MATERIAL;12403;"COTOVELO DE REDUCAO 90 GRAUS DE FERRO GALVANIZADO, COM ROSCA BSP, DE 1 1/4"" X 1""";UN;32.77
MATERIAL;3463;"COTOVELO DE REDUCAO 90 GRAUS DE FERRO GALVANIZADO, COM ROSCA BSP, DE 1"" X 1/2""";UN;19.14
MATERIAL;3464;"COTOVELO DE REDUCAO 90 GRAUS DE FERRO GALVANIZADO, COM ROSCA BSP, DE 1"" X 3/4""";UN;19.14
MATERIAL;3466;"COTOVELO DE REDUCAO 90 GRAUS DE FERRO GALVANIZADO, COM ROSCA BSP, DE 2 1/2"" X 2""";UN;116.76
MATERIAL;3467;"COTOVELO DE REDUCAO 90 GRAUS DE FERRO GALVANIZADO, COM ROSCA BSP, DE 2"" X 1 1/2""";UN;65.94
MATERIAL;3462;"COTOVELO DE REDUCAO 90 GRAUS DE FERRO GALVANIZADO, COM ROSCA BSP, DE 3/4"" X 1/2""";UN;12.63
MATERIAL;43917;COTOVELO HORIZONTAL RETO 90 GRAUS PARA ELETROCALHA, EM CHAPA PERFURADA DE ACO GALVANIZADO ESPESSURA #14, 700 X 50 MM (L X A), SEM VIROLA, SEM TAMPA;UN;247.14
MATERIAL;41808;COTOVELO HORIZONTAL RETO 90 GRAUS, PARA ELETROCALHA, EM CHAPA LISA DE ACO GALVANIZADO ESPESSURA # 22, 150 X 50 MM (L X A), SEM VIROLA, SEM TAMPA;UN;17.97
MATERIAL;41817;COTOVELO HORIZONTAL RETO 90 GRAUS, PARA ELETROCALHA, EM CHAPA LISA DE ACO GALVANIZADO ESPESSURA #14, 700 X 50 MM (L X A), SEM VIROLA, SEM TAMPA;UN;204.26
MATERIAL;41819;COTOVELO HORIZONTAL RETO 90 GRAUS, PARA ELETROCALHA, EM CHAPA LISA DE ACO GALVANIZADO ESPESSURA #14, 800 X 50 MM (L X A), SEM VIROLA, SEM TAMPA;UN;307.29
MATERIAL;41815;COTOVELO HORIZONTAL RETO 90 GRAUS, PARA ELETROCALHA, EM CHAPA LISA DE ACO GALVANIZADO ESPESSURA #16, 500 X 50 MM (L X A), SEM VIROLA, SEM TAMPA;UN;90.83
MATERIAL;41816;COTOVELO HORIZONTAL RETO 90 GRAUS, PARA ELETROCALHA, EM CHAPA LISA DE ACO GALVANIZADO ESPESSURA #16, 600 X 50 MM (L X A), SEM VIROLA, SEM TAMPA;UN;151.52
MATERIAL;41812;COTOVELO HORIZONTAL RETO 90 GRAUS, PARA ELETROCALHA, EM CHAPA LISA DE ACO GALVANIZADO ESPESSURA #18, 300 X 50 MM (L X A), SEM VIROLA, SEM TAMPA;UN;44.06
MATERIAL;41813;COTOVELO HORIZONTAL RETO 90 GRAUS, PARA ELETROCALHA, EM CHAPA LISA DE ACO GALVANIZADO ESPESSURA #18, 400 X 50 MM (L X A), SEM VIROLA, SEM TAMPA;UN;64.83
MATERIAL;41806;COTOVELO HORIZONTAL RETO 90 GRAUS, PARA ELETROCALHA, EM CHAPA LISA DE ACO GALVANIZADO ESPESSURA #22, 100 X 50 MM (L X A), SEM VIROLA, SEM TAMPA;UN;11.69
MATERIAL;41807;COTOVELO HORIZONTAL RETO 90 GRAUS, PARA ELETROCALHA, EM CHAPA LISA DE ACO GALVANIZADO ESPESSURA #22, 125 X 50 MM (L X A), SEM VIROLA, SEM TAMPA;UN;13.04
MATERIAL;41809;COTOVELO HORIZONTAL RETO 90 GRAUS, PARA ELETROCALHA, EM CHAPA LISA DE ACO GALVANIZADO ESPESSURA #22, 200 X 50 MM (L X A), SEM VIROLA, SEM TAMPA;UN;21.34
MATERIAL;41811;COTOVELO HORIZONTAL RETO 90 GRAUS, PARA ELETROCALHA, EM CHAPA LISA DE ACO GALVANIZADO ESPESSURA #22, 250 X 50 MM (L X A), SEM VIROLA, SEM TAMPA;UN;27.33
MATERIAL;41814;COTOVELO HORIZONTAL RETO 90 GRAUS, PARA ELETROCALHA, EM CHAPA LISA DE ACO GALVANIZADO ESPESSURA #22, 50 X 50 MM (L X A), SEM VIROLA, SEM TAMPA;UN;8.03
MATERIAL;41818;COTOVELO HORIZONTAL RETO 90 GRAUS, PARA ELETROCALHA, EM CHAPA LISA DE ACO GALVANIZADO ESPESSURA #22, 75 X 50 MM (L X A), SEM VIROLA, SEM TAMPA;UN;9.01
MATERIAL;43919;COTOVELO HORIZONTAL RETO 90 GRAUS, PARA ELETROCALHA, EM CHAPA PERFURADA DE ACO GALVANIZADO ESPESSURA #14, 800 X 50 MM (L X A), SEM VIROLA, SEM TAMPA;UN;307.29
MATERIAL;43914;COTOVELO HORIZONTAL RETO 90 GRAUS, PARA ELETROCALHA, EM CHAPA PERFURADA DE ACO GALVANIZADO ESPESSURA #16, 500 X 50 MM (L X A), SEM VIROLA, SEM TAMPA;UN;97.33
MATERIAL;43916;COTOVELO HORIZONTAL RETO 90 GRAUS, PARA ELETROCALHA, EM CHAPA PERFURADA DE ACO GALVANIZADO ESPESSURA #16, 600 X 50 MM (L X A), SEM VIROLA, SEM TAMPA;UN;137.45
MATERIAL;43912;COTOVELO HORIZONTAL RETO 90 GRAUS, PARA ELETROCALHA, EM CHAPA PERFURADA DE ACO GALVANIZADO ESPESSURA #18, 300 X 50 MM (L X A), SEM VIROLA, SEM TAMPA;UN;44.06
MATERIAL;43913;COTOVELO HORIZONTAL RETO 90 GRAUS, PARA ELETROCALHA, EM CHAPA PERFURADA DE ACO GALVANIZADO ESPESSURA #18, 400 X 50 MM (L X A), SEM VIROLA, SEM TAMPA;UN;64.83
MATERIAL;43908;COTOVELO HORIZONTAL RETO 90 GRAUS, PARA ELETROCALHA, EM CHAPA PERFURADA DE ACO GALVANIZADO ESPESSURA #22, 125 X 50 MM (L X A), SEM VIROLA, SEM TAMPA;UN;12.54
MATERIAL;43909;COTOVELO HORIZONTAL RETO 90 GRAUS, PARA ELETROCALHA, EM CHAPA PERFURADA DE ACO GALVANIZADO ESPESSURA #22, 150 X 50 MM (L X A), SEM VIROLA, SEM TAMPA;UN;14.55
MATERIAL;43910;COTOVELO HORIZONTAL RETO 90 GRAUS, PARA ELETROCALHA, EM CHAPA PERFURADA DE ACO GALVANIZADO ESPESSURA #22, 200 X 50 MM (L X A), SEM VIROLA, SEM TAMPA;UN;21.34
MATERIAL;43911;COTOVELO HORIZONTAL RETO 90 GRAUS, PARA ELETROCALHA, EM CHAPA PERFURADA DE ACO GALVANIZADO ESPESSURA #22, 250 X 50 MM (L X A), SEM VIROLA, SEM TAMPA;UN;27.33
MATERIAL;43915;COTOVELO HORIZONTAL RETO 90 GRAUS, PARA ELETROCALHA, EM CHAPA PERFURADA DE ACO GALVANIZADO ESPESSURA #22, 50 X 50 MM (L X A), SEM VIROLA, SEM TAMPA;UN;6.92
MATERIAL;43918;COTOVELO HORIZONTAL RETO 90 GRAUS, PARA ELETROCALHA, EM CHAPA PERFURADA DE ACO GALVANIZADO ESPESSURA #22, 75 X 50 MM (L X A), SEM VIROLA, SEM TAMPA;UN;8.55
MATERIAL;43907;COTOVELO HORIZONTAL RETO, 90 GRAUS, PARA ELETROCALHA, EM CHAPA PERFURADA DE ACO GALVANIZADO ESPESSURA #22, 100 X 50 MM (L X A), SEM VIROLA, SEM TAMPA;UN;11.69
MATERIAL;37416;COTOVELO/JOELHO 90 GRAUS, EM POLIPROPILENO, PN 16, PARA TUBOS PEAD, 20 X 20 MM - LIGACAO PREDIAL DE AGUA;UN;4.14
MATERIAL;37417;COTOVELO/JOELHO 90 GRAUS, EM POLIPROPILENO, PN 16, PARA TUBOS PEAD, 32 X 32 MM - LIGACAO PREDIAL DE AGUA;UN;5.96
MATERIAL;37413;"COTOVELO/JOELHO COM ADAPTADOR, 90 GRAUS, EM POLIPROPILENO, PN 16, PARA TUBOS PEAD, 20 MM X 1/2"" - LIGACAO PREDIAL DE AGUA";UN;4.43
MATERIAL;37414;"COTOVELO/JOELHO COM ADAPTADOR, 90 GRAUS, EM POLIPROPILENO, PN 16, PARA TUBOS PEAD, 20 MM X 3/4"" - LIGACAO PREDIAL DE AGUA";UN;5.03
MATERIAL;37415;"COTOVELO/JOELHO COM ADAPTADOR, 90 GRAUS, EM POLIPROPILENO, PN 16, PARA TUBOS PEAD, 32 MM X 1"" - LIGACAO PREDIAL DE AGUA";UN;9.14
MATERIAL;43590;CREMONA RETANGULAR INJETADA LISA COM CHAVE, COM CASTANHA / ALCA, EM LATAO, COM ACABAMENTO CROMADO, DE SOBREPOR / EMBUTIR;UN;152.66
MATERIAL;43589;CREMONA RETANGULAR INJETADA LISA, COM CASTANHA / ALCA, EM LATAO, COM ACABAMENTO CROMADO, DE SOBREPOR / EMBUTIR;UN;27.62
MATERIAL;34519;CRUZETA DE CONCRETO LEVE, COMP. 2000 MM SECAO, 90 X 90 MM;UN;92.37
MATERIAL;1649;"CRUZETA DE FERRO GALVANIZADO, COM ROSCA BSP, DE 1 1/2""";UN;83.08
MATERIAL;1653;"CRUZETA DE FERRO GALVANIZADO, COM ROSCA BSP, DE 1 1/4""";UN;65.08
MATERIAL;1648;"CRUZETA DE FERRO GALVANIZADO, COM ROSCA BSP, DE 1""";UN;44.75
MATERIAL;1647;"CRUZETA DE FERRO GALVANIZADO, COM ROSCA BSP, DE 1/2""";UN;23.3
MATERIAL;1651;"CRUZETA DE FERRO GALVANIZADO, COM ROSCA BSP, DE 2 1/2""";UN;207.58
MATERIAL;1650;"CRUZETA DE FERRO GALVANIZADO, COM ROSCA BSP, DE 2""";UN;114.74
MATERIAL;1652;"CRUZETA DE FERRO GALVANIZADO, COM ROSCA BSP, DE 3""";UN;297.93
MATERIAL;1654;"CRUZETA DE FERRO GALVANIZADO, COM ROSCA BSP, DE 3/4""";UN;31.99
MATERIAL;10510;CRUZETA DE MADEIRA TRATADA, *90 X 115 X 2400* MM, EM EUCALIPTO OU EQUIVALENTE DA REGIAO;UN;169.07
MATERIAL;1744;"CUBA ACO INOX (AISI 304) DE EMBUTIR COM VALVULA 3 1/2"", DE *40 X 34 X 12* CM";UN;138.07
MATERIAL;1743;"CUBA ACO INOX (AISI 304) DE EMBUTIR COM VALVULA 3 1/2"", DE *46 X 30 X 12* CM";UN;181.31
MATERIAL;1747;"CUBA ACO INOX (AISI 304) DE EMBUTIR COM VALVULA DE 3 1/2"", DE *56 X 33 X 12* CM";UN;199.34
MATERIAL;39640;CUMEEIRA ARTICULADA (ABA INFERIOR) PARA TELHA ONDULADA DE FIBROCIMENTO E = 4 MM, ABA *330* MM, COMPRIMENTO 500 MM (SEM AMIANTO);UN;12.11
MATERIAL;7216;CUMEEIRA NORMAL PARA TELHA ESTRUTURAL DE FIBROCIMENTO 2 ABAS, E = 6 MM, DE 1050 X 935 MM (SEM AMIANTO);UN;65.05
MATERIAL;20235;CUMEEIRA NORMAL PARA TELHA ONDULADA DE FIBROCIMENTO, E = 6 MM, ABA 300 MM, COMPRIMENTO 1100 MM (SEM AMIANTO);UN;52.3
MATERIAL;7181;CUMEEIRA PARA TELHA CERAMICA, COMPRIMENTO DE *41* CM, RENDIMENTO DE *3* TELHAS/M;UN;9.19
MATERIAL;40742;CUMEEIRA PARA TELHA DE CONCRETO, PARA 2 AGUAS DE TELHADO, COR CINZA, RENDIMENTO DE *3* TELHAS/M;UN;12.72
MATERIAL;7214;CUMEEIRA SHED PARA TELHA ONDULADA DE FIBROCIMENTO, E = 6 MM, ABA 280 MM, COMPRIMENTO 1100 MM (SEM AMIANTO);UN;63.52
MATERIAL;7219;CUMEEIRA UNIVERSAL PARA TELHA ONDULADA DE FIBROCIMENTO, E = 6 MM, ABA 210 MM, COMPRIMENTO 1100 MM (SEM AMIANTO);UN;56.34
MATERIAL;2628;"CURVA 135 GRAUS PARA ELETRODUTO, EM ACO GALVANIZADO ELETROLITICO, COM ROSCA, DIAMETRO DE 100 MM (4"")";UN;204.81
MATERIAL;2622;"CURVA 135 GRAUS PARA ELETRODUTO, EM ACO GALVANIZADO ELETROLITICO, COM ROSCA, DIAMETRO DE 15 MM (1/2""), ESPESSURA DE 1,50 MM";UN;4.86
MATERIAL;2623;"CURVA 135 GRAUS PARA ELETRODUTO, EM ACO GALVANIZADO ELETROLITICO, COM ROSCA, DIAMETRO DE 20 MM (3/4""), ESPESSURA DE 1,50 MM";UN;5.85
MATERIAL;2624;"CURVA 135 GRAUS PARA ELETRODUTO, EM ACO GALVANIZADO ELETROLITICO, COM ROSCA, DIAMETRO DE 25 MM (1""), ESPESSURA DE 1,50 MM";UN;9.31
MATERIAL;2625;"CURVA 135 GRAUS PARA ELETRODUTO, EM ACO GALVANIZADO ELETROLITICO, COM ROSCA, DIAMETRO DE 32 MM (1 1/4""), ESPESSURA DE 1,50 MM";UN;19.65
MATERIAL;2626;"CURVA 135 GRAUS PARA ELETRODUTO, EM ACO GALVANIZADO ELETROLITICO, COM ROSCA, DIAMETRO DE 40 MM (1 1/2""), ESPESSURA DE 1,50 MM";UN;28.79
MATERIAL;2630;"CURVA 135 GRAUS PARA ELETRODUTO, EM ACO GALVANIZADO ELETROLITICO, COM ROSCA, DIAMETRO DE 50 MM (2"")";UN;43.79
MATERIAL;2627;"CURVA 135 GRAUS PARA ELETRODUTO, EM ACO GALVANIZADO ELETROLITICO, COM ROSCA, DIAMETRO DE 65 MM (2 1/2"")";UN;77.14
MATERIAL;2629;"CURVA 135 GRAUS PARA ELETRODUTO, EM ACO GALVANIZADO ELETROLITICO, COM ROSCA, DIAMETRO DE 80 MM (3"")";UN;104.34
MATERIAL;1880;"CURVA 135 GRAUS, DE PVC RIGIDO ROSCAVEL, DE 1"", PARA ELETRODUTO";UN;2.76
MATERIAL;39274;"CURVA 135 GRAUS, DE PVC RIGIDO ROSCAVEL, DE 3/4"", PARA ELETRODUTO";UN;2.14
MATERIAL;12033;"CURVA 180 GRAUS, DE PVC RIGIDO ROSCAVEL, DE 1 1/2"", PARA ELETRODUTO";UN;8.82
MATERIAL;40408;"CURVA 180 GRAUS, DE PVC RIGIDO ROSCAVEL, DE 1 1/4"", PARA ELETRODUTO";UN;5.79
MATERIAL;39276;"CURVA 180 GRAUS, DE PVC RIGIDO ROSCAVEL, DE 1"", PARA ELETRODUTO";UN;5.22
MATERIAL;40409;"CURVA 180 GRAUS, DE PVC RIGIDO ROSCAVEL, DE 1/2"", PARA ELETRODUTO";UN;2.05
MATERIAL;39277;"CURVA 180 GRAUS, DE PVC RIGIDO ROSCAVEL, DE 2"", PARA ELETRODUTO";UN;14.1
MATERIAL;12034;"CURVA 180 GRAUS, DE PVC RIGIDO ROSCAVEL, DE 3/4"", PARA ELETRODUTO";UN;3.99
MATERIAL;39879;CURVA 45 GRAUS DE COBRE SEM ANEL DE SOLDA, BOLSA X BOLSA, 15 MM;UN;7.06
MATERIAL;39880;CURVA 45 GRAUS DE COBRE SEM ANEL DE SOLDA, BOLSA X BOLSA, 22 MM;UN;15.64
MATERIAL;39881;CURVA 45 GRAUS DE COBRE SEM ANEL DE SOLDA, BOLSA X BOLSA, 28 MM;UN;25.11
MATERIAL;39882;CURVA 45 GRAUS DE COBRE SEM ANEL DE SOLDA, BOLSA X BOLSA, 35 MM;UN;66.15
MATERIAL;39883;CURVA 45 GRAUS DE COBRE SEM ANEL DE SOLDA, BOLSA X BOLSA, 42 MM;UN;105.63
MATERIAL;39884;CURVA 45 GRAUS DE COBRE SEM ANEL DE SOLDA, BOLSA X BOLSA, 54 MM;UN;156.89
MATERIAL;39885;CURVA 45 GRAUS DE COBRE SEM ANEL DE SOLDA, BOLSA X BOLSA, 66 MM;UN;372.87
MATERIAL;1777;"CURVA 45 GRAUS DE FERRO GALVANIZADO, COM ROSCA BSP FEMEA, DE 1 1/2""";UN;89.58
MATERIAL;1819;"CURVA 45 GRAUS DE FERRO GALVANIZADO, COM ROSCA BSP FEMEA, DE 1 1/4""";UN;65.17
MATERIAL;1776;"CURVA 45 GRAUS DE FERRO GALVANIZADO, COM ROSCA BSP FEMEA, DE 1""";UN;53.03
MATERIAL;1775;"CURVA 45 GRAUS DE FERRO GALVANIZADO, COM ROSCA BSP FEMEA, DE 1/2""";UN;19.49
MATERIAL;1778;"CURVA 45 GRAUS DE FERRO GALVANIZADO, COM ROSCA BSP FEMEA, DE 2 1/2""";UN;216.84
MATERIAL;1818;"CURVA 45 GRAUS DE FERRO GALVANIZADO, COM ROSCA BSP FEMEA, DE 2""";UN;143.93
MATERIAL;1779;"CURVA 45 GRAUS DE FERRO GALVANIZADO, COM ROSCA BSP FEMEA, DE 3""";UN;315.36
MATERIAL;1820;"CURVA 45 GRAUS DE FERRO GALVANIZADO, COM ROSCA BSP FEMEA, DE 3/4""";UN;28.15
MATERIAL;1780;"CURVA 45 GRAUS DE FERRO GALVANIZADO, COM ROSCA BSP FEMEA, DE 4""";UN;650.12
MATERIAL;1783;"CURVA 45 GRAUS DE FERRO GALVANIZADO, COM ROSCA BSP MACHO/FEMEA, DE 1 1/2""";UN;68.74
MATERIAL;1782;"CURVA 45 GRAUS DE FERRO GALVANIZADO, COM ROSCA BSP MACHO/FEMEA, DE 1 1/4""";UN;54.35
MATERIAL;1781;"CURVA 45 GRAUS DE FERRO GALVANIZADO, COM ROSCA BSP MACHO/FEMEA, DE 1""";UN;35.41
MATERIAL;1817;"CURVA 45 GRAUS DE FERRO GALVANIZADO, COM ROSCA BSP MACHO/FEMEA, DE 1/2""";UN;16.19
MATERIAL;1784;"CURVA 45 GRAUS DE FERRO GALVANIZADO, COM ROSCA BSP MACHO/FEMEA, DE 2 1/2""";UN;194.1
MATERIAL;1810;"CURVA 45 GRAUS DE FERRO GALVANIZADO, COM ROSCA BSP MACHO/FEMEA, DE 2""";UN;107.66
MATERIAL;1812;"CURVA 45 GRAUS DE FERRO GALVANIZADO, COM ROSCA BSP MACHO/FEMEA, DE 3""";UN;271.77
MATERIAL;1811;"CURVA 45 GRAUS DE FERRO GALVANIZADO, COM ROSCA BSP MACHO/FEMEA, DE 3/4""";UN;23.29
MATERIAL;40386;"CURVA 45 GRAUS EM ACO CARBONO, SOLDAVEL, PRESSAO 3.000 LBS, DN 1 1/2""";UN;89.73
MATERIAL;40384;"CURVA 45 GRAUS EM ACO CARBONO, SOLDAVEL, PRESSAO 3.000 LBS, DN 1 1/4""";UN;61.43
MATERIAL;40423;"CURVA 45 GRAUS EM ACO CARBONO, SOLDAVEL, PRESSAO 3.000 LBS, DN 1""";UN;40.19
MATERIAL;40379;"CURVA 45 GRAUS EM ACO CARBONO, SOLDAVEL, PRESSAO 3.000 LBS, DN 1/2""";UN;21.24
MATERIAL;40389;"CURVA 45 GRAUS EM ACO CARBONO, SOLDAVEL, PRESSAO 3.000 LBS, DN 2 1/2""";UN;254.88
MATERIAL;40388;"CURVA 45 GRAUS EM ACO CARBONO, SOLDAVEL, PRESSAO 3.000 LBS, DN 2""";UN;127.58
MATERIAL;40391;"CURVA 45 GRAUS EM ACO CARBONO, SOLDAVEL, PRESSAO 3.000 LBS, DN 3""";UN;661.54
MATERIAL;40381;"CURVA 45 GRAUS EM ACO CARBONO, SOLDAVEL, PRESSAO 3.000 LBS, DN 3/4""";UN;28.32
MATERIAL;2609;"CURVA 45 GRAUS PARA ELETRODUTO, EM ACO GALVANIZADO ELETROLITICO, COM ROSCA, DIAMETRO DE 20 MM (3/4""), ESPESSURA DE 1,50 MM";UN;4.57
MATERIAL;2634;"CURVA 45 GRAUS PARA ELETRODUTO, EM ACO GALVANIZADO ELETROLITICO, COM ROSCA, DIAMETRO DE 25 MM (1""), ESPESSURA DE 1,50 MM";UN;6
MATERIAL;2611;"CURVA 45 GRAUS PARA ELETRODUTO, EM ACO GALVANIZADO ELETROLITICO, COM ROSCA, DIAMETRO DE 40 MM (1 1/2""), ESPESSURA DE 1,50 MM";UN;16.91
MATERIAL;40414;"CURVA 45 GRAUS RANHURADA EM FERRO FUNDIDO, DN 50 MM (2"")";UN;20.01
MATERIAL;40416;"CURVA 45 GRAUS RANHURADA EM FERRO FUNDIDO, DN 65 MM (2 1/2"")";UN;27.66
MATERIAL;40418;"CURVA 45 GRAUS RANHURADA EM FERRO FUNDIDO, DN 80 MM (3"")";UN;32.99
MATERIAL;34359;"CURVA 90 GRAUS DE BARRA CHATA EM ALUMINIO 3/4"" X 1/4"" X 300 MM";UN;12.05
MATERIAL;1789;"CURVA 90 GRAUS DE FERRO GALVANIZADO, COM ROSCA BSP FEMEA, DE 1 1/2""";UN;85.98
MATERIAL;1788;"CURVA 90 GRAUS DE FERRO GALVANIZADO, COM ROSCA BSP FEMEA, DE 1 1/4""";UN;68.92
MATERIAL;1787;"CURVA 90 GRAUS DE FERRO GALVANIZADO, COM ROSCA BSP FEMEA, DE 1""";UN;40.98
MATERIAL;1786;"CURVA 90 GRAUS DE FERRO GALVANIZADO, COM ROSCA BSP FEMEA, DE 1/2""";UN;17.11
MATERIAL;1791;"CURVA 90 GRAUS DE FERRO GALVANIZADO, COM ROSCA BSP FEMEA, DE 2 1/2""";UN;248.48
MATERIAL;1790;"CURVA 90 GRAUS DE FERRO GALVANIZADO, COM ROSCA BSP FEMEA, DE 2""";UN;143.18
MATERIAL;1792;"CURVA 90 GRAUS DE FERRO GALVANIZADO, COM ROSCA BSP FEMEA, DE 3""";UN;335.41
MATERIAL;1813;"CURVA 90 GRAUS DE FERRO GALVANIZADO, COM ROSCA BSP FEMEA, DE 3/4""";UN;27.16
MATERIAL;1793;"CURVA 90 GRAUS DE FERRO GALVANIZADO, COM ROSCA BSP FEMEA, DE 4""";UN;677.75
MATERIAL;1797;"CURVA 90 GRAUS DE FERRO GALVANIZADO, COM ROSCA BSP MACHO, DE 1 1/2""";UN;97.62
MATERIAL;1796;"CURVA 90 GRAUS DE FERRO GALVANIZADO, COM ROSCA BSP MACHO, DE 1 1/4""";UN;74.89
MATERIAL;1816;"CURVA 90 GRAUS DE FERRO GALVANIZADO, COM ROSCA BSP MACHO, DE 1""";UN;40.31
MATERIAL;1794;"CURVA 90 GRAUS DE FERRO GALVANIZADO, COM ROSCA BSP MACHO, DE 1/2""";UN;17.88
MATERIAL;1815;"CURVA 90 GRAUS DE FERRO GALVANIZADO, COM ROSCA BSP MACHO, DE 2 1/2""";UN;309.54
MATERIAL;1798;"CURVA 90 GRAUS DE FERRO GALVANIZADO, COM ROSCA BSP MACHO, DE 2""";UN;138.51
MATERIAL;1799;"CURVA 90 GRAUS DE FERRO GALVANIZADO, COM ROSCA BSP MACHO, DE 3""";UN;403.15
MATERIAL;1795;"CURVA 90 GRAUS DE FERRO GALVANIZADO, COM ROSCA BSP MACHO, DE 3/4""";UN;24.76
MATERIAL;1800;"CURVA 90 GRAUS DE FERRO GALVANIZADO, COM ROSCA BSP MACHO, DE 4""";UN;769.68
MATERIAL;1802;"CURVA 90 GRAUS DE FERRO GALVANIZADO, COM ROSCA BSP MACHO, DE 6""";UN;1925.27
MATERIAL;1809;"CURVA 90 GRAUS DE FERRO GALVANIZADO, COM ROSCA BSP MACHO/FEMEA, DE 1 1/2""";UN;80.61
MATERIAL;1814;"CURVA 90 GRAUS DE FERRO GALVANIZADO, COM ROSCA BSP MACHO/FEMEA, DE 1 1/4""";UN;66.22
MATERIAL;1805;"CURVA 90 GRAUS DE FERRO GALVANIZADO, COM ROSCA BSP MACHO/FEMEA, DE 1""";UN;38.43
MATERIAL;1803;"CURVA 90 GRAUS DE FERRO GALVANIZADO, COM ROSCA BSP MACHO/FEMEA, DE 1/2""";UN;16.74
MATERIAL;1821;"CURVA 90 GRAUS DE FERRO GALVANIZADO, COM ROSCA BSP MACHO/FEMEA, DE 2 1/2""";UN;227.02
MATERIAL;1806;"CURVA 90 GRAUS DE FERRO GALVANIZADO, COM ROSCA BSP MACHO/FEMEA, DE 2""";UN;135.13
MATERIAL;1807;"CURVA 90 GRAUS DE FERRO GALVANIZADO, COM ROSCA BSP MACHO/FEMEA, DE 3""";UN;324.68
MATERIAL;1804;"CURVA 90 GRAUS DE FERRO GALVANIZADO, COM ROSCA BSP MACHO/FEMEA, DE 3/4""";UN;23.82
MATERIAL;1808;"CURVA 90 GRAUS DE FERRO GALVANIZADO, COM ROSCA BSP MACHO/FEMEA, DE 4""";UN;650.92
MATERIAL;40385;"CURVA 90 GRAUS EM ACO CARBONO, RAIO CURTO, SOLDAVEL, PRESSAO 3.000 LBS, DN 1 1/2""";UN;89.73
MATERIAL;40383;"CURVA 90 GRAUS EM ACO CARBONO, RAIO CURTO, SOLDAVEL, PRESSAO 3.000 LBS, DN 1 1/4""";UN;61.43
MATERIAL;40382;"CURVA 90 GRAUS EM ACO CARBONO, RAIO CURTO, SOLDAVEL, PRESSAO 3.000 LBS, DN 1""";UN;40.19
MATERIAL;40378;"CURVA 90 GRAUS EM ACO CARBONO, RAIO CURTO, SOLDAVEL, PRESSAO 3.000 LBS, DN 1/2""";UN;21.24
MATERIAL;40422;"CURVA 90 GRAUS EM ACO CARBONO, RAIO CURTO, SOLDAVEL, PRESSAO 3.000 LBS, DN 2 1/2""";UN;273.8
MATERIAL;40387;"CURVA 90 GRAUS EM ACO CARBONO, RAIO CURTO, SOLDAVEL, PRESSAO 3.000 LBS, DN 2""";UN;139.41
MATERIAL;40390;"CURVA 90 GRAUS EM ACO CARBONO, RAIO CURTO, SOLDAVEL, PRESSAO 3.000 LBS, DN 3""";UN;576.65
MATERIAL;40380;"CURVA 90 GRAUS EM ACO CARBONO, RAIO CURTO, SOLDAVEL, PRESSAO 3.000 LBS, DN 3/4""";UN;28.32
MATERIAL;2621;"CURVA 90 GRAUS PARA ELETRODUTO, EM ACO GALVANIZADO ELETROLITICO, COM ROSCA, DIAMETRO DE 100 MM (4"")";UN;144.7
MATERIAL;2616;"CURVA 90 GRAUS PARA ELETRODUTO, EM ACO GALVANIZADO ELETROLITICO, COM ROSCA, DIAMETRO DE 15 MM (1/2""), ESPESSURA DE 1,50 MM";UN;4.09
MATERIAL;2633;"CURVA 90 GRAUS PARA ELETRODUTO, EM ACO GALVANIZADO ELETROLITICO, COM ROSCA, DIAMETRO DE 20 MM (3/4""), ESPESSURA DE 1,50 MM";UN;4.63
MATERIAL;2617;"CURVA 90 GRAUS PARA ELETRODUTO, EM ACO GALVANIZADO ELETROLITICO, COM ROSCA, DIAMETRO DE 25 MM (1""), ESPESSURA DE 1,50 MM";UN;6.29
MATERIAL;2618;"CURVA 90 GRAUS PARA ELETRODUTO, EM ACO GALVANIZADO ELETROLITICO, COM ROSCA, DIAMETRO DE 32 MM (1 1/4""), ESPESSURA DE 1,50 MM";UN;14.33
MATERIAL;2632;"CURVA 90 GRAUS PARA ELETRODUTO, EM ACO GALVANIZADO ELETROLITICO, COM ROSCA, DIAMETRO DE 40 MM (1 1/2""), ESPESSURA DE 1,50 MM";UN;17.48
MATERIAL;2631;"CURVA 90 GRAUS PARA ELETRODUTO, EM ACO GALVANIZADO ELETROLITICO, COM ROSCA, DIAMETRO DE 50 MM (2"")";UN;25.66
MATERIAL;2619;"CURVA 90 GRAUS PARA ELETRODUTO, EM ACO GALVANIZADO ELETROLITICO, COM ROSCA, DIAMETRO DE 65 MM (2 1/2"")";UN;64.99
MATERIAL;2620;"CURVA 90 GRAUS PARA ELETRODUTO, EM ACO GALVANIZADO ELETROLITICO, COM ROSCA, DIAMETRO DE 80 MM (3"")";UN;85.32
MATERIAL;40413;"CURVA 90 GRAUS RANHURADA EM FERRO FUNDIDO, DN 50 MM (2"")";UN;21.74
MATERIAL;40415;"CURVA 90 GRAUS RANHURADA EM FERRO FUNDIDO, DN 65 MM (2 1/2"")";UN;30.98
MATERIAL;40417;"CURVA 90 GRAUS RANHURADA EM FERRO FUNDIDO, DN 80 MM (3"")";UN;36.55
MATERIAL;39273;"CURVA 90 GRAUS, CURTA, DE PVC RIGIDO ROSCAVEL, DE 1"", PARA ELETRODUTO";UN;3.02
MATERIAL;39271;"CURVA 90 GRAUS, CURTA, DE PVC RIGIDO ROSCAVEL, DE 1/2"", PARA ELETRODUTO";UN;1.77
MATERIAL;39272;"CURVA 90 GRAUS, CURTA, DE PVC RIGIDO ROSCAVEL, DE 3/4"", PARA ELETRODUTO";UN;2.18
MATERIAL;1875;"CURVA 90 GRAUS, LONGA, DE PVC RIGIDO ROSCAVEL, DE 1 1/2"", PARA ELETRODUTO";UN;4.82
MATERIAL;1874;"CURVA 90 GRAUS, LONGA, DE PVC RIGIDO ROSCAVEL, DE 1 1/4"", PARA ELETRODUTO";UN;3.98
MATERIAL;1884;"CURVA 90 GRAUS, LONGA, DE PVC RIGIDO ROSCAVEL, DE 1"", PARA ELETRODUTO";UN;3.53
MATERIAL;1870;"CURVA 90 GRAUS, LONGA, DE PVC RIGIDO ROSCAVEL, DE 1/2"", PARA ELETRODUTO";UN;2.3
MATERIAL;1887;"CURVA 90 GRAUS, LONGA, DE PVC RIGIDO ROSCAVEL, DE 2 1/2"", PARA ELETRODUTO";UN;20
MATERIAL;1876;"CURVA 90 GRAUS, LONGA, DE PVC RIGIDO ROSCAVEL, DE 2"", PARA ELETRODUTO";UN;7.84
MATERIAL;1877;"CURVA 90 GRAUS, LONGA, DE PVC RIGIDO ROSCAVEL, DE 3"", PARA ELETRODUTO";UN;20.02
MATERIAL;1879;"CURVA 90 GRAUS, LONGA, DE PVC RIGIDO ROSCAVEL, DE 3/4"", PARA ELETRODUTO";UN;2.33
MATERIAL;1878;"CURVA 90 GRAUS, LONGA, DE PVC RIGIDO ROSCAVEL, DE 4"", PARA ELETRODUTO";UN;40.23
MATERIAL;37971;CURVA CPVC, 90 GRAUS, SOLDAVEL, 15 MM, PARA AGUA QUENTE;UN;5.32
MATERIAL;37972;CURVA CPVC, 90 GRAUS, SOLDAVEL, 22 MM, PARA AGUA QUENTE;UN;7.55
MATERIAL;37973;CURVA CPVC, 90 GRAUS, SOLDAVEL, 28 MM, PARA AGUA QUENTE;UN;14.18
MATERIAL;1926;CURVA DE PVC 45 GRAUS, SOLDAVEL, 20 MM, COR MARROM, PARA AGUA FRIA PREDIAL;UN;2.75
MATERIAL;1927;CURVA DE PVC 45 GRAUS, SOLDAVEL, 25 MM, COR MARROM, PARA AGUA FRIA PREDIAL;UN;3.08
MATERIAL;1923;CURVA DE PVC 45 GRAUS, SOLDAVEL, 32 MM, COR MARROM, PARA AGUA FRIA PREDIAL;UN;5.62
MATERIAL;1929;CURVA DE PVC 45 GRAUS, SOLDAVEL, 40 MM, COR MARROM, PARA AGUA FRIA PREDIAL;UN;6.81
MATERIAL;1930;CURVA DE PVC 45 GRAUS, SOLDAVEL, 50 MM, COR MARROM, PARA AGUA FRIA PREDIAL;UN;11.66
MATERIAL;1924;CURVA DE PVC 45 GRAUS, SOLDAVEL, 60 MM, COR MARROM, PARA AGUA FRIA PREDIAL;UN;18.81
MATERIAL;1922;CURVA DE PVC 45 GRAUS, SOLDAVEL, 75 MM, COR MARROM, PARA AGUA FRIA PREDIAL;UN;38.91
MATERIAL;1953;CURVA DE PVC 45 GRAUS, SOLDAVEL, 85 MM, COR MARROM, PARA AGUA FRIA PREDIAL;UN;47.5
MATERIAL;1962;CURVA DE PVC 90 GRAUS, SOLDAVEL, 110 MM, COR MARROM, PARA AGUA FRIA PREDIAL;UN;230.75
MATERIAL;1955;CURVA DE PVC 90 GRAUS, SOLDAVEL, 20 MM, COR MARROM, PARA AGUA FRIA PREDIAL;UN;2.65
MATERIAL;1956;CURVA DE PVC 90 GRAUS, SOLDAVEL, 25 MM, COR MARROM, PARA AGUA FRIA PREDIAL;UN;3.75
MATERIAL;1957;CURVA DE PVC 90 GRAUS, SOLDAVEL, 32 MM, COR MARROM, PARA AGUA FRIA PREDIAL;UN;8.12
MATERIAL;1958;CURVA DE PVC 90 GRAUS, SOLDAVEL, 40 MM, COR MARROM, PARA AGUA FRIA PREDIAL;UN;15.11
MATERIAL;1959;CURVA DE PVC 90 GRAUS, SOLDAVEL, 50 MM, COR MARROM, PARA AGUA FRIA PREDIAL;UN;16.4
MATERIAL;1925;CURVA DE PVC 90 GRAUS, SOLDAVEL, 60 MM, COR MARROM, PARA AGUA FRIA PREDIAL;UN;42.85
MATERIAL;1960;CURVA DE PVC 90 GRAUS, SOLDAVEL, 75 MM, COR MARROM, PARA AGUA FRIA PREDIAL;UN;65.8
MATERIAL;1961;CURVA DE PVC 90 GRAUS, SOLDAVEL, 85 MM, COR MARROM, PARA AGUA FRIA PREDIAL;UN;84.3
MATERIAL;38423;CURVA DE PVC, 90 GRAUS, SERIE R, DN 100 MM, PARA ESGOTO PREDIAL;UN;47.16
MATERIAL;39866;CURVA DE TRANSPOSICAO BRONZE/LATAO SEM ANEL DE SOLDA, BOLSA X BOLSA, 15 MM;UN;25.14
MATERIAL;39867;CURVA DE TRANSPOSICAO BRONZE/LATAO SEM ANEL DE SOLDA, BOLSA X BOLSA, 22 MM;UN;55.88
MATERIAL;39868;CURVA DE TRANSPOSICAO BRONZE/LATAO SEM ANEL DE SOLDA, BOLSA X BOLSA, 28 MM;UN;100.67
MATERIAL;37999;CURVA DE TRANSPOSICAO, CPVC, SOLDAVEL, 15 MM;UN;8.97
MATERIAL;38000;CURVA DE TRANSPOSICAO, CPVC, SOLDAVEL, 22 MM;UN;10.47
MATERIAL;38129;CURVA DE TRANSPOSICAO, PVC SOLDAVEL, 20 MM, COR MARROM, PARA AGUA FRIA PREDIAL;UN;6.19
MATERIAL;38025;CURVA DE TRANSPOSICAO, PVC, SOLDAVEL, 25 MM, COR MARROM, PARA AGUA FRIA PREDIAL;UN;8.4
MATERIAL;38026;CURVA DE TRANSPOSICAO, PVC, SOLDAVEL, 32 MM, COR MARROM, PARA AGUA FRIA PREDIAL;UN;20.74
MATERIAL;43955;CURVA HORIZONTAL 90 GRAUS PERFURADA, PARA ELETROCALHA, EM CHAPA DE ACO GALVANIZADO ESPESSURA #14, 700 X 50 MM (L X A), SEM VIROLA, SEM TAMPA;UN;242.85
MATERIAL;43957;CURVA HORIZONTAL 90 GRAUS PERFURADA, PARA ELETROCALHA, EM CHAPA DE ACO GALVANIZADO ESPESSURA #14, 800 X 50 MM (L X A), SEM VIROLA, SEM TAMPA;UN;286.03
MATERIAL;43950;CURVA HORIZONTAL 90 GRAUS PERFURADA, PARA ELETROCALHA, EM CHAPA DE ACO GALVANIZADO ESPESSURA #16, 500 X 50 MM (L X A), SEM VIROLA, SEM TAMPA;UN;130.17
MATERIAL;43954;CURVA HORIZONTAL 90 GRAUS PERFURADA, PARA ELETROCALHA, EM CHAPA DE ACO GALVANIZADO ESPESSURA #16, 600 X 50 MM (L X A), SEM VIROLA, SEM TAMPA;UN;165.5
MATERIAL;43945;CURVA HORIZONTAL 90 GRAUS PERFURADA, PARA ELETROCALHA, EM CHAPA DE ACO GALVANIZADO ESPESSURA #18, 300 X 50 MM (L X A), SEM VIROLA, SEM TAMPA;UN;58.6
MATERIAL;43947;CURVA HORIZONTAL 90 GRAUS PERFURADA, PARA ELETROCALHA, EM CHAPA DE ACO GALVANIZADO ESPESSURA #18, 400 X 50 MM (L X A), SEM VIROLA, SEM TAMPA;UN;83.06
MATERIAL;43920;CURVA HORIZONTAL 90 GRAUS PERFURADA, PARA ELETROCALHA, EM CHAPA DE ACO GALVANIZADO ESPESSURA #22, 100 X 50 MM (L X A), SEM VIROLA, SEM TAMPA;UN;15.88
MATERIAL;43921;CURVA HORIZONTAL 90 GRAUS PERFURADA, PARA ELETROCALHA, EM CHAPA DE ACO GALVANIZADO ESPESSURA #22, 125 X 50 MM (L X A), SEM VIROLA, SEM TAMPA;UN;15.35
MATERIAL;43922;CURVA HORIZONTAL 90 GRAUS PERFURADA, PARA ELETROCALHA, EM CHAPA DE ACO GALVANIZADO ESPESSURA #22, 150 X 50 MM (L X A), SEM VIROLA, SEM TAMPA;UN;25.94
MATERIAL;43923;CURVA HORIZONTAL 90 GRAUS PERFURADA, PARA ELETROCALHA, EM CHAPA DE ACO GALVANIZADO ESPESSURA #22, 200 X 50 MM (L X A), SEM VIROLA, SEM TAMPA;UN;35.13
MATERIAL;43924;CURVA HORIZONTAL 90 GRAUS PERFURADA, PARA ELETROCALHA, EM CHAPA DE ACO GALVANIZADO ESPESSURA #22, 250 X 50 MM (L X A), SEM VIROLA, SEM TAMPA;UN;32.46
MATERIAL;43952;CURVA HORIZONTAL 90 GRAUS PERFURADA, PARA ELETROCALHA, EM CHAPA DE ACO GALVANIZADO ESPESSURA #22, 50 X 50 MM (L X A), SEM VIROLA, SEM TAMPA;UN;10.51
MATERIAL;43956;CURVA HORIZONTAL 90 GRAUS PERFURADA, PARA ELETROCALHA, EM CHAPA DE ACO GALVANIZADO ESPESSURA #22, 75 X 50 MM (L X A), SEM VIROLA, SEM TAMPA;UN;12.97
MATERIAL;1858;CURVA LONGA PVC, PB, JE, 45 GRAUS, DN 100 MM, PARA REDE COLETORA ESGOTO;UN;73.08
MATERIAL;1844;CURVA LONGA PVC, PB, JE, 45 GRAUS, DN 150 MM, PARA REDE COLETORA ESGOTO;UN;167.36
MATERIAL;1863;CURVA LONGA PVC, PB, JE, 90 GRAUS, DN 100 MM, PARA REDE COLETORA ESGOTO;UN;77.77
MATERIAL;1865;CURVA LONGA PVC, PB, JE, 90 GRAUS, DN 150 MM, PARA REDE COLETORA ESGOTO;UN;202.62
MATERIAL;36355;CURVA PPR 90 GRAUS, F/F, DN 20 MM, PARA AGUA QUENTE PREDIAL;UN;12.34
MATERIAL;36356;CURVA PPR 90 GRAUS, F/F, DN 25 MM, PARA AGUA QUENTE PREDIAL;UN;19.85
MATERIAL;1940;"CURVA PVC 90 GRAUS, ROSCAVEL, 1 1/4"", COR BRANCA, AGUA FRIA PREDIAL";UN;41.87
MATERIAL;1939;"CURVA PVC 90 GRAUS, ROSCAVEL, 1"", COR BRANCA, AGUA FRIA PREDIAL";UN;11.48
MATERIAL;1937;"CURVA PVC 90 GRAUS, ROSCAVEL, 1/2"", COR BRANCA, AGUA FRIA PREDIAL";UN;7.07
MATERIAL;1938;"CURVA PVC 90 GRAUS, ROSCAVEL, 3/4"", COR BRANCA, AGUA FRIA PREDIAL";UN;8.03
MATERIAL;1966;CURVA PVC CURTA 90 GRAUS, DN 100 MM, PARA ESGOTO PREDIAL;UN;31.01
MATERIAL;1933;CURVA PVC CURTA 90 GRAUS, DN 40 MM, PARA ESGOTO PREDIAL;UN;6.68
MATERIAL;1932;CURVA PVC CURTA 90 GRAUS, DN 50 MM, PARA ESGOTO PREDIAL;UN;15.29
MATERIAL;1951;CURVA PVC CURTA 90 GRAUS, DN 75 MM, PARA ESGOTO PREDIAL;UN;31.91
MATERIAL;1970;CURVA PVC LONGA 90 GRAUS, DN 100 MM, PARA ESGOTO PREDIAL;UN;77.52
MATERIAL;1967;CURVA PVC LONGA 90 GRAUS, DN 40 MM, PARA ESGOTO PREDIAL;UN;9.2
MATERIAL;1968;CURVA PVC LONGA 90 GRAUS, DN 50 MM, PARA ESGOTO PREDIAL;UN;18.19
MATERIAL;1969;CURVA PVC LONGA 90 GRAUS, DN 75 MM, PARA ESGOTO PREDIAL;UN;59.22
MATERIAL;1827;CURVA PVC PBA, JE, PB, 45 GRAUS, DN 100 / DE 110 MM, PARA REDE DE AGUA;UN;148.2
MATERIAL;1831;CURVA PVC PBA, JE, PB, 45 GRAUS, DN 50 / DE 60 MM, PARA REDE DE AGUA;UN;32.35
MATERIAL;1825;CURVA PVC PBA, JE, PB, 45 GRAUS, DN 75 / DE 85 MM, PARA REDE DE AGUA;UN;79.84
MATERIAL;1828;CURVA PVC PBA, JE, PB, 90 GRAUS, DN 100 / DE 110 MM, PARA REDE DE AGUA;UN;180.85
MATERIAL;1845;CURVA PVC PBA, JE, PB, 90 GRAUS, DN 50 / DE 60 MM, PARA REDE DE AGUA;UN;40.54
MATERIAL;1824;CURVA PVC PBA, JE, PB, 90 GRAUS, DN 75 / DE 85 MM, PARA REDE DE AGUA;UN;95.72
MATERIAL;42693;CURVA PVC, BB, JE, 45 GRAUS, DN 250 MM, PARA TUBO CORRUGADO E/OU LISO, REDE COLETORA ESGOTO;UN;569.19
MATERIAL;42695;CURVA PVC, BB, JE, 90 GRAUS, DN 200 MM, PARA TUBO CORRUGADO E/OU LISO, REDE COLETORA ESGOTO;UN;397.67
MATERIAL;42694;CURVA PVC, BB, JE, 90 GRAUS, DN 250 MM, PARA TUBO CORRUGADO E/OU LISO, REDE COLETORA ESGOTO;UN;761.7
MATERIAL;20097;CURVA PVC, SERIE R, 87.30 GRAUS, CURTA, PARA PE-DE-COLUNA, DN 100 MM, PARA ESGOTO PREDIAL;UN;33.03
MATERIAL;20098;CURVA PVC, SERIE R, 87.30 GRAUS, CURTA, PARA PE-DE-COLUNA, DN 150 MM, PARA ESGOTO PREDIAL;UN;134.98
MATERIAL;20096;CURVA PVC, SERIE R, 87.30 GRAUS, CURTA, PARA PE-DE-COLUNA, DN 75 MM, PARA ESGOTO PREDIAL;UN;34.19
EQUIPAMENTO (AQUISIÇÃO);44472;DENTE PARA FRESADORA;UN;56.34
MATERIAL;38369;DESEMPENADEIRA DE ACO DENTADA 12 X *25* CM, DENTES 8 X 8 MM, CABO FECHADO DE MADEIRA;UN;20.18
MATERIAL;38370;DESEMPENADEIRA DE ACO LISA 12 X *25* CM COM CABO FECHADO DE MADEIRA;UN;13.61
MATERIAL;45199;DESEMPENADEIRA DE MADEIRA *16 X 27* CM;UN;37.04
MATERIAL;38372;DESEMPENADEIRA PLASTICA LISA *14 X 27* CM;UN;12.25
MAO DE OBRA;2358;DESENHISTA PROJETISTA (HORISTA);H;64.65
MAO DE OBRA;40807;DESENHISTA PROJETISTA (MENSALISTA);MES;11326.62
MATERIAL;44330;DESINFETANTE PRONTO USO;L;12.86
MATERIAL;43144;DESMOLDANTE PARA CONCRETO ESTAMPADO;KG;36.21
MATERIAL;39397;DESMOLDANTE PARA FORMAS METALICAS A BASE DE OLEO VEGETAL;L;16.5
MATERIAL;2692;DESMOLDANTE PROTETOR PARA FORMAS DE MADEIRA, DE BASE OLEOSA EMULSIONADA EM AGUA;L;6.66
EQUIPAMENTO (AQUISIÇÃO);45299;DETECTOR DE TENSAO 90 V A 1000 V (CAT IV);UN;77.99
MATERIAL;44329;DETERGENTE NEUTRO USO GERAL, CONCENTRADO;L;16.85
MATERIAL;5318;DILUENTE AGUARRAS;L;27.25
MATERIAL;5330;DILUENTE EPOXI;L;62.11
MATERIAL;44532;"DISCO DE BORRACHA PARA LIXADEIRA RIGIDO 7"" COM ARRUELA CENTRAL";UN;20.7
MATERIAL;44531;"DISCO DE CORTE DIAMANTADO SEGMENTADO DIAMETRO DE 180 MM PARA ESMERILHADEIRA 7""";UN;70.97
MATERIAL;13887;DISCO DE CORTE DIAMANTADO SEGMENTADO PARA CONCRETO/ASFALTO, DIAMETRO DE *350* MM, FURO DE 25,40 MM;UN;309.18
MATERIAL;38140;DISCO DE CORTE DIAMANTADO SEGMENTADO, DIAMETRO DE *110* MM, FURO DE 20 MM;UN;25.32
MATERIAL;44495;"DISCO DE CORTE PARA METAL COM DUAS TELAS 12 X 1/8 X 3/4"" (300 X 3,2 X 19,05 MM)";UN;26.78
MATERIAL;44533;"DISCO DE DESBASTE PARA METAL FERROSO EM GERAL, COM TRES TELAS, 9 X 1/4 X 7/8"" (228,6 X 6,4 X 22,2 MM)";UN;27.17
MATERIAL;44534;DISCO DE LIXA PARA METAL, DIAMETRO = 180 MM, GRAO 120;UN;5.33
MATERIAL;34729;DISJUNTOR TERMOMAGNETICO AJUSTAVEL, TRIPOLAR DE 100 ATE 250A, CAPACIDADE DE INTERRUPCAO DE 35KA;UN;1095.8
MATERIAL;34734;DISJUNTOR TERMOMAGNETICO AJUSTAVEL, TRIPOLAR DE 300 ATE 400A, CAPACIDADE DE INTERRUPCAO DE 35KA;UN;1696.65
MATERIAL;34738;DISJUNTOR TERMOMAGNETICO AJUSTAVEL, TRIPOLAR DE 450 ATE 600A, CAPACIDADE DE INTERRUPCAO DE 35KA;UN;3963.91
MATERIAL;34623;DISJUNTOR TERMOMAGNETICO PARA TRILHO DIN (IEC), BIPOLAR, 40 - 50 A;UN;47.5
MATERIAL;34616;DISJUNTOR TERMOMAGNETICO PARA TRILHO DIN (IEC), BIPOLAR, 6 - 32 A;UN;48.24
MATERIAL;34628;DISJUNTOR TERMOMAGNETICO PARA TRILHO DIN (IEC), BIPOLAR, 63 A;UN;68.04
MATERIAL;34686;DISJUNTOR TERMOMAGNETICO PARA TRILHO DIN (IEC), MONOPOLAR, 40 - 50 A;UN;12.48
MATERIAL;34653;DISJUNTOR TERMOMAGNETICO PARA TRILHO DIN (IEC), MONOPOLAR, 6 - 32 A;UN;8.41
MATERIAL;34688;DISJUNTOR TERMOMAGNETICO PARA TRILHO DIN (IEC), MONOPOLAR, 63 A;UN;15.25
MATERIAL;34709;DISJUNTOR TERMOMAGNETICO PARA TRILHO DIN (IEC), TRIPOLAR, 10 - 50 A;UN;59.1
MATERIAL;34714;DISJUNTOR TERMOMAGNETICO PARA TRILHO DIN (IEC), TRIPOLAR, 63 A;UN;70.59
MATERIAL;2391;DISJUNTOR TERMOMAGNETICO TRIPOLAR 125 A / 425 V / ICC - 25 KA;UN;322.39
MATERIAL;2374;DISJUNTOR TERMOMAGNETICO TRIPOLAR 150 A / 600 V, TIPO FXD / ICC - 35 KA;UN;365.75
MATERIAL;2377;DISJUNTOR TERMOMAGNETICO TRIPOLAR 200 A / 600 V, TIPO FXD / ICC - 35 KA;UN;513.29
MATERIAL;2393;DISJUNTOR TERMOMAGNETICO TRIPOLAR 250 A / 600 V, TIPO FXD;UN;859.57
MATERIAL;34705;DISJUNTOR TERMOMAGNETICO TRIPOLAR 3 X 250 A/ICC - 25 KA;UN;751.82
MATERIAL;34707;DISJUNTOR TERMOMAGNETICO TRIPOLAR 3 X 350 A/ICC - 25 KA;UN;1393.13
MATERIAL;34544;DISJUNTOR TERMOMAGNETICO TRIPOLAR 3 X 400 A / ICC - 25 KA;UN;1392.99
MATERIAL;2378;DISJUNTOR TERMOMAGNETICO TRIPOLAR 300 A / 600 V, TIPO JXD / ICC - 40 KA;UN;1180.74
MATERIAL;2379;DISJUNTOR TERMOMAGNETICO TRIPOLAR 400 A / 600 V, TIPO JXD / ICC - 40 KA;UN;1180.74
MATERIAL;2376;DISJUNTOR TERMOMAGNETICO TRIPOLAR 600 A / 600 V, TIPO LXD / ICC - 40 KA;UN;1944.67
MATERIAL;2394;DISJUNTOR TERMOMAGNETICO TRIPOLAR 800 A / 600 V, TIPO LMXD;UN;4157.34
MATERIAL;2388;DISJUNTOR TIPO NEMA, BIPOLAR 10 ATE 50 A, TENSAO MAXIMA 415 V;UN;58.66
MATERIAL;34606;DISJUNTOR TIPO NEMA, BIPOLAR 60 ATE 100A, TENSAO MAXIMA 415 V;UN;89.98
MATERIAL;2370;DISJUNTOR TIPO NEMA, MONOPOLAR 10 ATE 30A, TENSAO MAXIMA DE 240 V;UN;10.9
MATERIAL;2386;DISJUNTOR TIPO NEMA, MONOPOLAR 35 ATE 50 A, TENSAO MAXIMA DE 240 V;UN;18.28
MATERIAL;34689;DISJUNTOR TIPO NEMA, MONOPOLAR DE 60 ATE 70A, TENSAO MAXIMA DE 240 V;UN;28.65
MATERIAL;2392;DISJUNTOR TIPO NEMA, TRIPOLAR 10 ATE 50A, TENSAO MAXIMA DE 415 V;UN;73.17
MATERIAL;2373;DISJUNTOR TIPO NEMA, TRIPOLAR 60 ATE 100 A, TENSAO MAXIMA DE 415 V;UN;103.09
MATERIAL;39465;DISPOSITIVO DPS CLASSE II, 1 POLO, TENSAO MAXIMA DE 175 V, CORRENTE MAXIMA DE *20* KA (TIPO AC);UN;62.97
MATERIAL;39466;DISPOSITIVO DPS CLASSE II, 1 POLO, TENSAO MAXIMA DE 175 V, CORRENTE MAXIMA DE *30* KA (TIPO AC);UN;70.85
MATERIAL;39467;DISPOSITIVO DPS CLASSE II, 1 POLO, TENSAO MAXIMA DE 175 V, CORRENTE MAXIMA DE *45* KA (TIPO AC);UN;90.62
MATERIAL;39468;DISPOSITIVO DPS CLASSE II, 1 POLO, TENSAO MAXIMA DE 175 V, CORRENTE MAXIMA DE *90* KA (TIPO AC);UN;161.08
MATERIAL;39469;DISPOSITIVO DPS CLASSE II, 1 POLO, TENSAO MAXIMA DE 275 V, CORRENTE MAXIMA DE *20* KA (TIPO AC);UN;65.61
MATERIAL;39470;DISPOSITIVO DPS CLASSE II, 1 POLO, TENSAO MAXIMA DE 275 V, CORRENTE MAXIMA DE *30* KA (TIPO AC);UN;80.62
MATERIAL;39471;DISPOSITIVO DPS CLASSE II, 1 POLO, TENSAO MAXIMA DE 275 V, CORRENTE MAXIMA DE *45* KA (TIPO AC);UN;96.88
MATERIAL;39472;DISPOSITIVO DPS CLASSE II, 1 POLO, TENSAO MAXIMA DE 275 V, CORRENTE MAXIMA DE *90* KA (TIPO AC);UN;168.34
MATERIAL;39473;DISPOSITIVO DPS CLASSE II, 1 POLO, TENSAO MAXIMA DE 385 V, CORRENTE MAXIMA DE *20* KA (TIPO AC);UN;108.75
MATERIAL;39474;DISPOSITIVO DPS CLASSE II, 1 POLO, TENSAO MAXIMA DE 385 V, CORRENTE MAXIMA DE *30* KA (TIPO AC);UN;115.93
MATERIAL;39475;DISPOSITIVO DPS CLASSE II, 1 POLO, TENSAO MAXIMA DE 385 V, CORRENTE MAXIMA DE *45* KA (TIPO AC);UN;131.53
MATERIAL;39476;DISPOSITIVO DPS CLASSE II, 1 POLO, TENSAO MAXIMA DE 385 V, CORRENTE MAXIMA DE *90* KA (TIPO AC);UN;247.61
MATERIAL;39477;DISPOSITIVO DPS CLASSE II, 1 POLO, TENSAO MAXIMA DE 460 V, CORRENTE MAXIMA DE *20* KA (TIPO AC);UN;121.32
MATERIAL;39478;DISPOSITIVO DPS CLASSE II, 1 POLO, TENSAO MAXIMA DE 460 V, CORRENTE MAXIMA DE *30* KA (TIPO AC);UN;125.07
MATERIAL;39479;DISPOSITIVO DPS CLASSE II, 1 POLO, TENSAO MAXIMA DE 460 V, CORRENTE MAXIMA DE *45* KA (TIPO AC);UN;147.36
MATERIAL;39480;DISPOSITIVO DPS CLASSE II, 1 POLO, TENSAO MAXIMA DE 460 V, CORRENTE MAXIMA DE *90* KA (TIPO AC);UN;304.08
MATERIAL;39459;DISPOSITIVO DR, 2 POLOS, SENSIBILIDADE DE 30 MA, CORRENTE DE 100 A, TIPO AC;UN;258.09
MATERIAL;39445;DISPOSITIVO DR, 2 POLOS, SENSIBILIDADE DE 30 MA, CORRENTE DE 25 A, TIPO AC;UN;129.58
MATERIAL;39446;DISPOSITIVO DR, 2 POLOS, SENSIBILIDADE DE 30 MA, CORRENTE DE 40 A, TIPO AC;UN;131.89
MATERIAL;39447;DISPOSITIVO DR, 2 POLOS, SENSIBILIDADE DE 30 MA, CORRENTE DE 63 A, TIPO AC;UN;141.04
MATERIAL;39448;DISPOSITIVO DR, 2 POLOS, SENSIBILIDADE DE 30 MA, CORRENTE DE 80 A, TIPO AC;UN;240.5
MATERIAL;39450;DISPOSITIVO DR, 2 POLOS, SENSIBILIDADE DE 300 MA, CORRENTE DE 25 A, TIPO AC;UN;146.73
MATERIAL;39451;DISPOSITIVO DR, 2 POLOS, SENSIBILIDADE DE 300 MA, CORRENTE DE 40 A, TIPO AC;UN;160.04
MATERIAL;39452;DISPOSITIVO DR, 2 POLOS, SENSIBILIDADE DE 300 MA, CORRENTE DE 63 A, TIPO AC;UN;161
MATERIAL;39523;DISPOSITIVO DR, 2 POLOS, SENSIBILIDADE DE 300 MA, CORRENTE DE 80 A, TIPO AC;UN;269.43
MATERIAL;39449;DISPOSITIVO DR, 4 POLOS, SENSIBILIDADE DE 30 MA, CORRENTE DE 100 A, TIPO AC;UN;298.38
MATERIAL;39455;DISPOSITIVO DR, 4 POLOS, SENSIBILIDADE DE 30 MA, CORRENTE DE 25 A, TIPO AC;UN;147.64
MATERIAL;39456;DISPOSITIVO DR, 4 POLOS, SENSIBILIDADE DE 30 MA, CORRENTE DE 40 A, TIPO AC;UN;147.75
MATERIAL;39457;DISPOSITIVO DR, 4 POLOS, SENSIBILIDADE DE 30 MA, CORRENTE DE 63 A, TIPO AC;UN;161.07
MATERIAL;39458;DISPOSITIVO DR, 4 POLOS, SENSIBILIDADE DE 30 MA, CORRENTE DE 80 A, TIPO AC;UN;300.57
MATERIAL;39464;DISPOSITIVO DR, 4 POLOS, SENSIBILIDADE DE 300 MA, CORRENTE DE 100 A, TIPO AC;UN;483.35
MATERIAL;39460;DISPOSITIVO DR, 4 POLOS, SENSIBILIDADE DE 300 MA, CORRENTE DE 25 A, TIPO AC;UN;183.32
MATERIAL;39461;DISPOSITIVO DR, 4 POLOS, SENSIBILIDADE DE 300 MA, CORRENTE DE 40 A, TIPO AC;UN;214.81
MATERIAL;39462;DISPOSITIVO DR, 4 POLOS, SENSIBILIDADE DE 300 MA, CORRENTE DE 63 A, TIPO AC;UN;207.02
MATERIAL;39463;DISPOSITIVO DR, 4 POLOS, SENSIBILIDADE DE 300 MA, CORRENTE DE 80 A, TIPO AC;UN;479.6
EQUIPAMENTO (AQUISIÇÃO);26039;DISTRIBUIDOR DE AGREGADOS AUTOPROPELIDO, CAP 3 M3, A DIESEL, 6 CC, 176 CV;UN;445313.14
EQUIPAMENTO (AQUISIÇÃO);2401;DISTRIBUIDOR DE AGREGADOS REBOCAVEL, CAPACIDADE 1,9 M3, LARGURA DE TRABALHO 3,66 M;UN;102426.95
MATERIAL;38870;"DISTRIBUIDOR METALICO, COM ROSCA, 2 SAIDAS, DN 1"" X 1/2"", PARA CONEXAO COM ANEL DESLIZANTE EM TUBO PEX PARA INST. AGUA QUENTE/FRIA";UN;34.49
MATERIAL;38869;"DISTRIBUIDOR METALICO, COM ROSCA, 2 SAIDAS, DN 3/4"" X 1/2"", PARA CONEXAO COM ANEL DESLIZANTE EM TUBO PEX PARA INST. AGUA QUENTE/FRIA";UN;23.28
MATERIAL;38872;"DISTRIBUIDOR METALICO, COM ROSCA, 3 SAIDAS, DN 1"" X 1/2"", PARA CONEXAO COM ANEL DESLIZANTE EM TUBO PEX PARA INST. AGUA QUENTE/FRIA";UN;43.94
MATERIAL;38871;"DISTRIBUIDOR METALICO, COM ROSCA, 3 SAIDAS, DN 3/4"" X 1/2"", PARA CONEXAO COM ANEL DESLIZANTE EM TUBO PEX PARA INST. AGUA QUENTE/FRIA";UN;30.37
MATERIAL;39283;DISTRIBUIDOR, PLASTICO, 2 SAIDAS, DN 32 X 16 MM, PARA CONEXAO COM CRIMPAGEM, EM TUBO PEX PARA INST. AGUA QUENTE/FRIA;UN;142.32
MATERIAL;39285;DISTRIBUIDOR, PLASTICO, 2 SAIDAS, DN 32 X 25 MM, PARA CONEXAO COM CRIMPAGEM, EM TUBO PEX PARA INST. AGUA QUENTE/FRIA;UN;162.66
MATERIAL;39286;DISTRIBUIDOR, PLASTICO, 3 SAIDAS, DN 32 X 16 MM, PARA CONEXAO COM CRIMPAGEM, EM TUBO PEX PARA INST. AGUA QUENTE/FRIA;UN;155.89
MATERIAL;39288;DISTRIBUIDOR, PLASTICO, 3 SAIDAS, DN 32 X 25 MM, PARA CONEXAO COM CRIMPAGEM, EM TUBO PEX PARA INST. AGUA QUENTE/FRIA;UN;189.75
MATERIAL;44476;DIVISORIA EM GRANITO, COM DUAS FACES POLIDAS, TIPO ANDORINHA/ QUARTZ/ CASTELO/ CORUMBA OU OUTROS EQUIVALENTES DA REGIAO, E= *3,0* CM;M2;744.46
MATERIAL;10629;DIVISORIA EM MARMORE, COM DUAS FACES POLIDAS, BRANCO COMUM, E= *3,0* CM;M2;864.53
MATERIAL;10698;DIVISORIA, PLACA PRE-MOLDADA EM GRANILITE, MARMORITE OU GRANITINA, E = *3 CM;M2;264.95
EQUIPAMENTO (AQUISIÇÃO);45658;"DOBRADEIRA ELETROMECANICA DE VERGALHAO, PARA ACO DE DIAMETRO ATE 1 1/2"", MOTOR ELETRICO TRIFASICO, POTENCIA DE 3 HP ATE 5 HP";UN;149584.52
MATERIAL;2432;"DOBRADICA EM ACO/FERRO, 3 1/2"" X 3"", E= 1,9 A 2 MM, COM ANEL, CROMADO OU ZINCADO, TAMPA BOLA, COM PARAFUSOS";UN;28.93
MATERIAL;2418;"DOBRADICA EM ACO/FERRO, 3"" X 2 1/2"", E= 1,2 A 1,8 MM, SEM ANEL, CROMADO OU ZINCADO, TAMPA BOLA, COM PARAFUSOS";UN;13.42
MATERIAL;2433;"DOBRADICA EM ACO/FERRO, 3"" X 2 1/2"", E= 1,2 A 1,8 MM, SEM ANEL, CROMADO OU ZINCADO, TAMPA CHATA, COM PARAFUSOS";UN;9.8
MATERIAL;2420;"DOBRADICA EM ACO/FERRO, 3"" X 2 1/2"", E= 1,9 A 2 MM, SEM ANEL, CROMADO OU ZINCADO, TAMPA BOLA, COM PARAFUSOS";UN;16.83
MATERIAL;11447;"DOBRADICA EM LATAO, 3"" X 2 1/2"", E= 1,9 A 2 MM, COM ANEL, CROMADO, TAMPA BOLA, COM PARAFUSOS";UN;33.26
MATERIAL;11451;"DOBRADICA TIPO VAI-E-VEM EM ACO/FERRO, TAMANHO 3"", GALVANIZADO, COM PARAFUSOS";UN;89.17
MATERIAL;11116;DOMOS / CLARABOIA INDIVIDUAL, EM ACRILICO BRANCO/LEITOSO, *95 X 95* CM, INCLUI ACESSORIOS DE FIXACAO, SEM INSTALACAO;UN;647.82
EQUIPAMENTO (AQUISIÇÃO);38411;DOSADOR DE AREIA, CAPACIDADE DE *26* LITROS;UN;1735.07
MATERIAL;38189;DUCHA / CHUVEIRO METALICO, DE PAREDE, ARTICULAVEL, COM BRACO/CANO, SEM DESVIADOR;UN;169.11
MATERIAL;38190;DUCHA / CHUVEIRO METALICO, DE PAREDE, ARTICULAVEL, COM DESVIADOR E DUCHA MANUAL;UN;356.27
MATERIAL;7608;"DUCHA / CHUVEIRO PLASTICO SIMPLES, 5"", BRANCO, PARA ACOPLAR EM HASTE 1/2"", AGUA FRIA";UN;14.3
MATERIAL;1370;"DUCHA HIGIENICA PLASTICA COM REGISTRO METALICO 1/2""";UN;153.58
MATERIAL;11649;ELEMENTO PRE-MOLDADO PARA TRANSICAO EXCENTRICA EM CONCRETO ARMADO, DN *1200* MM, FURO CIRCULAR DN 600 MM, ESPESSURA *12* CM;UN;413.05
MATERIAL;11650;ELEMENTO PRE-MOLDADO PARA TRANSICAO EXCENTRICA EM CONCRETO ARMADO, DN *1500* MM, FURO CIRCULAR DN 600 MM, ESPESSURA 15 CM;UN;560.07
MATERIAL;34777;ELEMENTO VAZADO CERAMICO DIAGONAL (TIPO FLOR/QUADRADO/XIS) DE *7 X 18 X 25* CM (L X A X C);UN;3.25
MATERIAL;7272;ELEMENTO VAZADO CERAMICO QUADRADO (TIPO RETO OU REDONDO) DE *7 A 9 X 20 X 20* CM (L X A X C);UN;2.44
MATERIAL;10605;ELEMENTO VAZADO DE CONCRETO, QUADRICULADO, 1 FURO *10 X 10 X 10* CM;UN;5.95
MATERIAL;10604;ELEMENTO VAZADO DE CONCRETO, QUADRICULADO, 1 FURO *20 X 10 X 7* CM;UN;13.87
MATERIAL;672;ELEMENTO VAZADO DE CONCRETO, QUADRICULADO, 1 FURO *20 X 20 X 6,5* CM;UN;19.08
MATERIAL;668;ELEMENTO VAZADO DE CONCRETO, QUADRICULADO, 16 FUROS *29 X 29 X 6* CM;UN;23.03
MATERIAL;10578;ELEMENTO VAZADO DE CONCRETO, QUADRICULADO, 16 FUROS *33 X 33 X 10* CM;UN;26.82
MATERIAL;666;ELEMENTO VAZADO DE CONCRETO, QUADRICULADO, 16 FUROS *40 X 40 X 7* CM;UN;29.83
MATERIAL;665;ELEMENTO VAZADO DE CONCRETO, QUADRICULADO, 16 FUROS *50 X 50 X 7* CM;UN;39.89
MATERIAL;10577;ELEMENTO VAZADO DE CONCRETO, QUADRICULADO, 25 FUROS *50 X 50 X 5* CM;UN;35.38
MATERIAL;10583;ELEMENTO VAZADO DE CONCRETO, VENEZIANA *39 X 22 X 15* CM;UN;18.38
MATERIAL;10579;ELEMENTO VAZADO DE CONCRETO, VENEZIANA *39 X 29 X 10* CM;UN;32.04
MATERIAL;10582;ELEMENTO VAZADO DE CONCRETO, VENEZIANA *40 X 10 X 10* CM;UN;16.19
MAO DE OBRA;2436;ELETRICISTA (HORISTA);H;34.59
MAO DE OBRA;40918;ELETRICISTA (MENSALISTA);MES;6059.42
MATERIAL;44046;ELETROCALHA LISA OU PERFURADA TIPO U, EM CHAPA DE ACO GALVANIZADO A FOGO, ESPESSURA # 14, DE 700 X 50 MM (L X A), SEM VIROLA, SEM TAMPA;M;149.57
MATERIAL;44047;ELETROCALHA LISA OU PERFURADA TIPO U, EM CHAPA DE ACO GALVANIZADO A FOGO, ESPESSURA # 14, DE 800 X 50 MM (L X A), SEM VIROLA, SEM TAMPA;M;176.66
MATERIAL;44043;ELETROCALHA LISA OU PERFURADA TIPO U, EM CHAPA DE ACO GALVANIZADO A FOGO, ESPESSURA # 16, DE 500 X 50 MM (L X A), SEM VIROLA, SEM TAMPA;M;92.36
MATERIAL;44044;ELETROCALHA LISA OU PERFURADA TIPO U, EM CHAPA DE ACO GALVANIZADO A FOGO, ESPESSURA # 16, DE 600 X 50 MM (L X A), SEM VIROLA, SEM TAMPA;M;107.56
MATERIAL;44041;ELETROCALHA LISA OU PERFURADA TIPO U, EM CHAPA DE ACO GALVANIZADO A FOGO, ESPESSURA # 18, DE 300 X 50 MM (L X A), SEM VIROLA, SEM TAMPA;M;54.56
MATERIAL;44042;ELETROCALHA LISA OU PERFURADA TIPO U, EM CHAPA DE ACO GALVANIZADO A FOGO, ESPESSURA # 18, DE 400 X 50 MM (L X A), SEM VIROLA, SEM TAMPA;M;67.98
MATERIAL;43961;ELETROCALHA LISA OU PERFURADA TIPO U, EM CHAPA DE ACO GALVANIZADO A FOGO, ESPESSURA # 22, DE 100 X 50 MM (L X A), SEM VIROLA, SEM TAMPA;M;18.46
MATERIAL;43959;ELETROCALHA LISA OU PERFURADA TIPO U, EM CHAPA DE ACO GALVANIZADO A FOGO, ESPESSURA # 22, DE 125 X 50 MM (L X A), SEM VIROLA, SEM TAMPA;M;21.39
MATERIAL;43962;ELETROCALHA LISA OU PERFURADA TIPO U, EM CHAPA DE ACO GALVANIZADO A FOGO, ESPESSURA # 22, DE 150 X 50 MM (L X A), SEM VIROLA, SEM TAMPA;M;23.07
MATERIAL;43960;ELETROCALHA LISA OU PERFURADA TIPO U, EM CHAPA DE ACO GALVANIZADO A FOGO, ESPESSURA # 22, DE 250 X 50 MM (L X A), SEM VIROLA, SEM TAMPA;M;32.3
MATERIAL;43963;ELETROCALHA LISA OU PERFURADA TIPO U, EM CHAPA DE ACO GALVANIZADO A FOGO, ESPESSURA # 22, DE 75 X 50 MM (L X A), SEM VIROLA, SEM TAMPA;M;16.15
MATERIAL;43958;ELETROCALHA LISA OU PERFURADA, TIPO U, EM CHAPA DE ACO GALVANIZADO A FOGO, ESPESSURA # 22, DE 200 X 50 MM (L X A), SEM VIROLA, SEM TAMPA;M;27.69
MATERIAL;41549;ELETROCALHA LISA OU PERFURADA, TIPO U, EM CHAPA DE ACO GALVANIZADO A FOGO, ESPESSURA #22, DE 50 X 50 MM (L X A), SEM VIROLA, SEM TAMPA;M;13.84
MATERIAL;10998;ELETRODO REVESTIDO AWS - E-6010, DIAMETRO IGUAL A 4,00 MM;KG;49.1
MATERIAL;11002;ELETRODO REVESTIDO AWS - E6013, DIAMETRO IGUAL A 2,50 MM;KG;44.98
MATERIAL;10999;ELETRODO REVESTIDO AWS - E6013, DIAMETRO IGUAL A 4,00 MM;KG;43.22
MATERIAL;10997;ELETRODO REVESTIDO AWS - E7018, DIAMETRO IGUAL A 4,00 MM;KG;46.84
MATERIAL;2680;"ELETRODUTO DE PVC RIGIDO ROSCAVEL DE 1 1/2"", SEM LUVA";M;9.85
MATERIAL;2684;"ELETRODUTO DE PVC RIGIDO ROSCAVEL DE 1 1/4"", SEM LUVA";M;8.96
MATERIAL;2685;"ELETRODUTO DE PVC RIGIDO ROSCAVEL DE 1"", SEM LUVA";M;6.73
MATERIAL;2673;"ELETRODUTO DE PVC RIGIDO ROSCAVEL DE 1/2"", SEM LUVA";M;3.46
MATERIAL;2682;"ELETRODUTO DE PVC RIGIDO ROSCAVEL DE 2 1/2"", SEM LUVA";M;23.49
MATERIAL;2681;"ELETRODUTO DE PVC RIGIDO ROSCAVEL DE 2"", SEM LUVA";M;16.1
MATERIAL;2686;"ELETRODUTO DE PVC RIGIDO ROSCAVEL DE 3"", SEM LUVA";M;29.45
MATERIAL;2674;"ELETRODUTO DE PVC RIGIDO ROSCAVEL DE 3/4"", SEM LUVA";M;4.31
MATERIAL;2683;"ELETRODUTO DE PVC RIGIDO ROSCAVEL DE 4"", SEM LUVA";M;46.41
MATERIAL;2676;ELETRODUTO DE PVC RIGIDO SOLDAVEL, CLASSE B, DE 20 MM;M;2.01
MATERIAL;2678;ELETRODUTO DE PVC RIGIDO SOLDAVEL, CLASSE B, DE 25 MM;M;2.52
MATERIAL;2679;ELETRODUTO DE PVC RIGIDO SOLDAVEL, CLASSE B, DE 32 MM;M;3.88
MATERIAL;12070;ELETRODUTO DE PVC RIGIDO SOLDAVEL, CLASSE B, DE 40 MM;M;5.4
MATERIAL;2675;ELETRODUTO DE PVC RIGIDO SOLDAVEL, CLASSE B, DE 50 MM;M;7.03
MATERIAL;12067;ELETRODUTO DE PVC RIGIDO SOLDAVEL, CLASSE B, DE 60 MM;M;9.53
MATERIAL;21128;"ELETRODUTO EM ACO GALVANIZADO ELETROLITICO, LEVE, DIAMETRO 3/4"", PAREDE DE 0,90 MM";M;9.48
MATERIAL;40400;ELETRODUTO FLEXIVEL PLANO EM PEAD, COR PRETA E LARANJA, DIAMETRO 25 MM;M;1.62
MATERIAL;40401;ELETRODUTO FLEXIVEL PLANO EM PEAD, COR PRETA E LARANJA, DIAMETRO 32 MM;M;2.38
MATERIAL;40402;ELETRODUTO FLEXIVEL PLANO EM PEAD, COR PRETA E LARANJA, DIAMETRO 40 MM;M;3.06
MATERIAL;21137;"ELETRODUTO FLEXIVEL, EM FITA DE ACO GALVANIZADO, REVESTIDO COM PVC PRETO, DIAMETRO EXTERNO DE 15 MM, DN = 3/8"", TIPO SEALTUBO";M;9.7
MATERIAL;2504;"ELETRODUTO FLEXIVEL, EM FITA DE ACO GALVANIZADO, REVESTIDO COM PVC PRETO, DIAMETRO EXTERNO DE 25 MM, DN = 3/4"", TIPO SEALTUBO";M;10.52
MATERIAL;2501;"ELETRODUTO FLEXIVEL, EM FITA DE ACO GALVANIZADO, REVESTIDO COM PVC PRETO, DIAMETRO EXTERNO DE 32 MM, DN = 1"", TIPO SEALTUBO";M;13.79
MATERIAL;2502;"ELETRODUTO FLEXIVEL, EM FITA DE ACO GALVANIZADO, REVESTIDO COM PVC PRETO, DIAMETRO EXTERNO DE 40 MM, DN = 1 1/4"", TIPO SEALTUBO";M;20.81
MATERIAL;2503;"ELETRODUTO FLEXIVEL, EM FITA DE ACO GALVANIZADO, REVESTIDO COM PVC PRETO, DIAMETRO EXTERNO DE 50 MM, DN = 1 1/2"", TIPO SEALTUBO";M;26.79
MATERIAL;2500;"ELETRODUTO FLEXIVEL, EM FITA DE ACO GALVANIZADO, REVESTIDO COM PVC PRETO, DIAMETRO EXTERNO DE 60 MM, DN = 2"", TIPO SEALTUBO";M;35.68
MATERIAL;2505;"ELETRODUTO FLEXIVEL, EM FITA DE ACO GALVANIZADO, REVESTIDO COM PVC PRETO, DIAMETRO EXTERNO DE 75 MM, DN = 2 1/2"", TIPO SEALTUBO";M;55.61
MATERIAL;12056;"ELETRODUTO FLEXIVEL, EM FITA DE ACO GALVANIZADO, SEM REVESTIMENTO, DIAMETRO NOMINAL 1 1/2""";M;22.47
MATERIAL;12057;"ELETRODUTO FLEXIVEL, EM FITA DE ACO GALVANIZADO, SEM REVESTIMENTO, DIAMETRO NOMINAL 1 1/4""";M;19.08
MATERIAL;12058;"ELETRODUTO FLEXIVEL, EM FITA DE ACO GALVANIZADO, SEM REVESTIMENTO, DIAMETRO NOMINAL 1""";M;11.89
MATERIAL;12059;"ELETRODUTO FLEXIVEL, EM FITA DE ACO GALVANIZADO, SEM REVESTIMENTO, DIAMETRO NOMINAL 1/2""";M;6.69
MATERIAL;12060;"ELETRODUTO FLEXIVEL, EM FITA DE ACO GALVANIZADO, SEM REVESTIMENTO, DIAMETRO NOMINAL 2 1/2""";M;49.58
MATERIAL;12061;"ELETRODUTO FLEXIVEL, EM FITA DE ACO GALVANIZADO, SEM REVESTIMENTO, DIAMETRO NOMINAL 2""";M;30.27
MATERIAL;12062;"ELETRODUTO FLEXIVEL, EM FITA DE ACO GALVANIZADO, SEM REVESTIMENTO, DIAMETRO NOMINAL 3""";M;55.83
MATERIAL;2687;ELETRODUTO PVC FLEXIVEL CORRUGADO, COR AMARELA, DE 16 MM;M;1.75
MATERIAL;2689;ELETRODUTO PVC FLEXIVEL CORRUGADO, COR AMARELA, DE 20 MM;M;2.09
MATERIAL;2688;ELETRODUTO PVC FLEXIVEL CORRUGADO, COR AMARELA, DE 25 MM;M;2.26
MATERIAL;2690;ELETRODUTO PVC FLEXIVEL CORRUGADO, COR AMARELA, DE 32 MM;M;3.87
MATERIAL;39243;ELETRODUTO PVC FLEXIVEL CORRUGADO, REFORCADO, COR LARANJA, DE 20 MM, PARA LAJES E PISOS;M;2.55
MATERIAL;39244;ELETRODUTO PVC FLEXIVEL CORRUGADO, REFORCADO, COR LARANJA, DE 25 MM, PARA LAJES E PISOS;M;3.45
MATERIAL;39245;ELETRODUTO PVC FLEXIVEL CORRUGADO, REFORCADO, COR LARANJA, DE 32 MM, PARA LAJES E PISOS;M;6.64
MATERIAL;39255;"ELETRODUTO/CONDULETE DE PVC RIGIDO, LISO, COR CINZA, DE 1"", PARA INSTALACOES APARENTES (NBR 5410)";M;18.39
MATERIAL;39254;"ELETRODUTO/CONDULETE DE PVC RIGIDO, LISO, COR CINZA, DE 1/2"", PARA INSTALACOES APARENTES (NBR 5410)";M;9.94
MATERIAL;39253;"ELETRODUTO/CONDULETE DE PVC RIGIDO, LISO, COR CINZA, DE 3/4"", PARA INSTALACOES APARENTES (NBR 5410)";M;12.66
MATERIAL;39246;"ELETRODUTO/DUTO PEAD FLEXIVEL PAREDE SIMPLES, CORRUGACAO HELICOIDAL, COR PRETA, SEM ROSCA, DE 1 1/2"", CRC 680 N, PARA CABEAMENTO SUBTERRANEO (NBR 15715)";M;4.14
MATERIAL;39247;"ELETRODUTO/DUTO PEAD FLEXIVEL PAREDE SIMPLES, CORRUGACAO HELICOIDAL, COR PRETA, SEM ROSCA, DE 1 1/4"", CRC 680 N, PARA CABEAMENTO SUBTERRANEO (NBR 15715)";M;3.61
MATERIAL;2446;"ELETRODUTO/DUTO PEAD FLEXIVEL PAREDE SIMPLES, CORRUGACAO HELICOIDAL, COR PRETA, SEM ROSCA, DE 2"", CRC 680 N, PARA CABEAMENTO SUBTERRANEO (NBR 15715)";M;5.95
MATERIAL;2442;"ELETRODUTO/DUTO PEAD FLEXIVEL PAREDE SIMPLES, CORRUGACAO HELICOIDAL, COR PRETA, SEM ROSCA, DE 3"", CRC 680 N, PARA CABEAMENTO SUBTERRANEO (NBR 15715)";M;8.33
MATERIAL;39248;"ELETRODUTO/DUTO PEAD FLEXIVEL PAREDE SIMPLES, CORRUGACAO HELICOIDAL, COR PRETA, SEM ROSCA, DE 4"", CRC 680 N, PARA CABEAMENTO SUBTERRANEO (NBR 15715)";M;11.62
MAO DE OBRA;2438;ELETROTECNICO (HORISTA);H;40.7
MAO DE OBRA;40922;ELETROTECNICO (MENSALISTA);MES;7130.22
MATERIAL;44342;EMENDA INTERNA, TIPO U, BASE LISA, PARA ELETROCALHA, EM CHAPA DE ACO GALVANIZADO ESPESSURA #14, 700 X 50 MM (L X A);UN;22.13
MATERIAL;44343;EMENDA INTERNA, TIPO U, BASE LISA, PARA ELETROCALHA, EM CHAPA DE ACO GALVANIZADO ESPESSURA #14, 800 X 50 MM (L X A);UN;23.98
MATERIAL;44340;EMENDA INTERNA, TIPO U, BASE LISA, PARA ELETROCALHA, EM CHAPA DE ACO GALVANIZADO ESPESSURA #16, 500 X 50 MM (L X A);UN;15.64
MATERIAL;44341;EMENDA INTERNA, TIPO U, BASE LISA, PARA ELETROCALHA, EM CHAPA DE ACO GALVANIZADO ESPESSURA #16, 600 X 50 MM (L X A);UN;18.1
MATERIAL;44338;EMENDA INTERNA, TIPO U, BASE LISA, PARA ELETROCALHA, EM CHAPA DE ACO GALVANIZADO ESPESSURA #18, 300 X 50 MM (L X A);UN;8.95
MATERIAL;44339;EMENDA INTERNA, TIPO U, BASE LISA, PARA ELETROCALHA, EM CHAPA DE ACO GALVANIZADO ESPESSURA #18, 400 X 50 MM (L X A);UN;10.47
MATERIAL;44336;EMENDA INTERNA, TIPO U, BASE LISA, PARA ELETROCALHA, EM CHAPA DE ACO GALVANIZADO ESPESSURA #22, 100 X 50 MM (L X A);UN;3.05
MATERIAL;41834;EMENDA INTERNA, TIPO U, BASE LISA, PARA ELETROCALHA, EM CHAPA DE ACO GALVANIZADO ESPESSURA #22, 125 X 50 MM (L X A);UN;3.84
MATERIAL;44337;EMENDA INTERNA, TIPO U, BASE LISA, PARA ELETROCALHA, EM CHAPA DE ACO GALVANIZADO ESPESSURA #22, 150 X 50 MM (L X A);UN;3.84
MATERIAL;43964;EMENDA INTERNA, TIPO U, BASE LISA, PARA ELETROCALHA, EM CHAPA DE ACO GALVANIZADO ESPESSURA #22, 200 X 50 MM (L X A);UN;4.05
MATERIAL;44334;EMENDA INTERNA, TIPO U, BASE LISA, PARA ELETROCALHA, EM CHAPA DE ACO GALVANIZADO ESPESSURA #22, 250 X 50 MM (L X A);UN;5.12
MATERIAL;44344;EMENDA INTERNA, TIPO U, BASE LISA, PARA ELETROCALHA, EM CHAPA DE ACO GALVANIZADO ESPESSURA #22, 50 X 50 MM (L X A);UN;2.74
MATERIAL;44335;EMENDA INTERNA, TIPO U, BASE LISA, PARA ELETROCALHA, EM CHAPA DE ACO GALVANIZADO ESPESSURA #22, 75 X 50 MM (L X A);UN;2.95
MATERIAL;12624;EMENDA PARA CALHA PLUVIAL, PVC, DIAMETRO ENTRE 119 E 170 MM, PARA DRENAGEM PLUVIAL PREDIAL;UN;42.64
MATERIAL;517;EMULSAO ASFALTICA ANIONICA;L;8.72
MATERIAL;37534;"EMULSAO EXPLOSIVA EM CARTUCHOS DE 1"" X 12"", DENSIDADE 1.15 G/CM3, INICIACAO ESPOLETA N. 8 / CORDEL";KG;30.2
MATERIAL;37535;"EMULSAO EXPLOSIVA EM CARTUCHOS DE 1"" X 24"", DENSIDADE 1.15 G/CM3, INICIACAO ESPOLETA N. 8 / CORDEL";KG;30.2
MATERIAL;37533;"EMULSAO EXPLOSIVA EM CARTUCHOS DE 1"" X 8"", DENSIDADE 1.15 G/CM3, INICIACAO ESPOLETA N. 8 / CORDEL";KG;30.2
MATERIAL;37537;"EMULSAO EXPLOSIVA EM CARTUCHOS DE 2 1/2"" X 24"", DENSIDADE 1.15 G/CM3, INICIACAO ESPOLETA N. 8 / CORDEL";KG;22.85
MATERIAL;37536;"EMULSAO EXPLOSIVA EM CARTUCHOS DE 2 1/4"" X 24"", DENSIDADE 1.15 G/CM3, INICIACAO ESPOLETA N. 8 / CORDEL";KG;22.85
MATERIAL;37532;"EMULSAO EXPLOSIVA EM CARTUCHOS DE 2"" X 24"", DENSIDADE 1.15 G/CM3, INICIACAO ESPOLETA N. 8 / CORDEL";KG;22.85
MAO DE OBRA;2696;ENCANADOR OU BOMBEIRO HIDRAULICO (HORISTA);H;31.62
MAO DE OBRA;40928;ENCANADOR OU BOMBEIRO HIDRAULICO (MENSALISTA);MES;5539.72
MAO DE OBRA;4083;ENCARREGADO GERAL DE OBRAS (HORISTA);H;48.39
MAO DE OBRA;40818;ENCARREGADO GERAL DE OBRAS (MENSALISTA);MES;8477.17
MATERIAL;43146;ENDURECEDOR MINERAL DE BASE CIMENTICIA PARA PISO DE CONCRETO;KG;8.53
ESPECIAIS;2705;ENERGIA ELETRICA ATE 2000 KWH INDUSTRIAL, SEM DEMANDA;KWH;0.87
ESPECIAIS;14250;ENERGIA ELETRICA COMERCIAL, BAIXA TENSAO, RELATIVA AO CONSUMO DE ATE 100 KWH, INCLUINDO ICMS, PIS/PASEP E COFINS;KWH;0.89
MATERIAL;11683;"ENGATE / RABICHO FLEXIVEL INOX 1/2"" X 30 CM";UN;41.98
MATERIAL;11684;"ENGATE / RABICHO FLEXIVEL INOX 1/2"" X 40 CM";UN;45.95
MATERIAL;6141;"ENGATE/RABICHO FLEXIVEL PLASTICO (PVC OU ABS) BRANCO 1/2"" X 30 CM";UN;6.34
MATERIAL;11681;"ENGATE/RABICHO FLEXIVEL PLASTICO (PVC OU ABS) BRANCO 1/2"" X 40 CM";UN;8
MAO DE OBRA;2706;ENGENHEIRO CIVIL DE OBRA JUNIOR (HORISTA);H;134.66
MAO DE OBRA;40811;ENGENHEIRO CIVIL DE OBRA JUNIOR (MENSALISTA);MES;23586.2
MAO DE OBRA;2707;ENGENHEIRO CIVIL DE OBRA PLENO (HORISTA);H;136.98
MAO DE OBRA;40813;ENGENHEIRO CIVIL DE OBRA PLENO (MENSALISTA);MES;23993.37
MAO DE OBRA;2708;ENGENHEIRO CIVIL DE OBRA SENIOR (HORISTA);H;191.87
MAO DE OBRA;40814;ENGENHEIRO CIVIL DE OBRA SENIOR (MENSALISTA);MES;33609.84
MATERIAL;38403;ENXADA ESTREITA, EM ACO, *25 X 23* CM, COM CABO DE MADEIRA DE *150* CM;UN;69.43
ENCARGOS COMPLEMENTARES;43482;EPI - FAMILIA ALMOXARIFE - HORISTA (ENCARGOS COMPLEMENTARES - COLETADO CAIXA);H;0.75
ENCARGOS COMPLEMENTARES;43494;EPI - FAMILIA ALMOXARIFE - MENSALISTA (ENCARGOS COMPLEMENTARES - COLETADO CAIXA);MES;124.49
ENCARGOS COMPLEMENTARES;43483;EPI - FAMILIA CARPINTEIRO DE FORMAS - HORISTA (ENCARGOS COMPLEMENTARES - COLETADO CAIXA);H;1.45
ENCARGOS COMPLEMENTARES;43495;EPI - FAMILIA CARPINTEIRO DE FORMAS - MENSALISTA (ENCARGOS COMPLEMENTARES - COLETADO CAIXA);MES;240.95
ENCARGOS COMPLEMENTARES;43484;EPI - FAMILIA ELETRICISTA - HORISTA (ENCARGOS COMPLEMENTARES - COLETADO CAIXA);H;1.38
ENCARGOS COMPLEMENTARES;43496;EPI - FAMILIA ELETRICISTA - MENSALISTA (ENCARGOS COMPLEMENTARES - COLETADO CAIXA);MES;229.76
ENCARGOS COMPLEMENTARES;43485;EPI - FAMILIA ENCANADOR - HORISTA (ENCARGOS COMPLEMENTARES - COLETADO CAIXA);H;1.23
ENCARGOS COMPLEMENTARES;43497;EPI - FAMILIA ENCANADOR - MENSALISTA (ENCARGOS COMPLEMENTARES - COLETADO CAIXA);MES;205.62
ENCARGOS COMPLEMENTARES;43487;EPI - FAMILIA ENCARREGADO GERAL - HORISTA (ENCARGOS COMPLEMENTARES - COLETADO CAIXA);H;1.27
ENCARGOS COMPLEMENTARES;43499;EPI - FAMILIA ENCARREGADO GERAL - MENSALISTA (ENCARGOS COMPLEMENTARES - COLETADO CAIXA);MES;212.36
ENCARGOS COMPLEMENTARES;43486;EPI - FAMILIA ENGENHEIRO CIVIL - HORISTA (ENCARGOS COMPLEMENTARES - COLETADO CAIXA);H;0.92
ENCARGOS COMPLEMENTARES;43498;EPI - FAMILIA ENGENHEIRO CIVIL - MENSALISTA (ENCARGOS COMPLEMENTARES - COLETADO CAIXA);MES;152.93
ENCARGOS COMPLEMENTARES;43488;EPI - FAMILIA OPERADOR ESCAVADEIRA - HORISTA (ENCARGOS COMPLEMENTARES - COLETADO CAIXA);H;0.92
ENCARGOS COMPLEMENTARES;43500;EPI - FAMILIA OPERADOR ESCAVADEIRA - MENSALISTA (ENCARGOS COMPLEMENTARES - COLETADO CAIXA);MES;153.8
ENCARGOS COMPLEMENTARES;43489;EPI - FAMILIA PEDREIRO - HORISTA (ENCARGOS COMPLEMENTARES - COLETADO CAIXA);H;1.47
ENCARGOS COMPLEMENTARES;43501;EPI - FAMILIA PEDREIRO - MENSALISTA (ENCARGOS COMPLEMENTARES - COLETADO CAIXA);MES;244.86
ENCARGOS COMPLEMENTARES;43490;EPI - FAMILIA PINTOR - HORISTA (ENCARGOS COMPLEMENTARES - COLETADO CAIXA);H;1.87
ENCARGOS COMPLEMENTARES;43502;EPI - FAMILIA PINTOR - MENSALISTA (ENCARGOS COMPLEMENTARES - COLETADO CAIXA);MES;311.25
ENCARGOS COMPLEMENTARES;43491;EPI - FAMILIA SERVENTE - HORISTA (ENCARGOS COMPLEMENTARES - COLETADO CAIXA);H;1.54
ENCARGOS COMPLEMENTARES;43503;EPI - FAMILIA SERVENTE - MENSALISTA (ENCARGOS COMPLEMENTARES - COLETADO CAIXA);MES;256.38
ENCARGOS COMPLEMENTARES;43492;EPI - FAMILIA SOLDADOR - HORISTA (ENCARGOS COMPLEMENTARES - COLETADO CAIXA);H;2.24
ENCARGOS COMPLEMENTARES;43504;EPI - FAMILIA SOLDADOR - MENSALISTA (ENCARGOS COMPLEMENTARES - COLETADO CAIXA);MES;373.09
ENCARGOS COMPLEMENTARES;43493;EPI - FAMILIA TOPOGRAFO - HORISTA (ENCARGOS COMPLEMENTARES - COLETADO CAIXA);H;0.75
ENCARGOS COMPLEMENTARES;43505;EPI - FAMILIA TOPOGRAFO - MENSALISTA (ENCARGOS COMPLEMENTARES - COLETADO CAIXA);MES;124.49
MATERIAL;38476;ESCADA DUPLA DE ABRIR EM ALUMINIO, COM SAPATAS DE BORRACHA, *2,30* X *0,57* M (ALTURA UTIL X LARGURA MINIMA), MODELO PINTOR, 8 DEGRAUS, CAPACIDADE *100* KG;UN;265.72
MATERIAL;38477;ESCADA EXTENSIVEL EM ALUMINIO, COM SAPATAS DE BORRACHA, ALTURA FECHADA 3,60 M, ALTURA ESTENDIDA DE 6,0 A 6,30 M, LARGURA MINIMA DE 35 CM, CACIDADE *120* KG;UN;704.58
EQUIPAMENTO (AQUISIÇÃO);45112;ESCAVADEIRA HIDRAULICA DE BRACO LONGO (LONGO ALCANCE) SOBRE ESTEIRAS, CACAMBA 0,52 M3, PESO OPERACIONAL 24 T, POTENCIA LIQUIDA 155 HP;UN;1106276.27
EQUIPAMENTO (AQUISIÇÃO);14525;ESCAVADEIRA HIDRAULICA SOBRE ESTEIRAS COM CACAMBA DE 1,20 M3, PESO OPERACIONAL 21 T, POTENCIA BRUTA 155 HP;UN;961801.77
EQUIPAMENTO (AQUISIÇÃO);10685;ESCAVADEIRA HIDRAULICA SOBRE ESTEIRAS, CACAMBA 0,80M3, PESO OPERACIONAL 17T, POTENCIA BRUTA 111HP;UN;850000
EQUIPAMENTO (AQUISIÇÃO);40636;ESCAVADEIRA HIDRAULICA SOBRE ESTEIRAS, CAPACIDADE DA CACAMBA ENTRE 1,20 E 1,50 M3, PESO OPERACIONAL ENTRE 20,00 E 22,00 TON, POTENCIA LIQUIDA ENTRE 150 E 155 HP, EQUIPADA COM CLAMSHELL;UN;1177036.39
MATERIAL;4111;ESCORA PRE-MOLDADA EM CONCRETO, *10 X 10* CM, H = 2,30M;UN;50.81
MATERIAL;44538;"ESCOVA CIRCULAR EM ACO LATONADO, 6 X 1"" (DIAMETRO X ESPESSURA), FURO DE 1 1/4"", FIO ONDULADO *0,30* MM";UN;58.46
MATERIAL;12;ESCOVA DE ACO, COM CABO, *4 X 15* FILEIRAS DE CERDAS;UN;7.37
MATERIAL;37554;"ESGUICHO JATO REGULAVEL, TIPO ELKHART, ENGATE RAPIDO 1 1/2"", PARA COMBATE A INCENDIO";UN;432.17
MATERIAL;37555;"ESGUICHO JATO REGULAVEL, TIPO ELKHART, ENGATE RAPIDO 2 1/2"", PARA COMBATE A INCENDIO";UN;525.71
MATERIAL;10902;"ESGUICHO TIPO JATO SOLIDO, EM LATAO, ENGATE RAPIDO 1 1/2"" X 13 MM, PARA MANGUEIRA EM INSTALACAO PREDIAL COMBATE A INCENDIO";UN;131.91
MATERIAL;20965;"ESGUICHO TIPO JATO SOLIDO, EM LATAO, ENGATE RAPIDO 1 1/2"" X 16 MM, PARA MANGUEIRA EM INSTALACAO PREDIAL COMBATE A INCENDIO";UN;133.14
MATERIAL;20966;"ESGUICHO TIPO JATO SOLIDO, EM LATAO, ENGATE RAPIDO 1 1/2"" X 19 MM, PARA MANGUEIRA EM INSTALACAO PREDIAL COMBATE A INCENDIO";UN;143.36
MATERIAL;10903;"ESGUICHO TIPO JATO SOLIDO, EM LATAO, ENGATE RAPIDO 2 1/2"" X 13 MM, PARA MANGUEIRA EM INSTALACAO PREDIAL COMBATE A INCENDIO";UN;217.29
MATERIAL;20967;"ESGUICHO TIPO JATO SOLIDO, EM LATAO, ENGATE RAPIDO 2 1/2"" X 16 MM, PARA MANGUEIRA EM INSTALACAO PREDIAL COMBATE A INCENDIO";UN;217.29
MATERIAL;20968;"ESGUICHO TIPO JATO SOLIDO, EM LATAO, ENGATE RAPIDO 2 1/2"" X 19 MM, PARA MANGUEIRA EM INSTALACAO PREDIAL COMBATE A INCENDIO";UN;238.32
MATERIAL;39017;ESPACADOR / DISTANCIADOR CIRCULAR COM ENTRADA LATERAL, EM PLASTICO, PARA VERGALHAO *4,2 A 12,5* MM, COBRIMENTO 20 MM;UN;0.22
MATERIAL;39315;ESPACADOR / DISTANCIADOR TIPO GARRA DUPLA, EM PLASTICO, COBRIMENTO *20* MM, PARA FERRAGENS DE LAJES E FUNDO DE VIGAS;UN;0.36
MATERIAL;39016;ESPACADOR / DISTANCIADOR TIPO PINO EM PLASTICO, PARA VERGALHAO ATE 10 MM, PARA APOIO DE ARMADURA;UN;0.37
MATERIAL;39481;ESPACADOR OU DISTANCIADOR, EM PLASTICO, TIPO APOIO DE CORDOALHA (CARANGUEJO), PARA ARMADURA NEGATIVA E PROTENSAO, COBRIMENTO 50 MM;UN;1.79
MATERIAL;39013;ESPACADOR/SEPARADOR /CENTRALIZADOR DE BARRA DE ACO, PLASTICO, (CHUMBADOR TIPO CARAMBOLA - CB), DIAMETRO INTERNO ATE 20 MM;UN;1.53
MATERIAL;44919;ESPACADOR/SEPARADOR /CENTRALIZADOR DE BARRA DE ACO, PLASTICO, (CHUMBADOR TIPO CARAMBOLA - CB), DIAMETRO INTERNO ENTRE 25 A 32 MM;UN;2.85
MATERIAL;40433;ESPACADOR/SEPARADOR DE CORDOALHA TIPO DISCO 12 FUROS DE 14 MM, PARA TIRANTES;UN;1.58
EQUIPAMENTO (AQUISIÇÃO);20219;ESPARGIDOR DE ASFALTO PRESSURIZADO, REBOCAVEL, TANQUE DE 2500 L, PNEUMATICO, COM MOTOR A GASOLINA 3,4HP;UN;132030
EQUIPAMENTO (AQUISIÇÃO);36484;ESPARGIDOR DE ASFALTO PRESSURIZADO, TANQUE 6 M3 COM ISOLACAO TERMICA, AQUECIDO COM 2 MACARICOS, COM BARRA ESPARGIDORA 3,60 M, A SER MONTADO SOBRE CAMINHAO;UN;280275.64
MATERIAL;38368;ESPATULA DE PLASTICO LISA, LARGURA *10* CM;UN;7.23
MATERIAL;38367;ESPATULA EM ACO INOX COM CABO DE MADEIRA E LARGURA DE *8* CM;UN;13.16
MATERIAL;38091;"ESPELHO / PLACA CEGA 4"" X 2"", PARA INSTALACAO DE TOMADAS E INTERRUPTORES";UN;2.61
MATERIAL;38095;"ESPELHO / PLACA CEGA 4"" X 4"", PARA INSTALACAO DE TOMADAS E INTERRUPTORES";UN;5.53
MATERIAL;38092;"ESPELHO / PLACA DE 1 POSTO 4"" X 2"", PARA INSTALACAO DE TOMADAS E INTERRUPTORES";UN;2.47
MATERIAL;38093;"ESPELHO / PLACA DE 2 POSTOS 4"" X 2"", PARA INSTALACAO DE TOMADAS E INTERRUPTORES";UN;2.56
MATERIAL;38096;"ESPELHO / PLACA DE 2 POSTOS 4"" X 4"", PARA INSTALACAO DE TOMADAS E INTERRUPTORES";UN;5.94
MATERIAL;38094;"ESPELHO / PLACA DE 3 POSTOS 4"" X 2"", PARA INSTALACAO DE TOMADAS E INTERRUPTORES";UN;3.14
MATERIAL;38097;"ESPELHO / PLACA DE 4 POSTOS 4"" X 4"", PARA INSTALACAO DE TOMADAS E INTERRUPTORES";UN;6.37
MATERIAL;38098;"ESPELHO / PLACA DE 6 POSTOS 4"" X 4"", PARA INSTALACAO DE TOMADAS E INTERRUPTORES";UN;6.37
MATERIAL;11186;ESPELHO CRISTAL E = 4 MM;M2;431.43
MATERIAL;11558;ESPELHO, RETO OU CURVO, EM LATAO CROMADO, ESPESSURA ATE 6 MM, LARGURA *40*MM, ALTURA *180*MM - PARA FECHADURA DE EMBUTIR;PAR;14.39
MATERIAL;11557;ESPELHO, RETO OU CURVO, EM LATAO CROMADO, ESPESSURA MINIMA 6 MM, LARGURA *43*MM, ALTURA *230*MM - PARA FECHADURA DE EMBUTIR;PAR;36.42
MATERIAL;2759;ESPOLETA SIMPLES N 8.;UN;11.37
MATERIAL;38124;ESPUMA EXPANSIVA DE POLIURETANO, APLICACAO MANUAL - 500 ML;UN;27
MATERIAL;38380;"ESQUADRO DE ACO 12"" (300 MM), CABO DE ALUMINIO";UN;21.89
MATERIAL;45278;ESQUADRO PARA SOLDA, EM ALUMINIO, 65 MM, COM DUAS MORSAS (GRAMPO SARGENTO);UN;120.09
MATERIAL;42429;ESQUI TRIPLO, EM TUBO DE ACO CARBONO, PINTURA NO PROCESSO ELETROSTATICO - EQUIPAMENTO DE GINASTICA PARA ACADEMIA AO AR LIVRE / ACADEMIA DA TERCEIRA IDADE - ATI;UN;6025.1
MATERIAL;38538;ESTACA PRE-MOLDADA MACICA DE CONCRETO VIBRADO ARMADO, PARA CARGA DE 25 T, SECAO QUADRADA DE *16 X 16*, COM ANEL METALICO INCORPORADO A PECA (SOMENTE FORNECIMENTO);M;86
MATERIAL;38539;ESTACA PRE-MOLDADA MACICA DE CONCRETO VIBRADO ARMADO, PARA CARGA DE 50 T, SECAO QUADRADA, COM ANEL METALICO INCORPORADO A PECA (SOMENTE FORNECIMENTO);M;116.95
MATERIAL;38540;ESTACA PRE-MOLDADA VAZADA DE CONCRETO CENTRIFUGADO, PARA CARGA DE 100 T, SECAO CIRCULAR, COM ANEL METALICO INCORPORADO A PECA (SOMENTE FORNECIMENTO);M;299.71
MATERIAL;38384;ESTILETE DE METAL, LAMINA 18 MM;UN;15.76
MATERIAL;13;ESTOPA;KG;22.72
MATERIAL;2762;ESTOPIM SIMPLES;M;14.21
MATERIAL;21142;"ESTRIBO COM PARAFUSO EM CHAPA DE FERRO FUNDIDO DE 2"" X 3/16"" X 35 CM, SECAO ""U"", PARA MADEIRAMENTO DE TELHADO";UN;30.64
ENCARGOS COMPLEMENTARES;37372;EXAMES - HORISTA (COLETADO CAIXA - ENCARGOS COMPLEMENTARES);H;1.43
ENCARGOS COMPLEMENTARES;40863;EXAMES - MENSALISTA (COLETADO CAIXA - ENCARGOS COMPLEMENTARES);MES;237.03
MATERIAL;38475;EXTENSAO DE SOLDA 201 ACETILENO, E = *1,5 A 2,5* MM (N2);UN;63.42
MATERIAL;38474;EXTENSAO DE SOLDA 201 GLP, E = *2,5 A 4,0* MM (N4);UN;64.3
MATERIAL;10886;EXTINTOR DE INCENDIO PORTATIL COM CARGA DE AGUA PRESSURIZADA DE 10 L, CLASSE A;UN;210.96
MATERIAL;10888;EXTINTOR DE INCENDIO PORTATIL COM CARGA DE GAS CARBONICO CO2 DE 4 KG, CLASSE BC;UN;667.66
MATERIAL;10889;EXTINTOR DE INCENDIO PORTATIL COM CARGA DE GAS CARBONICO CO2 DE 6 KG, CLASSE BC;UN;723.3
MATERIAL;10890;EXTINTOR DE INCENDIO PORTATIL COM CARGA DE PO QUIMICO SECO (PQS) DE 12 KG, CLASSE BC;UN;333.83
MATERIAL;10891;EXTINTOR DE INCENDIO PORTATIL COM CARGA DE PO QUIMICO SECO (PQS) DE 4 KG, CLASSE BC;UN;204
MATERIAL;10892;EXTINTOR DE INCENDIO PORTATIL COM CARGA DE PO QUIMICO SECO (PQS) DE 6 KG, CLASSE BC;UN;241.1
MATERIAL;20977;EXTINTOR DE INCENDIO PORTATIL COM CARGA DE PO QUIMICO SECO (PQS) DE 8 KG, CLASSE BC;UN;287.46
MATERIAL;3073;EXTREMIDADE PVC PBA, BF, JE, DN 100/ DE 110 MM;UN;217.97
MATERIAL;3074;EXTREMIDADE PVC PBA, BF, JE, DN 75/ DE 85 MM;UN;137.61
MATERIAL;3076;EXTREMIDADE PVC PBA, PF, JE, DN 100 / DE 110 MM;UN;179.19
MATERIAL;3075;EXTREMIDADE PVC PBA, PF, JE, DN 75 / DE 85 MM;UN;113.24
MATERIAL;10781;"EXTREMIDADE/TUBETE PARA HIDROMETRO PVC, COM ROSCA, CURTA, COM BUCHA LATAO, 3/4"" OU 1/2""";UN;15.35
MATERIAL;11480;FECHADURA AUXILIAR DE SEGURANCA PARA PORTA EXTERNA, EM ACO INOX, BROCA DE 45 A 55 MM, LINGUETA COM 3 AVANCOS, INCLUINDO 2 CHAVES TIPO CILINDRO;CJ;148.89
MATERIAL;43612;FECHADURA BICO DE PAPAGAIO PARA PORTA DE CORRER EXTERNA, EM ACO INOX COM ACABAMENTO CROMADO, MAQUINA COM 45 MM, INCLUINDO CHAVE TIPO CILINDRO;CJ;117.19
MATERIAL;43613;FECHADURA BICO DE PAPAGAIO PARA PORTA DE CORRER INTERNA, EM ACO INOX COM ACABAMENTO CROMADO, MAQUINA COM 45 MM, INCLUINDO CHAVE TIPO BIPARTIDA;CJ;97.02
MATERIAL;11469;FECHADURA DE EMBUTIR PARA GAVETA E MOVEIS DE MADEIRA, EM ACO INOX COM ACABAMENTO CROMADO, COM ABAS LATERAIS, CILINDRO COM 22 MM DE DIAMETRO, INCLUINDO CHAVE COM PERFIL METALICO E CAPA ESCAMOTEAVEL;UN;15.89
MATERIAL;11468;FECHADURA DE SOBREPOR PARA GAVETAS E ARMARIOS, EM ACO INOX COM ACABAMENTO CROMADO, COM CILINDRO DE APROX 20 MM;UN;15.9
MATERIAL;11484;FECHADURA DE SOBREPOR PARA PORTAO, EM ACO INOX COM ACABAMENTO CROMADO, CAIXA DE 100 MM, INCLUINDO CHAVE TIPO CILINDRO;UN;69.85
MATERIAL;38155;FECHADURA DE SOBREPOR PARA PORTAO, EM ACO INOX COM ACABAMENTO CROMADO, CAIXA DE 100 MM, INCLUINDO CHAVE TIPO TETRA;UN;108.45
MATERIAL;11467;FECHADURA DE SOBREPOR TIPO CAIXAO, EM FERRO COM ACABAMENTO RESINADO, SEM MACANETA, SEM CILINDRO, INCLUINDO CHAVE TIPO SIMPLES;UN;24.78
MATERIAL;38153;FECHADURA ESPELHO PARA PORTA DE BANHEIRO, EM ACO INOX (MAQUINA, TESTA E CONTRA-TESTA) E EM ZAMAC (MACANETA, LINGUETA E TRINCOS) COM ACABAMENTO CROMADO, MAQUINA DE 40 MM, INCLUINDO CHAVE TIPO TRANQUETA;CJ;63.3
MATERIAL;43607;FECHADURA ESPELHO PARA PORTA DE BANHEIRO, EM ACO INOX (MAQUINA, TESTA E CONTRA-TESTA) E EM ZAMAC (MACANETA, LINGUETA E TRINCOS) COM ACABAMENTO CROMADO, MAQUINA DE 55 MM, INCLUINDO CHAVE TIPO TRANQUETA (CONJUNTO DE FECHADURAS);CJ;119.73
MATERIAL;3080;FECHADURA ESPELHO PARA PORTA EXTERNA, EM ACO INOX (MAQUINA, TESTA E CONTRA-TESTA) E EM ZAMAC (MACANETA, LINGUETA E TRINCOS) COM ACABAMENTO CROMADO, MAQUINA DE 40 MM, INCLUINDO CHAVE TIPO CILINDRO;CJ;80.5
MATERIAL;3081;FECHADURA ESPELHO PARA PORTA EXTERNA, EM ACO INOX (MAQUINA, TESTA E CONTRA-TESTA) E EM ZAMAC (MACANETA, LINGUETA E TRINCOS) COM ACABAMENTO CROMADO, MAQUINA DE 55 MM, INCLUINDO CHAVE TIPO CILINDRO;CJ;159.27
MATERIAL;3090;FECHADURA ESPELHO PARA PORTA INTERNA, EM ACO INOX (MAQUINA, TESTA E CONTRA-TESTA) E EM ZAMAC (MACANETA, LINGUETA E TRINCOS) COM ACABAMENTO CROMADO, MAQUINA DE 40 MM, INCLUINDO CHAVE TIPO INTERNA;CJ;71.85
MATERIAL;43611;FECHADURA ESPELHO PARA PORTA INTERNA, EM ACO INOX (MAQUINA, TESTA E CONTRA-TESTA) E EM ZAMAC (MACANETA, LINGUETA E TRINCOS) COM ACABAMENTO CROMADO, MAQUINA DE 55 MM, INCLUINDO CHAVE TIPO INTERNA;CJ;119.23
MATERIAL;3103;FECHADURA PARA PORTA PIVOTANTE DE VIDRO TEMPERADO, EM ACO INOX COM ACABAMENTO CROMADO, RECORTE PADRAO SANTA MARINA, COM CILINDRO EM LATAO, INCLUINDO CHAVE TIPO CILINDRO;UN;59.57
MATERIAL;3097;FECHADURA ROSETA REDONDA PARA PORTA DE BANHEIRO, EM ACO INOX (MAQUINA, TESTA E CONTRA-TESTA) E EM ZAMAC (MACANETA, LINGUETA E TRINCOS) COM ACABAMENTO CROMADO, MAQUINA DE 40 MM, INCLUINDO CHAVE TIPO TRANQUETA;CJ;90.13
MATERIAL;3099;FECHADURA ROSETA REDONDA PARA PORTA DE BANHEIRO, EM ACO INOX (MAQUINA, TESTA E CONTRA-TESTA) E EM ZAMAC (MACANETA, LINGUETA E TRINCOS) COM ACABAMENTO CROMADO, MAQUINA DE 55 MM, INCLUINDO CHAVE TIPO TRANQUETA;CJ;144.32
MATERIAL;38151;FECHADURA ROSETA REDONDA PARA PORTA EXTERNA, EM ACO INOX (MAQUINA, TESTA E CONTRA-TESTA) E EM ZAMAC (MACANETA, LINGUETA E TRINCOS) COM ACABAMENTO CROMADO, MAQUINA DE 40 MM, INCLUINDO CHAVE TIPO CILINDRO;CJ;104.63
MATERIAL;38152;FECHADURA ROSETA REDONDA PARA PORTA EXTERNA, EM ACO INOX (MAQUINA, TESTA E CONTRA-TESTA) E EM ZAMAC (MACANETA, LINGUETA E TRINCOS) COM ACABAMENTO CROMADO, MAQUINA DE 55 MM, INCLUINDO CHAVE TIPO CILINDRO;CJ;168.78
MATERIAL;43610;FECHADURA ROSETA REDONDA PARA PORTA INTERNA, EM ACO INOX (MAQUINA, TESTA E CONTRA-TESTA) E EM ZAMAC (MACANETA, LINGUETA E TRINCOS) COM ACABAMENTO CROMADO, MAQUINA DE 40 MM, INCLUINDO CHAVE TIPO INTERNA (CONJUNTO DE FECHADURAS);CJ;89.43
MATERIAL;3093;FECHADURA ROSETA REDONDA PARA PORTA INTERNA, EM ACO INOX (MAQUINA, TESTA E CONTRA-TESTA) E EM ZAMAC (MACANETA, LINGUETA E TRINCOS) COM ACABAMENTO CROMADO, MAQUINA DE 55 MM, INCLUINDO CHAVE TIPO INTERNA;CJ;144.32
MATERIAL;38165;FECHO / FECHADURA COM PUXADOR CONCHA, COM TRANCA TIPO TRAVA, PARA JANELA / PORTA DE CORRER (INCLUI TESTA, FECHADURA, PUXADOR) - COMPLETA;CJ;69.21
MATERIAL;38177;FECHO / TRINCO TIPO AVIAO, EM ZAMAC CROMADO, *60* MM, PARA JANELAS - INCLUI PARAFUSOS;UN;20.56
MATERIAL;11458;FECHO DE SEGURANCA, TIPO BATOM, EM LATAO / ZAMAC, CROMADO, PARA PORTAS E JANELAS - INCLUI PARAFUSOS;UN;24.55
MATERIAL;3108;FECHO QUEBRA UNHA, EM LATAO COM ACABAMENTO CROMADO, DE EMBUTIR, COM COMANDO ALAVANCA, ALTURA DE DE 22 CM, LARGURA MINIMA DE 1,90 CM E ESPESSURA MINIMA DE 1,90 MM, PARA PORTAS E JANELAS (INCLUI PARAFUSOS);UN;104.38
MATERIAL;3105;FECHO QUEBRA UNHA, EM LATAO COM ACABAMENTO CROMADO, DE EMBUTIR, COM COMANDO ALAVANCA, ALTURA DE DE 40 CM, LARGURA MINIMA DE 1,90 CM E ESPESSURA MINIMA DE 1,90 MM, PARA PORTAS E JANELAS (INCLUI PARAFUSOS);UN;136.52
MATERIAL;38178;FECHO QUEBRA UNHA, EM LATAO COM ACABAMENTO CROMADO, DE EMBUTIR, COM COMANDO DESLIZANTE, ALTURA DE 12 CM, LARGURA MINIMA DE 1,90 CM E ESPESSURA MINIMA DE 1,90 MM;UN;22.63
MATERIAL;43575;FECHO QUEBRA UNHA, EM LATAO COM ACABAMENTO CROMADO, DE EMBUTIR, COM COMANDO DESLIZANTE, ALTURA DE 22 CM, LARGURA MINIMA DE 1,90 CM E ESPESSURA MINIMA DE 1,90 MM;UN;49.03
MATERIAL;43577;FECHO QUEBRA UNHA, EM LATAO COM ACABAMENTO CROMADO, DE EMBUTIR, COM COMANDO DESLIZANTE, ALTURA DE 40 CM, LARGURA MINIMA DE 1,90 CM E ESPESSURA MINIMA DE 1,90 MM;UN;85.24
ENCARGOS COMPLEMENTARES;43458;FERRAMENTAS - FAMILIA ALMOXARIFE - HORISTA (ENCARGOS COMPLEMENTARES - COLETADO CAIXA);H;0.05
ENCARGOS COMPLEMENTARES;43470;FERRAMENTAS - FAMILIA ALMOXARIFE - MENSALISTA (ENCARGOS COMPLEMENTARES - COLETADO CAIXA);MES;9.52
ENCARGOS COMPLEMENTARES;43459;FERRAMENTAS - FAMILIA CARPINTEIRO DE FORMAS - HORISTA (ENCARGOS COMPLEMENTARES - COLETADO CAIXA);H;0.29
ENCARGOS COMPLEMENTARES;43471;FERRAMENTAS - FAMILIA CARPINTEIRO DE FORMAS - MENSALISTA (ENCARGOS COMPLEMENTARES - COLETADO CAIXA);MES;49.31
ENCARGOS COMPLEMENTARES;43460;FERRAMENTAS - FAMILIA ELETRICISTA - HORISTA (ENCARGOS COMPLEMENTARES - COLETADO CAIXA);H;0.83
ENCARGOS COMPLEMENTARES;43472;FERRAMENTAS - FAMILIA ELETRICISTA - MENSALISTA (ENCARGOS COMPLEMENTARES - COLETADO CAIXA);MES;139.4
ENCARGOS COMPLEMENTARES;43461;FERRAMENTAS - FAMILIA ENCANADOR - HORISTA (ENCARGOS COMPLEMENTARES - COLETADO CAIXA);H;0.42
ENCARGOS COMPLEMENTARES;43473;FERRAMENTAS - FAMILIA ENCANADOR - MENSALISTA (ENCARGOS COMPLEMENTARES - COLETADO CAIXA);MES;70.76
ENCARGOS COMPLEMENTARES;43463;FERRAMENTAS - FAMILIA ENCARREGADO GERAL - HORISTA (ENCARGOS COMPLEMENTARES - COLETADO CAIXA);H;0.12
ENCARGOS COMPLEMENTARES;43475;FERRAMENTAS - FAMILIA ENCARREGADO GERAL - MENSALISTA (ENCARGOS COMPLEMENTARES - COLETADO CAIXA);MES;21.33
ENCARGOS COMPLEMENTARES;43462;FERRAMENTAS - FAMILIA ENGENHEIRO CIVIL - HORISTA (ENCARGOS COMPLEMENTARES - COLETADO CAIXA);H;0.02
ENCARGOS COMPLEMENTARES;43474;FERRAMENTAS - FAMILIA ENGENHEIRO CIVIL - MENSALISTA (ENCARGOS COMPLEMENTARES - COLETADO CAIXA);MES;4.33
ENCARGOS COMPLEMENTARES;43464;FERRAMENTAS - FAMILIA OPERADOR ESCAVADEIRA - HORISTA (ENCARGOS COMPLEMENTARES - COLETADO CAIXA);H;0.02
ENCARGOS COMPLEMENTARES;43476;FERRAMENTAS - FAMILIA OPERADOR ESCAVADEIRA - MENSALISTA (ENCARGOS COMPLEMENTARES - COLETADO CAIXA);MES;4.95
ENCARGOS COMPLEMENTARES;43465;FERRAMENTAS - FAMILIA PEDREIRO - HORISTA (ENCARGOS COMPLEMENTARES - COLETADO CAIXA);H;0.73
ENCARGOS COMPLEMENTARES;43477;FERRAMENTAS - FAMILIA PEDREIRO - MENSALISTA (ENCARGOS COMPLEMENTARES - COLETADO CAIXA);MES;122.35
ENCARGOS COMPLEMENTARES;43466;FERRAMENTAS - FAMILIA PINTOR - HORISTA (ENCARGOS COMPLEMENTARES - COLETADO CAIXA);H;2.08
ENCARGOS COMPLEMENTARES;43478;FERRAMENTAS - FAMILIA PINTOR - MENSALISTA (ENCARGOS COMPLEMENTARES - COLETADO CAIXA);MES;346.31
ENCARGOS COMPLEMENTARES;43467;FERRAMENTAS - FAMILIA SERVENTE - HORISTA (ENCARGOS COMPLEMENTARES - COLETADO CAIXA);H;0.57
ENCARGOS COMPLEMENTARES;43479;FERRAMENTAS - FAMILIA SERVENTE - MENSALISTA (ENCARGOS COMPLEMENTARES - COLETADO CAIXA);MES;95.69
ENCARGOS COMPLEMENTARES;43468;FERRAMENTAS - FAMILIA SOLDADOR - HORISTA (ENCARGOS COMPLEMENTARES - COLETADO CAIXA);H;1.24
ENCARGOS COMPLEMENTARES;43480;FERRAMENTAS - FAMILIA SOLDADOR - MENSALISTA (ENCARGOS COMPLEMENTARES - COLETADO CAIXA);MES;206.14
ENCARGOS COMPLEMENTARES;43469;FERRAMENTAS - FAMILIA TOPOGRAFO - HORISTA (ENCARGOS COMPLEMENTARES - COLETADO CAIXA);H;0.08
ENCARGOS COMPLEMENTARES;43481;FERRAMENTAS - FAMILIA TOPOGRAFO - MENSALISTA (ENCARGOS COMPLEMENTARES - COLETADO CAIXA);MES;14.27
MATERIAL;45204;FERRO DE SOLDA, POTENCIA 40 W;UN;46.92
MATERIAL;3119;"FERROLHO COM FECHO / TRINCO REDONDO, EM ACO GALVANIZADO / ZINCADO, DE SOBREPOR, COM COMPRIMENTO DE 2"" E ESPESSURA MINIMA DA CHAPA DE 0,90 MM, PARA PORTAS E JANELAS";UN;2.65
MATERIAL;3122;"FERROLHO COM FECHO / TRINCO REDONDO, EM ACO GALVANIZADO / ZINCADO, DE SOBREPOR, COM COMPRIMENTO DE 3"" A 4"" E ESPESSURA MINIMA DA CHAPA DE 0,90 MM";UN;5.41
MATERIAL;3121;"FERROLHO COM FECHO / TRINCO REDONDO, EM ACO GALVANIZADO / ZINCADO, DE SOBREPOR, COM COMPRIMENTO DE 5"" E ESPESSURA MINIMA DA CHAPA DE 0,90 MM";UN;6.13
MATERIAL;3120;"FERROLHO COM FECHO / TRINCO REDONDO, EM ACO GALVANIZADO / ZINCADO, DE SOBREPOR, COM COMPRIMENTO DE 6"" E ESPESSURA MINIMA DA CHAPA DE 1,50 MM";UN;11.62
MATERIAL;11455;"FERROLHO COM FECHO / TRINCO REDONDO, EM ACO GALVANIZADO / ZINCADO, DE SOBREPOR, COM COMPRIMENTO DE 8"" E ESPESSURA MINIMA DA CHAPA DE 1,50 MM";UN;16.81
MATERIAL;11456;"FERROLHO COM FECHO /TRINCO REDONDO, EM ACO GALVANIZADO / ZINCADO, DE SOBREPOR, COM COMPRIMENTO DE 10"" A 12"" E ESPESSURA MINIMA DA CHAPA DE 1,50 MM";UN;20.09
MATERIAL;3107;"FERROLHO COM FECHO CHATO E PORTA CADEADO, EM ACO GALVANIZADO / ZINCADO, DE SOBREPOR, COM COMPRIMENTO DE 3"" A 4"", CHAPA COM ESPESSURA MINIMA DE 0,90 MM E LARGURA MINIMA DE 3,20 CM (FECHO SIMPLES / LEVE) (INCLUI PARAFUSOS)";UN;8.47
MATERIAL;43583;"FERROLHO COM FECHO CHATO E PORTA CADEADO, EM ACO GALVANIZADO / ZINCADO, DE SOBREPOR, COM COMPRIMENTO DE 3"" A 4"", CHAPA COM ESPESSURA MINIMA DE 1,70 MM E LARGURA MINIMA DE 5,00 CM (FECHO REFORCADO)";UN;9.56
MATERIAL;43586;"FERROLHO COM FECHO CHATO E PORTA CADEADO, EM ACO GALVANIZADO / ZINCADO, DE SOBREPOR, COM COMPRIMENTO DE 5"", CHAPA COM ESPESSURA MINIMA DE 0,90 MM E LARGURA MINIMA DE 3,20 CM (FECHO SIMPLES)";UN;9.79
MATERIAL;11461;"FERROLHO COM FECHO CHATO E PORTA CADEADO, EM ACO GALVANIZADO / ZINCADO, DE SOBREPOR, COM COMPRIMENTO DE 5"", CHAPA COM ESPESSURA MINIMA DE 1,70 MM E LARGURA MINIMA DE 5,00 CM (FECHO REFORCADO)";UN;10.67
MATERIAL;43587;"FERROLHO COM FECHO CHATO E PORTA CADEADO, EM ACO GALVANIZADO / ZINCADO, DE SOBREPOR, COM COMPRIMENTO DE 6"", CHAPA COM ESPESSURA MINIMA DE 0,90 MM E LARGURA MINIMA DE 3,80 CM (FECHO SIMPLES)";UN;12.32
MATERIAL;3106;"FERROLHO COM FECHO CHATO E PORTA CADEADO, EM ACO GALVANIZADO / ZINCADO, DE SOBREPOR, COM COMPRIMENTO DE 6"", CHAPA COM ESPESSURA MINIMA DE 1,70 MM E LARGURA /MINIMA DE 5,00 CM (FECHO REFORCADO) (INCLUI PARAFUSOS)";UN;15.63
MATERIAL;44539;FERTILIZANTE NPK - 10:10:10;KG;3.43
MATERIAL;3123;FERTILIZANTE NPK - 4: 14: 8;KG;3.2
MATERIAL;38125;FERTILIZANTE ORGANICO COMPOSTO, CLASSE A;KG;1.88
MATERIAL;39014;FIBRA DE ACO PARA REFORCO DO CONCRETO, SOLTA, TIPO A-I, FATOR DE FORMA *50* L / D, COMPRIMENTO DE *30* MM E RESISTENCIA A TRACAO DO ACO MAIOR 1000 MPA;KG;9.66
MATERIAL;39365;FILTRO ANAEROBIO, EM POLIETILENO DE ALTA DENSIDADE (PEAD), CAPACIDADE *1100* LITROS (NBR 13969);UN;2156.3
MATERIAL;39366;FILTRO ANAEROBIO, EM POLIETILENO DE ALTA DENSIDADE (PEAD), CAPACIDADE *2800* LITROS (NBR 13969);UN;3271.47
MATERIAL;39367;FILTRO ANAEROBIO, EM POLIETILENO DE ALTA DENSIDADE (PEAD), CAPACIDADE *5000* LITROS (NBR 13969);UN;5605.44
MATERIAL;45263;FILTRO QUIMICO PARA RESPIRADOR SEMI FACIAL, PROTECAO CONTRA VAPORES ORGANICOS E GASES ACIDOS;UN;19.66
MATERIAL;37394;FINCAPINO CURTO CALIBRE 22, CARGA MEDIA POTENCIA 5 (PARA FERRAMENTA DE ACAO DIRETA) COR VERMELHA;CENTO;49.22
MATERIAL;14146;FINCAPINO LONGO CALIBRE 22, CARGA FORTE POTENCIA 7 (PARA FERRAMENTA DE ACAO DIRETA), COR AMARELA;CENTO;79.15
MATERIAL;938;FIO DE COBRE, SOLIDO, CLASSE 1, ISOLACAO EM PVC/A, ANTICHAMA BWF-B, 450/750V, SECAO NOMINAL 1,5 MM2;M;1.89
MATERIAL;937;FIO DE COBRE, SOLIDO, CLASSE 1, ISOLACAO EM PVC/A, ANTICHAMA BWF-B, 450/750V, SECAO NOMINAL 10 MM2;M;11.02
MATERIAL;939;FIO DE COBRE, SOLIDO, CLASSE 1, ISOLACAO EM PVC/A, ANTICHAMA BWF-B, 450/750V, SECAO NOMINAL 2,5 MM2;M;3.06
MATERIAL;944;FIO DE COBRE, SOLIDO, CLASSE 1, ISOLACAO EM PVC/A, ANTICHAMA BWF-B, 450/750V, SECAO NOMINAL 4 MM2;M;4.83
MATERIAL;940;FIO DE COBRE, SOLIDO, CLASSE 1, ISOLACAO EM PVC/A, ANTICHAMA BWF-B, 450/750V, SECAO NOMINAL 6 MM2;M;6.97
MATERIAL;44397;FITA / CINTA AUTOADESIVA ELASTOMERICA PARA VEDACAO, L= 50 MM, E = 3 MM;M;3.88
MATERIAL;406;FITA ACO INOX PARA CINTAR POSTE, L = 19 MM, E = 0,5 MM (ROLO DE 30M);UN;86.14
MATERIAL;43728;FITA ADESIVA ALUMINIZADA BOPP, L = 50 MM;M;0.2
MATERIAL;42529;FITA ADESIVA ALUMINIZADA, PARA INSTALACAO DE MANTAS DE SUBCOBERTURA, L = *5* CM;M;1.36
MATERIAL;39634;FITA ADESIVA ANTICORROSIVA DE PVC FLEXIVEL, COR PRETA, PARA PROTECAO TUBULACAO, 50 MM X 30 M (L X C), E= *0,25* MM;M;3.87
MATERIAL;39701;FITA ADESIVA ASFALTICA ALUMINIZADA MULTIUSO, L = 10 CM, ROLO DE 10 M;UN;106.82
MATERIAL;12815;FITA CREPE ROLO DE *25* MM X 50 M;UN;15.97
MATERIAL;39431;FITA DE PAPEL MICROPERFURADO, 50 X 150 MM, PARA TRATAMENTO DE JUNTAS DE CHAPA DE GESSO PARA DRYWALL;M;0.32
MATERIAL;39432;FITA DE PAPEL REFORCADA COM LAMINA DE METAL PARA REFORCO DE CANTOS DE CHAPA DE GESSO PARA DRYWALL;M;2.86
MATERIAL;43727;FITA DE VEDACAO ADESIVA, EM ESPUMA POLIETILENO, PRETA, L = 10 MM, E = 4 MM;M;1.55
MATERIAL;20111;FITA ISOLANTE ADESIVA ANTICHAMA, USO ATE 750 V, EM ROLO DE 19 MM X 20 M;UN;22.93
MATERIAL;21127;FITA ISOLANTE ADESIVA ANTICHAMA, USO ATE 750 V, EM ROLO DE 19 MM X 5 M;UN;6.69
MATERIAL;404;FITA ISOLANTE DE BORRACHA AUTOFUSAO, USO ATE 69 KV (ALTA TENSAO), LARGURA DE 19 MM;M;4.38
MATERIAL;14151;FITA METALICA GRAVADA, L = 17 MM, ROLO DE 25 M, CARGA RECOMENDADA = *120* KGF;UN;56.88
MATERIAL;14153;FITA METALICA PERFURADA, L = *18* MM, ROLO DE 30 M, CARGA RECOMENDADA = *30* KGF;UN;64.3
MATERIAL;14152;FITA METALICA PERFURADA, L = 17 MM, ROLO DE 30 M, CARGA RECOMENDADA = *19* KGF;UN;49.36
MATERIAL;14154;FITA METALICA PERFURADA, L = 25 MM, ROLO DE 30 M, CARGA RECOMENDADA = *222,5* KGF;UN;172.79
MATERIAL;43729;FITA PLASTICA DE ARQUEAR, EM POLIPROPILENO - PP, PRETA, L = 10 MM, E = 0,65 MM;M;0.15
MATERIAL;41956;FITA PLASTICA ZEBRADA PARA DEMARCACAO DE AREAS, LARGURA = 7 CM, SEM ADESIVO;M;0.08
MATERIAL;3146;FITA VEDA ROSCA, EM PTFE, ROLO DE 18 MM X 10 M (L X C);UN;4.26
MATERIAL;3143;FITA VEDA ROSCA, EM PTFE, ROLO DE 18 MM X 25 M (L X C);UN;7.79
MATERIAL;3148;FITA VEDA ROSCA, EM PTFE, ROLO DE 18 MM X 50 M (L X C);UN;16.76
MATERIAL;4310;FIXADOR DE ABA AUTOTRAVANTE PARA TELHA DE FIBROCIMENTO, TIPO CANALETE 90 OU KALHETAO;UN;2.93
MATERIAL;4311;FIXADOR DE ABA SIMPLES PARA TELHA DE FIBROCIMENTO, TIPO CANALETA 49 OU KALHETA;UN;2.06
MATERIAL;4312;FIXADOR DE ABA SIMPLES PARA TELHA DE FIBROCIMENTO, TIPO CANALETA 90 OU KALHETAO;UN;2.88
MATERIAL;13261;FLANELA *30 X 40* CM;UN;2.89
MATERIAL;3272;"FLANGE SEXTAVADO DE FERRO GALVANIZADO, COM ROSCA BSP, DE 1 1/2""";UN;57.28
MATERIAL;3265;"FLANGE SEXTAVADO DE FERRO GALVANIZADO, COM ROSCA BSP, DE 1 1/4""";UN;45.51
MATERIAL;3264;"FLANGE SEXTAVADO DE FERRO GALVANIZADO, COM ROSCA BSP, DE 1""";UN;32.72
MATERIAL;3262;"FLANGE SEXTAVADO DE FERRO GALVANIZADO, COM ROSCA BSP, DE 1/2""";UN;19.92
MATERIAL;3267;"FLANGE SEXTAVADO DE FERRO GALVANIZADO, COM ROSCA BSP, DE 2 1/2""";UN;106.88
MATERIAL;3266;"FLANGE SEXTAVADO DE FERRO GALVANIZADO, COM ROSCA BSP, DE 2""";UN;68
MATERIAL;3268;"FLANGE SEXTAVADO DE FERRO GALVANIZADO, COM ROSCA BSP, DE 3""";UN;144.51
MATERIAL;3263;"FLANGE SEXTAVADO DE FERRO GALVANIZADO, COM ROSCA BSP, DE 3/4""";UN;27.21
MATERIAL;3271;"FLANGE SEXTAVADO DE FERRO GALVANIZADO, COM ROSCA BSP, DE 4""";UN;213.64
MATERIAL;3270;"FLANGE SEXTAVADO DE FERRO GALVANIZADO, COM ROSCA BSP, DE 6""";UN;358.93
MATERIAL;45256;"FORMAO CHANFRADO 1"", CABO DE MADEIRA";UN;27.43
SERVIÇOS;3275;FORRO COMPOSTO POR PAINEIS DE LA DE VIDRO, REVESTIDOS EM PVC MICROPERFURADO, DE *1250 X 625* MM, ESPESSURA 15 MM (COM COLOCACAO);M2;155.24
SERVIÇOS;39512;FORRO DE FIBRA MINERAL EM PLACAS DE 1250 X 625 MM, E = 15 MM, BORDA RETA, COM PINTURA ANTIMOFO, APOIADO EM PERFIL DE ACO GALVANIZADO COM 24 MM DE BASE - INSTALADO;M2;126.31
SERVIÇOS;39511;FORRO DE FIBRA MINERAL EM PLACAS DE 625 X 625 MM, E = 15 MM, BORDA RETA, COM PINTURA ANTIMOFO, APOIADO EM PERFIL DE ACO GALVANIZADO COM 24 MM DE BASE - INSTALADO;M2;137.77
SERVIÇOS;39513;FORRO DE FIBRA MINERAL EM PLACAS DE 625 X 625 MM, E = 15/16 MM, BORDA REBAIXADA, COM PINTURA ANTIMOFO, APOIADO EM PERFIL DE ACO GALVANIZADO COM 24 MM DE BASE - INSTALADO;M2;147.77
MATERIAL;3286;FORRO DE MADEIRA CEDRINHO OU EQUIVALENTE DA REGIAO, ENCAIXE MACHO/FEMEA COM FRISO, *10 X 1* CM (SEM COLOCACAO);M2;100.58
MATERIAL;3287;FORRO DE MADEIRA CUMARU/IPE CHAMPANHE OU EQUIVALENTE DA REGIAO, ENCAIXE MACHO/FEMEA COM FRISO, *10 X 1* CM (SEM COLOCACAO);M2;152
MATERIAL;3283;FORRO DE MADEIRA PINUS OU EQUIVALENTE DA REGIAO, ENCAIXE MACHO/FEMEA COM FRISO, *10 X 1* CM (SEM COLOCACAO);M2;31.93
MATERIAL;11587;FORRO DE PVC LISO, BRANCO, REGUA DE 10 CM, ESPESSURA APROXIMADA DE 8 MM (COM COLOCACAO / SEM ESTRUTURA METALICA);M2;106.45
MATERIAL;36225;FORRO DE PVC LISO, BRANCO, REGUA DE 20 CM, ESPESSURA APROXIMADA DE 8 MM, COMPRIMENTO 6 M (SEM COLOCACAO);M2;43.24
MATERIAL;36230;FORRO DE PVC, FRISADO, BRANCO, REGUA DE 10 CM, ESPESSURA APROXIMADA DE 8 MM E COMPRIMENTO 6 M (SEM COLOCACAO);M2;31.77
MATERIAL;36238;FORRO DE PVC, FRISADO, BRANCO, REGUA DE 20 CM, ESPESSURA APROXIMADA DE 8 MM E COMPRIMENTO 6 M (SEM COLOCACAO);M2;31.04
MATERIAL;39363;FOSSA SEPTICA, SEM FILTRO, EM POLIETILENO DE ALTA DENSIDADE (PEAD), PARA 15 A 30 CONTRIBUINTES, CILINDRICA, COM TAMPA, CAPACIDADE APROXIMADA DE *5500* LITROS (NBR 7229);UN;6356.05
MATERIAL;39361;FOSSA SEPTICA, SEM FILTRO, EM POLIETILENO DE ALTA DENSIDADE (PEAD), PARA 4 A 7 CONTRIBUINTES, CILINDRICA, COM TAMPA, CAPACIDADE APROXIMADA DE *1100* LITROS (NBR 7229);UN;1941.81
MATERIAL;39362;FOSSA SEPTICA, SEM FILTRO, EM POLIETILENO DE ALTA DENSIDADE (PEAD), PARA 8 A 14 CONTRIBUINTES, CILINDRICA, COM TAMPA, CAPACIDADE APROXIMADA DE *3000* LITROS (NBR 7229);UN;3430.32
MATERIAL;39364;FOSSA SEPTICA,SEM FILTRO, EM POLIETILENO DE ALTA DENSIDADE (PEAD), PARA 40 A 52 CONTRIBUINTES, CILINDRICA, COM TAMPA, CAPACIDADE APROXIMADA DE *10000* LITROS (NBR 7229);UN;13406.59
EQUIPAMENTO (AQUISIÇÃO);14576;FRESADORA DE ASFALTO A FRIO SOBRE ESTEIRAS, LARG. FRESAGEM 2,00 M, POT. 410 KW/550 HP;UN;6166718.79
EQUIPAMENTO (AQUISIÇÃO);13877;FRESADORA DE ASFALTO A FRIO SOBRE RODAS, LARG. FRESAGEM 1,00 M, POT. 155 KW/208 HP;UN;2639880.33
MATERIAL;7307;FUNDO ANTICORROSIVO PARA METAIS FERROSOS (ZARCAO);L;45.27
MATERIAL;38122;FUNDO PREPARADOR ACRILICO BASE AGUA;L;20.3
MATERIAL;43653;FUNDO SINTETICO NIVELADOR BRANCO FOSCO PARA MADEIRA;L;39.25
EQUIPAMENTO (AQUISIÇÃO);45301;"FURADEIRA ELETRICA DE IMPACTO 1/2"", 600 W";UN;245.41
SERVIÇOS;45334;FURO PARA TORNEIRA OU OUTROS ACESSORIOS EM BANCADA DE MARMORE/ GRANITO OU OUTRO TIPO DE PEDRA NATURAL;UN;30.23
MATERIAL;34802;GABIAO MANTA (COLCHAO) MALHA HEXAGONAL 6 X 8 CM (ZN/AL REVESTIDO COM POLIMERO), DIMENSOES 4,0 X 2,0 X 0,17 M (C X L X A) FIO 2 MM;UN;1262.87
MATERIAL;11588;GABIAO MANTA (COLCHAO) MALHA HEXAGONAL 6 X 8 CM (ZN/AL REVESTIDO COM POLIMERO), FIO 2 MM, DIMENSOES 4,0 X 2,0 X 0,23 M (C X L X A);UN;1362.43
MATERIAL;34383;GABIAO MANTA (COLCHAO) MALHA HEXAGONAL 6 X 8 CM (ZN/AL REVESTIDO COM POLIMERO), FIO 2 MM, DIMENSOES 4,0 X 2,0 X 0,3 M (C X L X A);UN;1498.78
MATERIAL;40451;GABIAO MANTA (COLCHAO) MALHA HEXAGONAL 6 X 8 CM (ZN/AL REVESTIDO COM POLIMERO), FIO 2,0 MM, DIMENSOES 5,0 X 2,0 X 0,17 M (C X L X A);M2;121.15
MATERIAL;40453;GABIAO MANTA (COLCHAO) MALHA HEXAGONAL 6 X 8 CM (ZN/AL REVESTIDO COM POLIMERO), FIO 2,0 MM, DIMENSOES 5,0 X 2,0 X 0,23 M (C X L X A);M2;131.08
MATERIAL;40452;GABIAO MANTA (COLCHAO) MALHA HEXAGONAL 6 X 8 CM (ZN/AL REVESTIDO COM POLIMERO), FIO 2,0 MM, DIMENSOES 5,0 X 2,0 X 0,30 M (C X L X A);M2;143.78
MATERIAL;11594;GABIAO SACO MALHA HEXAGONAL 8 X 10 CM (ZN/AL REVESTIDO COM POLIMERO), FIO 2,4 MM, DIMENSOES 3,0 X 0,65 M;UN;434.25
MATERIAL;3311;GABIAO SACO MALHA HEXAGONAL 8 X 10 CM (ZN/AL REVESTIDO COM POLIMERO), FIO 2,4 MM, H = 0,65 M;M3;434.25
MATERIAL;11599;GABIAO SACO MALHA HEXAGONAL 8 X 10 CM (ZN/AL), FIO 2,7 MM, DIMENSOES 4,0 X 0,65 M;UN;577.5
MATERIAL;11593;GABIAO TIPO CAIXA MALHA HEXAGONAL 8 X 10 CM (ZN/AL REVESTIDO COM POLIMERO), FIO 2,4 MM, DIMENSOES 2,0 X 1,0 X 1,0 M (C X L X A);UN;809.62
MATERIAL;3314;GABIAO TIPO CAIXA MALHA HEXAGONAL 8 X 10 CM (ZN/AL REVESTIDO COM POLIMERO), FIO 2,4 MM, H = 0,50 M;M3;579.04
MATERIAL;11597;GABIAO TIPO CAIXA MALHA HEXAGONAL 8 X 10 CM (ZN/AL), FIO 2,7 MM, DIMENSOES 2,0 X 1,0 X 1,0 M (C X L X A);UN;673.35
MATERIAL;3309;GABIAO TIPO CAIXA MALHA HEXAGONAL 8 X 10 CM (ZN/AL), FIO 2,7 MM, H = 0,50 M;M3;459.84
MATERIAL;40440;GABIAO TIPO CAIXA PARA SOLO REFORCADO, MALHA HEXAGONAL 8 X 10 CM (ZN/AL REVESTIDO COM POLIMERO), FIO 2,7 MM, DIMENSOES 2,0 X 1,0 X 0,5 M, COM CAUDA DE 4,0 M;M3;603.13
MATERIAL;40441;GABIAO TIPO CAIXA PARA SOLO REFORCADO, MALHA HEXAGONAL 8 X 10 CM (ZN/AL REVESTIDO COM POLIMERO), FIO 2,7 MM, DIMENSOES 2,0 X 1,0 X 1,0 M, COM CAUDA DE 4,0 M;M3;385.06
MATERIAL;34612;GABIAO TIPO CAIXA PARA SOLO REFORCADO, MALHA HEXAGONAL DE DUPLA TORCAO 8 X 10 CM (ZN/AL REVESTIDO COM POLIMERO), FIO 2,7 MM, DIMENSOES 2,0 X 1,0 X 0,5 M, COM CAUDA DE 3,0 M;UN;832.82
MATERIAL;34635;GABIAO TIPO CAIXA PARA SOLO REFORCADO, MALHA HEXAGONAL DE DUPLA TORCAO 8 X 10 CM (ZN/AL REVESTIDO COM POLIMERO), FIO 2,7 MM, DIMENSOES 2,0 X 1,0 X 1,0 M, COM CAUDA DE 3,0 M;UN;1070.97
MATERIAL;34633;GABIAO TIPO CAIXA PARA SOLO REFORCADO, MALHA HEXAGONAL DE DUPLA TORCAO 8 X 10 CM (ZN/AL REVESTIDO COM POLIMERO), FIO 2,7 MM, DIMENSOES 2,0 X 1,0 X 1,0 M, COM CAUDA DE 4,0 M;UN;1180.49
MATERIAL;40449;GABIAO TIPO CAIXA TRAPEZOIDAL, MALHA HEXAGONAL 10 X 12 CM (ZN/AL REVESTIDO COM POLIMERO) FIO 2,7 MM, FACE COM 65 GRAUS, COM GEOSSINTETICO, DIMENSOES 2,0 X 1,5 X 1,0 M (C X L X A);M3;323.71
MATERIAL;11592;GABIAO TIPO CAIXA, MALHA HEXAGONAL 8 X 10 CM (ZN/AL REVESTIDO COM POLIMERO), FIO 2,4 MM, DIMENSOES 2,0 X 1,0 X 0,5 M (C X L X A);UN;579.04
MATERIAL;34800;GABIAO TIPO CAIXA, MALHA HEXAGONAL 8 X 10 CM (ZN/AL REVESTIDO COM POLIMERO), FIO DE 2,4 MM, DIMENSOES 2,0 X 1,0 X 1,0 M (C X L X A);M3;404.8
MATERIAL;11596;GABIAO TIPO CAIXA, MALHA HEXAGONAL 8 X 10 CM (ZN/AL), FIO 2,7 MM, DIMENSOES 2,0 X 1,0 X 0,5 M (C X L X A);UN;459.84
MATERIAL;40438;GABIAO TIPO CAIXA, MALHA HEXAGONAL 8 X 10 CM (ZN/AL), FIO DE 2,7 MM, DIMENSOES 2,0 X 1,0 X 1,0 M (C X L X A);M3;269.69
MATERIAL;40436;GABIAO TIPO CAIXA, MALHA HEXAGONAL 8 X 10 CM (ZN/AL), FIO DE 2,7 MM, DIMENSOES 5,0 X 1,0 X 1,0 M (C X L X A);M3;336.28
MATERIAL;4315;"GANCHO CHATO EM ACO GALVANIZADO, L = 110 MM, RECOBRIMENTO = 100MM, SECAO 1/8 X 1/2"" (3 MM X 12 MM), PARA FIXAR TELHA DE FIBROCIMENTO ONDULADA";UN;2.12
MATERIAL;402;GANCHO OLHAL EM ACO GALVANIZADO, ESPESSURA 16MM, ABERTURA 21MM;UN;12.11
MATERIAL;4226;GAS DE COZINHA - GLP;KG;8.94
MATERIAL;4222;GASOLINA COMUM;L;6.43
MATERIAL;34804;GEOGRELHA TECIDA COM FILAMENTOS DE POLIESTER + PVC, RESISTENCIA LONGITUDINAL: 90 KN/M, RESISTENCIA TRANSVERSAL: 30 KN/M, ALONGAMENTO = 12 POR CENTO;M2;48.88
MATERIAL;4013;GEOTEXTIL NAO TECIDO AGULHADO DE FILAMENTOS CONTINUOS 100% POLIESTER, RESITENCIA A TRACAO = 09 KN/M;M2;7.53
MATERIAL;4011;GEOTEXTIL NAO TECIDO AGULHADO DE FILAMENTOS CONTINUOS 100% POLIESTER, RESITENCIA A TRACAO = 10 KN/M;M2;8.41
MATERIAL;4021;GEOTEXTIL NAO TECIDO AGULHADO DE FILAMENTOS CONTINUOS 100% POLIESTER, RESITENCIA A TRACAO = 14 KN/M;M2;10.49
MATERIAL;4019;GEOTEXTIL NAO TECIDO AGULHADO DE FILAMENTOS CONTINUOS 100% POLIESTER, RESITENCIA A TRACAO = 16 KN/M;M2;12.6
MATERIAL;4012;GEOTEXTIL NAO TECIDO AGULHADO DE FILAMENTOS CONTINUOS 100% POLIESTER, RESITENCIA A TRACAO = 21 KN/M;M2;16.88
MATERIAL;4020;GEOTEXTIL NAO TECIDO AGULHADO DE FILAMENTOS CONTINUOS 100% POLIESTER, RESITENCIA A TRACAO = 26 KN/M;M2;21.14
MATERIAL;4018;GEOTEXTIL NAO TECIDO AGULHADO DE FILAMENTOS CONTINUOS 100% POLIESTER, RESITENCIA A TRACAO = 31 KN/M;M2;25.32
EQUIPAMENTO (AQUISIÇÃO);36498;GERADOR PORTATIL MONOFASICO, POTENCIA 5500 VA, MOTOR A GASOLINA, POTENCIA DO MOTOR 13 CV;UN;6736.99
MAO DE OBRA;12872;GESSEIRO (HORISTA);H;27.39
MAO DE OBRA;41075;GESSEIRO (MENSALISTA);MES;4797.83
MATERIAL;44324;GESSO COLA, EM PO, PARA FIXACAO DE MOLDURAS, SANCAS E BLOCOS DE GESSO;KG;2.84
MATERIAL;3315;GESSO EM PO PARA REVESTIMENTOS/MOLDURAS/SANCAS E USO GERAL;KG;0.82
MATERIAL;36870;GESSO PROJETADO;KG;0.63
MATERIAL;5092;GONZO DE EMBUTIR, EM LATAO / ZAMAC, *20 X 48* MM, PARA JANELA BASCULANTE / PIVOTANTE, JOGO COM 4 PECAS (PAR) - INCLUI PARAFUSOS;PAR;17.61
MATERIAL;11462;GONZO DE SOBREPOR, EM LATAO / ZAMAC, PARA JANELA PIVOTANTE - INCLUI PARAFUSOS;PAR;18.01
EQUIPAMENTO (AQUISIÇÃO);36529;"GRADE DE DISCOS COM CONTROLE REMOTO, REBOCAVEL, COM 24 DISCOS 24"" X 6 MM, COM PNEUS PARA TRANSPORTE";UN;65051.02
EQUIPAMENTO (AQUISIÇÃO);3318;"GRADE DE DISCOS MECANICA 20X24"" COM 20 DISCOS 24"" X 6MM COM PNEUS PARA TRANSPORTE";UN;51000
MATERIAL;3324;GRAMA BATATAIS EM PLACAS, SEM PLANTIO;M2;13.53
MATERIAL;3322;GRAMA ESMERALDA OU SAO CARLOS OU CURITIBANA, EM PLACAS, SEM PLANTIO;M2;18.95
MATERIAL;5076;"GRAMPO DE ACO POLIDO 1"" X 9";KG;12
MATERIAL;5077;"GRAMPO DE ACO POLIDO 7/8"" X 9";KG;13.26
MATERIAL;45242;"GRAMPO DE APERTO RAPIDO 18""";UN;63.98
MATERIAL;11837;GRAMPO LINHA VIVA DE LATAO ESTANHADO, DIAMETRO DO CONDUTOR PRINCIPAL DE 10 A 120 MM2, DIAMETRO DA DERIVACAO DE 10 A 70 MM2;UN;70.81
MATERIAL;415;"GRAMPO METALICO TIPO OLHAL PARA HASTE DE ATERRAMENTO DE 1"", CONDUTOR DE *10* A 50 MM2";UN;29.03
MATERIAL;38055;"GRAMPO METALICO TIPO OLHAL PARA HASTE DE ATERRAMENTO DE 1/2"", CONDUTOR DE *10* A 50 MM2";UN;6.42
MATERIAL;416;"GRAMPO METALICO TIPO OLHAL PARA HASTE DE ATERRAMENTO DE 3/4"", CONDUTOR DE *10* A 50 MM2";UN;10.63
MATERIAL;425;"GRAMPO METALICO TIPO OLHAL PARA HASTE DE ATERRAMENTO DE 5/8"", CONDUTOR DE *10* A 50 MM2";UN;6.59
MATERIAL;426;"GRAMPO METALICO TIPO U PARA HASTE DE ATERRAMENTO DE ATE 3/4"", CONDUTOR DE 10 A 25 MM2";UN;36.29
MATERIAL;38056;"GRAMPO METALICO TIPO U PARA HASTE DE ATERRAMENTO DE ATE 5/8"", CONDUTOR DE 10 A 25 MM2";UN;35.44
MATERIAL;1564;GRAMPO PARALELO METALICO PARA CABO DE 6 A 50 MM2, COM 2 PARAFUSOS;UN;13.52
MATERIAL;11032;"GRAMPO U DE 5/8"" N8 EM ACO GALVANIZADO";UN;11.96
MATERIAL;36786;GRANALHA DE ACO, ANGULAR (GRIT), PARA JATEAMENTO, PENEIRA 0,117 A 1,00 MM, (SAE G-40 A G-80);SC25KG;136.94
MATERIAL;36785;GRANALHA DE ACO, ANGULAR (GRIT), PARA JATEAMENTO, PENEIRA 1,41 A 1,19 MM (SAE G16);SC25KG;119
MATERIAL;36782;GRANALHA DE ACO, ESFERICA (SHOT), PARA JATEAMENTO, PENEIRA 0,40 A 1,00 MM (SAE S-170 A S-280);SC25KG;142.04
MATERIAL;44481;GRANALHA DE ACO, ESFERICA (SHOT), PARA JATEAMENTO, PENEIRA 1,19 A 1,00 MM (SAE S390);SC25KG;160
MATERIAL;4824;GRANILHA/ GRANA/ PEDRISCO OU AGREGADO EM MARMORE/ GRANITO/ QUARTZO E CALCARIO, PRETO, CINZA, PALHA OU BRANCO;KG;0.8
MATERIAL;11795;GRANITO PARA BANCADA, POLIDO, TIPO ANDORINHA/ QUARTZ/ CASTELO/ CORUMBA OU OUTROS EQUIVALENTES DA REGIAO, E= *2,5* CM;M2;671.69
MATERIAL;134;GRAUTE CIMENTICIO PARA USO GERAL;KG;1.63
MATERIAL;4229;GRAXA LUBRIFICANTE A BASE DE LITIO, DE MULTIPLAS APLICACOES E CONTENDO ADITIVOS DE EXTREMA PRESSAO (GRAU DE VISCOSIDADE NLGI 2);KG;49.01
MATERIAL;11731;GRELHA FIXA, EM PVC BRANCA, QUADRADA, 150 X 150 MM, PARA RALOS E CAIXAS;UN;11.94
MATERIAL;11732;GRELHA FIXA, PVC CROMADA, REDONDA, 150 MM, PARA RALOS E CAIXAS;UN;31.28
MATERIAL;11244;GRELHA FOFO ARTICULADA, CARGA MAXIMA 1,5 T, *300 X 1000* MM, E= *15* MM;UN;237.7
MATERIAL;11235;GRELHA FOFO SIMPLES COM REQUADRO, CARGA MAXIMA 1,5 T, 150 X 1000 MM, E= *15* MM;UN;181.39
MATERIAL;11236;GRELHA FOFO SIMPLES COM REQUADRO, CARGA MAXIMA 1,5 T, 200 X 1000 MM, E= *15* MM;UN;230.52
MATERIAL;11245;GRELHA FOFO SIMPLES COM REQUADRO, CARGA MAXIMA 12,5 T, *300 X 1000* MM, E= *15* MM, AREA ESTACIONAMENTO CARRO PASSEIO;UN;328.77
EQUIPAMENTO (AQUISIÇÃO);36494;GRUA ASCENCIONAL, LANCA DE 30 M, CAPACIDADE DE 1,0 T A 30 M, ALTURA ATE 39 M;UN;740761.71
EQUIPAMENTO (AQUISIÇÃO);36493;GRUA ASCENCIONAL, LANCA DE 42 M, CAPACIDADE DE 1,5 T A 30 M, ALTURA ATE 39 M;UN;839252.93
EQUIPAMENTO (AQUISIÇÃO);13333;GRUPO GERADOR DE SOLDA ELETRICA, COM MAQUINA DE SOLDA, ATE 400 AMPERES E GERADOR A DIESEL 60 CV, MOTOR 4 CILINDROS, TANQUE COMBUST., CARENAGEM DE PROTECAO SOBRE RODAS;UN;186562.68
EQUIPAMENTO (AQUISIÇÃO);39588;GRUPO GERADOR DIESEL, COM CARENAGEM, POTENCIA STANDART ENTRE 250 E 260 KVA, VELOCIDADE DE 1800 RPM, FREQUENCIA DE 60 HZ;UN;199262.95
EQUIPAMENTO (AQUISIÇÃO);14254;GRUPO GERADOR DIESEL, SEM CARENAGEM, POTENCIA STANDART ENTRE 80 E 90 KVA, VELOCIDADE DE 1800 RPM, FREQUENCIA DE 60 HZ;UN;97820
EQUIPAMENTO (AQUISIÇÃO);25019;GRUPO GERADOR ESTACIONARIO, MOTOR DIESEL POTENCIA 170 KVA;UN;140021.51
EQUIPAMENTO (AQUISIÇÃO);36501;GRUPO GERADOR ESTACIONARIO, POTENCIA 150 KVA, MOTOR DIESEL;UN;124667.4
EQUIPAMENTO (AQUISIÇÃO);36500;GRUPO GERADOR REBOCAVEL, POTENCIA *66* KVA, MOTOR A DIESEL;UN;88099.04
MATERIAL;20017;GUARNICAO / ALIZAR / VISTA LISA EM MADEIRA MACICA, PARA PORTA, E = *1* CM, L = *5* CM, CEDRINHO / ANGELIM COMERCIAL / TAURI/ CURUPIXA / PEROBA / CUMARU OU EQUIVALENTE DA REGIAO;M;8.72
MATERIAL;20007;GUARNICAO / ALIZAR / VISTA LISA EM MADEIRA MACICA, PARA PORTA, E = *1* CM, L = *5* CM, PINUS /EUCALIPTO / VIROLA OU EQUIVALENTE DA REGIAO;M;5.21
MATERIAL;39831;GUARNICAO / ALIZAR / VISTA, E = *1,5* CM, L = *5,0* CM, EM POLIESTIRENO, BRANCO (JOGO PARA 1 FACE);JG;326.26
MATERIAL;36888;GUARNICAO / MOLDURA / ARREMATE DE ACABAMENTO PARA ESQUADRIA, EM ALUMINIO PERFIL 25, ACABAMENTO ANODIZADO BRANCO OU BRILHANTE, PARA 1 FACE;M;29.47
MATERIAL;39836;GUARNICAO/ALIZAR/VISTA, E = *1,3* CM, L = *5,0* CM HASTE REGULAVEL = *35* MM, EM MDF/PVC WOOD/ POLIESTIRENO OU MADEIRA LAMINADA, PRIMER BRANCO (JOGO PARA 1 FACE);JG;286.68
MATERIAL;39830;GUARNICAO/ALIZAR/VISTA, E = *1,3* CM, L = *7,0* CM, EM POLIESTIRENO, BRANCO (JOGO PARA 1 FACE);JG;326.96
EQUIPAMENTO (AQUISIÇÃO);36487;GUINCHO ELETRICO DE COLUNA, CAPACIDADE 400 KG, COM MOTO FREIO, MOTOR TRIFASICO DE 1,25 CV;UN;3666.91
EQUIPAMENTO (AQUISIÇÃO);44475;GUINDASTE HIDRAULICO AUTOPROPELIDO, COM LANCA TELESCOPICA 28,80 M, CAPACIDADE MAXIMA 30 T, POTENCIA 97 KW, TRACAO 4 X 4;UN;1295335.74
EQUIPAMENTO (AQUISIÇÃO);44474;GUINDASTE HIDRAULICO AUTOPROPELIDO, COM LANCA TELESCOPICA 40 M, CAPACIDADE MAXIMA 60 T, POTENCIA 260 KW, TRACAO 6 X 6;UN;2491030.28
EQUIPAMENTO (AQUISIÇÃO);37775;GUINDAUTO HIDRAULICO, CAPACIDADE MAXIMA DE CARGA 14340 KG, MOMENTO MAXIMO DE CARGA 42,3 TM, ALCANCE MAXIMO HORIZONTAL 16,80 M, PARA MONTAGEM SOBRE CHASSI DE CAMINHAO PBT MINIMO 23000 KG (INCLUI MONTAGEM, NAO INCLUI CAMINHAO);UN;408789.06
EQUIPAMENTO (AQUISIÇÃO);10712;GUINDAUTO HIDRAULICO, CAPACIDADE MAXIMA DE CARGA 3300 KG, MOMENTO MAXIMO DE CARGA 5,8 TM, ALCANCE MAXIMO HORIZONTAL 7,60 M, PARA MONTAGEM SOBRE CHASSI DE CAMINHAO PBT MINIMO 8000 KG (INCLUI MONTAGEM, NAO INCLUI CAMINHAO);UN;102197.26
EQUIPAMENTO (AQUISIÇÃO);3363;GUINDAUTO HIDRAULICO, CAPACIDADE MAXIMA DE CARGA 6200 KG, MOMENTO MAXIMO DE CARGA 11,7 TM, ALCANCE MAXIMO HORIZONTAL 9,70 M, PARA MONTAGEM SOBRE CHASSI DE CAMINHAO PBT MINIMO 13000 KG (INCLUI MONTAGEM, NAO INCLUI CAMINHAO);UN;143750
EQUIPAMENTO (AQUISIÇÃO);3365;GUINDAUTO HIDRAULICO, CAPACIDADE MAXIMA DE CARGA 8500 KG, MOMENTO MAXIMO DE CARGA 30,4 TM, ALCANCE MAXIMO HORIZONTAL 14,30 M, PARA MONTAGEM SOBRE CHASSI DE CAMINHAO PBT MINIMO 23000 KG (INCLUI MONTAGEM, NAO INCLUI CAMINHAO);UN;336015.62
MATERIAL;7569;HASTE ANCORA EM ACO GALVANIZADO, DIMENSOES 16 MM X 2000 MM;UN;56.58
MATERIAL;3378;"HASTE DE ATERRAMENTO EM ACO COM 3,00 M DE COMPRIMENTO E DN = 3/4"", REVESTIDA COM BAIXA CAMADA DE COBRE, SEM CONECTOR";UN;102.78
MATERIAL;3380;"HASTE DE ATERRAMENTO EM ACO COM 3,00 M DE COMPRIMENTO E DN = 5/8"", REVESTIDA COM BAIXA CAMADA DE COBRE, COM CONECTOR TIPO GRAMPO";UN;71.95
MATERIAL;3379;"HASTE DE ATERRAMENTO EM ACO COM 3,00 M DE COMPRIMENTO E DN = 5/8"", REVESTIDA COM BAIXA CAMADA DE COBRE, SEM CONECTOR";UN;69.46
MATERIAL;11991;"HASTE DE ATERRAMENTO EM ACO GALVANIZADO TIPO CANTONEIRA COM 2,00 M DE COMPRIMENTO, 25 X 25 MM E CHAPA DE 3/16""";UN;80.65
EQUIPAMENTO (AQUISIÇÃO);44305;"HASTE PARA PERFURATRIZ DE ESTEIRA T38, D= 1 1/2"" X *3 M*, PARA PROLONGAR BROCA";UN;1911.39
MATERIAL;34349;HASTE RETA DE ACO GALVANIZADO, H = *30* CM, BASE RETANGULAR, PARA FIXACAO DE CONCERTINA SIMPLES DE 30 CM (NAO INCLUI OS FIXADORES);UN;27.77
MATERIAL;11029;"HASTE RETA PARA GANCHO DE FERRO GALVANIZADO, COM ROSCA 1/4"" X 30 CM PARA FIXACAO DE TELHA METALICA, INCLUI PORCA E ARRUELAS DE VEDACAO";CJ;1.83
MATERIAL;4316;"HASTE RETA PARA GANCHO DE FERRO GALVANIZADO, COM ROSCA 1/4"" X 40 CM PARA FIXACAO DE TELHA DE FIBROCIMENTO, INCLUI PORCA SEXTAVADA DE ZINCO";UN;1.85
MATERIAL;4313;"HASTE RETA PARA GANCHO DE FERRO GALVANIZADO, COM ROSCA 5/16"" X 35 CM PARA FIXACAO DE TELHA DE FIBROCIMENTO, INCLUI PORCA E ARRUELAS DE VEDACAO";CJ;2.66
MATERIAL;4317;"HASTE RETA PARA GANCHO DE FERRO GALVANIZADO, COM ROSCA 5/16"" X 40 CM PARA FIXACAO DE TELHA DE FIBROCIMENTO, INCLUI PORCA SEXTAVADA DE ZINCO";UN;3.03
MATERIAL;4314;"HASTE RETA PARA GANCHO DE FERRO GALVANIZADO, COM ROSCA 5/16"" X 45 CM PARA FIXACAO DE TELHA DE FIBROCIMENTO, INCLUI PORCA E ARRUELAS DE VEDACAO";CJ;3.54
MATERIAL;10921;HIDRANTE DE COLUNA COMPLETO, EM FERRO FUNDIDO, DN = 100 MM, COM REGISTRO, CUNHA DE BORRACHA, CURVA DESSIMETRICA, EXTREMIDADE E TAMPAS (INCLUI KIT FIXACAO);UN;5911
MATERIAL;10922;HIDRANTE DE COLUNA COMPLETO, EM FERRO FUNDIDO, DN = 75 MM, COM REGISTRO, CUNHA DE BORRACHA, CURVA DESSIMETRICA, EXTREMIDADE E TAMPAS (INCLUI KIT FIXACAO);UN;5354.03
MATERIAL;10923;HIDRANTE SUBTERRANEO, EM FERRO FUNDIDO, COM CURVA CURTA E CAIXA, DN 75 MM;UN;3164.46
MATERIAL;10924;HIDRANTE SUBTERRANEO, EM FERRO FUNDIDO, COM CURVA LONGA E CAIXA, DN 75 MM;UN;3332.79
MATERIAL;12772;"HIDROMETRO MULTIJATO / MEDIDOR DE AGUA, DN 1 1/2"", VAZAO MAXIMA DE 20 M3/H, PARA AGUA POTAVEL FRIA, RELOJOARIA PLANA, CLASSE B, HORIZONTAL (SEM CONEXOES)";UN;936.62
MATERIAL;12770;"HIDROMETRO MULTIJATO / MEDIDOR DE AGUA, DN 1"", VAZAO MAXIMA DE 10 M3/H, PARA AGUA POTAVEL FRIA, RELOJOARIA PLANA, CLASSE B, HORIZONTAL (SEM CONEXOES)";UN;563.56
MATERIAL;12775;"HIDROMETRO MULTIJATO / MEDIDOR DE AGUA, DN 1"", VAZAO MAXIMA DE 7 M3/H, PARA AGUA POTAVEL FRIA, RELOJOARIA PLANA, CLASSE B, HORIZONTAL (SEM CONEXOES)";UN;412.74
MATERIAL;12768;"HIDROMETRO MULTIJATO / MEDIDOR DE AGUA, DN 2"", VAZAO MAXIMA DE 30 M3/H, PARA AGUA POTAVEL FRIA, RELOJOARIA PLANA, CLASSE B, HORIZONTAL (SEM CONEXOES)";UN;1317.62
MATERIAL;12769;"HIDROMETRO UNIJATO / MEDIDOR DE AGUA, DN 1/2"", VAZAO MAXIMA DE 1,5 M3/H, PARA AGUA POTAVEL FRIA, RELOJOARIA PLANA, CLASSE B, HORIZONTAL (SEM CONEXOES)";UN;107.95
MATERIAL;12773;"HIDROMETRO UNIJATO / MEDIDOR DE AGUA, DN 1/2"", VAZAO MAXIMA DE 3 M3/H, PARA AGUA POTAVEL FRIA, RELOJOARIA PLANA, CLASSE B, HORIZONTAL (SEM CONEXOES)";UN;115.88
MATERIAL;12774;"HIDROMETRO UNIJATO / MEDIDOR DE AGUA, DN 3/4"", VAZAO MAXIMA DE 5 M3/H, PARA AGUA POTAVEL FRIA, RELOJOARIA PLANA, CLASSE B, HORIZONTAL (SEM CONEXOES)0,";UN;142.87
MATERIAL;12776;"HIDROMETRO WOLTMANN, DN 2"", VAZAO MAXIMA DE 50 M3/H, PARA AGUA POTAVEL FRIA, RELOJOARIA PLANA, TURBINA HORIZONTAL, EQUIPADO COM TELEMETRIA (SEM CONEXOES)";UN;2127.25
MATERIAL;12777;"HIDROMETRO WOLTMANN, DN 3"", VAZAO MAXIMA DE 80 M3/H, PARA AGUA POTAVEL FRIA, RELOJOARIA PLANA, TURBINA HORIZONTAL, EQUIPADO COM TELEMETRIA (SEM CONEXOES)";UN;2778.12
MAO DE OBRA;12873;IMPERMEABILIZADOR (HORISTA);H;27.39
MAO DE OBRA;41076;IMPERMEABILIZADOR (MENSALISTA);MES;4797.83
MATERIAL;140;IMPERMEABILIZANTE FLEXIVEL BRANCO DE BASE ACRILICA PARA COBERTURAS;KG;18.22
MATERIAL;151;IMPERMEABILIZANTE INCOLOR, BASE SILICONE, PARA TRATAMENTO DE FACHADAS, TELHAS, PEDRAS E OUTRAS SUPERFICIES;L;26.89
MATERIAL;7340;IMUNIZANTE PARA MADEIRA, INCOLOR;L;28.97
MAO DE OBRA;40929;INSTALADOR DE TUBULACOES (TUBOS/EQUIPAMENTOS) (MENSALISTA);MES;6112.59
MAO DE OBRA;2701;INSTALADOR DE TUBULACOES - TUBOS/EQUIPAMENTOS (HORISTA);H;34.89
MATERIAL;38064;"INTERRUPTOR BIPOLAR 10A, 250V, CONJUNTO MONTADO PARA EMBUTIR 4"" X 2"" (PLACA + SUPORTE + MODULO)";UN;21.45
MATERIAL;38114;INTERRUPTOR BIPOLAR SIMPLES 10 A, 250 V (APENAS MODULO);UN;19.18
MATERIAL;38115;INTERRUPTOR INTERMEDIARIO 10 A, 250 V (APENAS MODULO);UN;20.48
MATERIAL;38065;"INTERRUPTOR INTERMEDIARIO 10A, 250V, CONJUNTO MONTADO PARA EMBUTIR 4"" X 2"" (PLACA + SUPORTE + MODULO)";UN;30.43
MATERIAL;38078;"INTERRUPTOR PARALELO + TOMADA 2P+T 10A, 250V, CONJUNTO MONTADO PARA EMBUTIR 4"" X 2"" (PLACA + SUPORTE + MODULOS)";UN;17.75
MATERIAL;38113;INTERRUPTOR PARALELO 10A, 250V (APENAS MODULO);UN;9.64
MATERIAL;38063;"INTERRUPTOR PARALELO 10A, 250V, CONJUNTO MONTADO PARA EMBUTIR 4"" X 2"" (PLACA + SUPORTE + MODULO)";UN;10.34
MATERIAL;38073;"INTERRUPTOR SIMPLES + 2 INTERRUPTORES PARALELOS 10A, 250V, CONJUNTO MONTADO PARA EMBUTIR 4"" X 2"" (PLACA + SUPORTE + MODULOS)";UN;25.1
MATERIAL;38080;"INTERRUPTOR SIMPLES + INTERRUPTOR PARALELO + TOMADA 2P+T 10A, 250V, CONJUNTO MONTADO PARA EMBUTIR 4"" X 2"" (PLACA + SUPORTE + MODULOS)";UN;30.83
MATERIAL;38069;"INTERRUPTOR SIMPLES + INTERRUPTOR PARALELO 10A, 250V, CONJUNTO MONTADO PARA EMBUTIR 4"" X 2"" (PLACA + SUPORTE + MODULOS)";UN;16.86
MATERIAL;38077;"INTERRUPTOR SIMPLES + TOMADA 2P+T 10A, 250V, CONJUNTO MONTADO PARA EMBUTIR 4"" X 2"" (PLACA + SUPORTE + MODULOS)";UN;16.48
MATERIAL;38112;INTERRUPTOR SIMPLES 10A, 250V (APENAS MODULO);UN;7.4
MATERIAL;38062;"INTERRUPTOR SIMPLES 10A, 250V, CONJUNTO MONTADO PARA EMBUTIR 4"" X 2"" (PLACA + SUPORTE + MODULO)";UN;7.6
MATERIAL;12129;"INTERRUPTOR SIMPLES 10A, 250V, CONJUNTO MONTADO PARA SOBREPOR 4"" X 2"" (CAIXA + 2 MODULOS)";UN;13.42
MATERIAL;12128;"INTERRUPTOR SIMPLES 10A, 250V, CONJUNTO MONTADO PARA SOBREPOR 4"" X 2"" (CAIXA + MODULO)";UN;10.16
MATERIAL;38081;"INTERRUPTORES PARALELOS (2 MODULOS) + TOMADA 2P+T 10A, 250V, CONJUNTO MONTADO PARA EMBUTIR 4"" X 2"" (PLACA + SUPORTE + MODULOS)";UN;26.15
MATERIAL;38070;"INTERRUPTORES PARALELOS (2 MODULOS) 10A, 250V, CONJUNTO MONTADO PARA EMBUTIR 4"" X 2"" (PLACA + SUPORTE + MODULOS)";UN;18.02
MATERIAL;38074;"INTERRUPTORES PARALELOS (3 MODULOS) 10A, 250V, CONJUNTO MONTADO PARA EMBUTIR 4"" X 2"" (PLACA + SUPORTE + MODULO)";UN;27.4
MATERIAL;38072;"INTERRUPTORES SIMPLES (2 MODULOS) + 1 INTERRUPTOR PARALELO 10A, 250V, CONJUNTO MONTADO PARA EMBUTIR 4"" X 2"" (PLACA + SUPORTE + MODULOS)";UN;22.6
MATERIAL;38079;"INTERRUPTORES SIMPLES (2 MODULOS) + TOMADA 2P+T 10A, 250V, CONJUNTO MONTADO PARA EMBUTIR 4"" X 2"" (PLACA + SUPORTE + MODULOS)";UN;23.52
MATERIAL;38068;"INTERRUPTORES SIMPLES (2 MODULOS) 10A, 250V, CONJUNTO MONTADO PARA EMBUTIR 4"" X 2"" (PLACA + SUPORTE + MODULOS)";UN;15.6
MATERIAL;38071;"INTERRUPTORES SIMPLES (3 MODULOS) 10A, 250V, CONJUNTO MONTADO PARA EMBUTIR 4"" X 2"" (PLACA + SUPORTE + MODULOS)";UN;18.65
EQUIPAMENTO (AQUISIÇÃO);45279;INVERSOR DE SOLDA MONOFASICO DE 160 A, POTENCIA DE *7000* W, TENSAO DE 220 V, TURBO VENTILADO, PROTECAO POR TERMOSTATO, PARA ELETRODOS DE *2,0 A 4,0* MM;UN;1039
MATERIAL;3405;ISOLADOR DE PORCELANA SUSPENSO, DISCO TIPO GARFO OLHAL, DIAMETRO DE 152 MM, PARA TENSAO DE *15* KV;UN;86.8
MATERIAL;3394;ISOLADOR DE PORCELANA, TIPO BUCHA, PARA TENSAO DE *15* KV;UN;458.21
MATERIAL;3393;ISOLADOR DE PORCELANA, TIPO BUCHA, PARA TENSAO DE *35* KV;UN;780.15
MATERIAL;3406;ISOLADOR DE PORCELANA, TIPO PINO MONOCORPO, PARA TENSAO DE *15* KV;UN;26.57
MATERIAL;3395;ISOLADOR DE PORCELANA, TIPO PINO MONOCORPO, PARA TENSAO DE *35* KV;UN;112.08
MATERIAL;3398;ISOLADOR DE PORCELANA, TIPO ROLDANA, DIMENSOES DE *72* X *72* MM, PARA USO EM BAIXA TENSAO;UN;5.32
MATERIAL;40662;JANELA BASCULANTE EM MADEIRA PINUS/ EUCALIPTO/ TAUARI/ VIROLA OU EQUIVALENTE DA REGIAO, *60 X 60*, CAIXA DO BATENTE/ MARCO E = *10* CM, 2 BASCULAS PARA VIDRO, COM FERRAGENS (SEM VIDRO, SEM GUARNICAO/ALIZAR E SEM ACABAMENTO);UN;216.4
MATERIAL;3437;JANELA BASCULANTE EM MADEIRA PINUS/ EUCALIPTO/ TAUARI/ VIROLA OU EQUIVALENTE DA REGIAO, CAIXA DO BATENTE/ MARCO *10* CM, *2* FOLHAS BASCULANTES PARA VIDRO, COM FERRAGENS (SEM VIDRO, SEM GUARNICAO/ALIZAR E SEM ACABAMENTO);M2;601.13
MATERIAL;11190;JANELA BASCULANTE, ACO, COM BATENTE/REQUADRO, 60 X 60 CM (SEM VIDROS);UN;153.7
MATERIAL;34377;JANELA BASCULANTE, EM ALUMINIO PERFIL 20, 80 X 60 CM (A X L), 4 FLS (1 FIXA E 3 MOVEIS), ACABAMENTO BRANCO OU BRILHANTE, BATENTE DE 3 A 4 CM, COM VIDRO 4 MM, SEM GUARNICAO;UN;207.53
MATERIAL;40659;JANELA DE 6 FOLHAS DE CORRER EM MADEIRA CEDRINHO/ ANGELIM COMERCIAL/ CURUPIXA/ CUMARU OU EQUIVALENTE DA REGIAO, CAIXA DO BATENTE/MARCO *10* CM, 2 FOLHAS DE CORRER VENEZIANA, 2 FOLHAS FIXAS VENEZIANA E 2 FOLHAS DE CORRER PARA VIDRO, COM FERRAGENS (SEM VIDRO, SEM ACABAMENTO E SEM GUARNICAO/ALIZAR);M2;850.51
MATERIAL;40660;JANELA DE 6 FOLHAS DE CORRER EM MADEIRA IMBUIA/CEDRO ARANA/CEDRO ROSA OU EQUIVALENTE DA REGIAO, CAIXA DO BATENTE/MARCO *10* CM, 2 FOLHAS DE CORRER VENEZIANA, 2 FOLHAS FIXAS VENEZIANA E 2 FOLHAS DE CORRER PARA VIDRO, COM FERRAGENS (SEM VIDRO, SEM ACABAMENTO E SEM GUARNICAO/ALIZAR);M2;1077.92
MATERIAL;40661;JANELA DE 6 FOLHAS DE CORRER EM MADEIRA PINUS/ EUCALIPTO/ TAUARI/ VIROLA OU EQUIVALENTE DA REGIAO, CAIXA DO BATENTE/MARCO *10* CM, 2 FOLHAS DE CORRER VENEZIANA, 2 FOLHAS FIXAS VENEZIANA E 2 FOLHAS DE CORRER PARA VIDRO, COM FERRAGENS (SEM VIDRO, SEM ACABAMENTO E SEM GUARNICAO/ALIZAR);M2;662.73
MATERIAL;3428;JANELA DE ABRIR EM MADEIRA IMBUIA/CEDRO ARANA/CEDRO ROSA OU EQUIVALENTE DA REGIAO, CAIXA DO BATENTE/MARCO *10* CM, 2 FOLHAS DE ABRIR TIPO VENEZIANA E 2 FOLHAS DE ABRIR PARA VIDRO, COM GUARNICAO/ALIZAR, COM FERRAGENS, (SEM VIDRO E SEM ACABAMENTO);M2;891.67
MATERIAL;3429;JANELA DE ABRIR EM MADEIRA PINUS/EUCALIPTO/TAUARI/VIROLA OU EQUIVALENTE DA REGIAO, CAIXA DO BATENTE/MARCO *10* CM, 2 FOLHAS DE ABRIR TIPO VENEZIANA E 2 FOLHAS GUILHOTINA PARA VIDRO, COM FERRAGENS (SEM VIDRO, SEM GUARNICAO/ALIZAR E SEM ACABAMENTO);M2;509.45
MATERIAL;11199;JANELA DE CORRER, ACO, BATENTE/REQUADRO DE 6 A 14 CM, COM DIVISAO HORIZ, PINT ANTICORROSIVA, SEM VIDRO, BANDEIRA COM BASCULA, 4 FLS, 120 X 150 CM (A X L);UN;848.85
MATERIAL;36896;JANELA DE CORRER, EM ALUMINIO PERFIL 25, 100 X 120 CM (A X L), 2 FLS MOVEIS, SEM BANDEIRA, ACABAMENTO BRANCO OU BRILHANTE, BATENTE DE 6 A 7 CM, COM VIDRO 4 MM, SEM GUARNICAO;UN;401.95
MATERIAL;34367;JANELA DE CORRER, EM ALUMINIO PERFIL 25, 100 X 150 CM (A X L), 2 FLS MOVEIS, SEM BANDEIRA, ACABAMENTO BRANCO OU BRILHANTE, BATENTE DE 6 A 7 CM, COM VIDRO 4 MM, SEM GUARNICAO;UN;518.05
MATERIAL;36897;JANELA DE CORRER, EM ALUMINIO PERFIL 25, 100 X 150 CM (A X L), 4 FLS MOVEIS, SEM BANDEIRA, ACABAMENTO BRANCO OU BRILHANTE, BATENTE DE 6 A 7 CM, COM VIDRO 4 MM, SEM GUARNICAO/ALIZAR;UN;627.23
MATERIAL;34369;JANELA DE CORRER, EM ALUMINIO PERFIL 25, 100 X 200 CM (A X L), 4 FLS, SEM BANDEIRA, ACABAMENTO BRANCO OU BRILHANTE, BATENTE DE 6 A 7 CM, COM VIDRO 4 MM, SEM GUARNICAO/ALIZAR;UN;721.83
MATERIAL;34364;JANELA DE CORRER, EM ALUMINIO PERFIL 25, 120 X 150 CM (A X L), 4 FLS, BANDEIRA COM BASCULA, ACABAMENTO BRANCO OU BRILHANTE, BATENTE/REQUADRO DE 6 A 14 CM, COM VIDRO 4 MM, SEM GUARNICAO/ALIZAR;UN;680.96
MATERIAL;3421;JANELA EM MADEIRA CEDRINHO/ ANGELIM COMERCIAL/ CURUPIXA/ CUMARU OU EQUIVALENTE DA REGIAO, CAIXA DO BATENTE/MARCO *10* CM, 2 FOLHAS DE ABRIR TIPO VENEZIANA E 2 FOLHAS GUILHOTINA PARA VIDRO, COM GUARNICAO/ALIZAR, COM FERRAGENS (SEM VIDRO E SEM ACABAMENTO);M2;667.8
MATERIAL;599;JANELA FIXA, EM ALUMINIO PERFIL 20, 60 X 80 CM (A X L), BATENTE/REQUADRO DE 3 A 14 CM, COM VIDRO 4 MM, SEM GUARNICAO/ALIZAR, ACABAMENTO ALUM BRANCO OU BRILHANTE;M2;733.07
MATERIAL;44053;JANELA INTEGRADA VENEZIANA EM ALUMINIO PERFIL 25, 120 X 120 CM (A X L), 2 FLS (2 VIDROS) E VENEZIANA COM ACIONAMENTO MANUAL, SEM BANDEIRA, ACABAMENTO BRILHANTE, BATENTE DE 11,50 A 12,50 CM, COM VIDRO 4 MM, INCLUSO GUARNICAO;UN;1627.07
MATERIAL;3423;JANELA MAXIM-AR EM MADEIRA CEDRINHO/ ANGELIM COMERCIAL/ CURUPIXA/ CUMARU OU EQUIVALENTE DA REGIAO, CAIXA DO BATENTE/MARCO *10* CM, 1 FOLHA PARA VIDRO, COM GUARNICAO/ALIZAR, COM FERRAGENS, (SEM VIDRO E SEM ACABAMENTO);M2;941.76
MATERIAL;34797;JANELA MAXIM-AR, ACO GALVANIZADO PINT. ANTICORROSIVA, COM BATENTE/REQUADRO DE 6 A 14 CM, SEM VIDRO, COM GRADE, 1 FL, 60 X 80 CM (A X L);UN;334.78
MATERIAL;34381;JANELA MAXIM-AR, EM ALUMINIO PERFIL 25, 60 X 80 CM (A X L), ACABAMENTO BRANCO OU BRILHANTE, BATENTE DE 4 A 5 CM, COM VIDRO 4 MM, SEM GUARNICAO/ALIZAR;UN;296
MATERIAL;44054;JANELA VENEZIANA DE CORRER, EM ALUMINIO PERFIL 25, 100 X 120 CM (A X L), 3 FLS (2 VENEZIANAS E 1 VIDRO), SEM BANDEIRA, ACABAMENTO BRANCO OU BRILHANTE, BATENTE DE 8 A 9 CM, COM VIDRO 4 MM, SEM GUARNICAO/ALIZAR;UN;583.69
MATERIAL;44399;JANELA VENEZIANA DE CORRER, EM ALUMINIO PERFIL 25, 100 X 150 CM (A X L), 6 FLS (4 VENEZIANAS E 2 VIDROS), SEM BANDEIRA, ACABAMENTO BRANCO OU BRILHANTE, BATENTE DE 8 A 9 CM, COM VIDRO 4 MM, SEM GUARNICAO / ALIZAR;UN;797.51
MAO DE OBRA;44503;JARDINEIRO (HORISTA);H;24.12
MAO DE OBRA;41077;JARDINEIRO (MENSALISTA);MES;4227.08
MATERIAL;37963;JOELHO CPVC, SOLDAVEL, 45 GRAUS, 15 MM, PARA AGUA QUENTE;UN;4.65
MATERIAL;37964;JOELHO CPVC, SOLDAVEL, 45 GRAUS, 22 MM, PARA AGUA QUENTE;UN;6.21
MATERIAL;37965;JOELHO CPVC, SOLDAVEL, 45 GRAUS, 28 MM, PARA AGUA QUENTE;UN;8.96
MATERIAL;37966;JOELHO CPVC, SOLDAVEL, 45 GRAUS, 35 MM, PARA AGUA QUENTE;UN;15.74
MATERIAL;37967;JOELHO CPVC, SOLDAVEL, 45 GRAUS, 42 MM, PARA AGUA QUENTE;UN;26.45
MATERIAL;37968;JOELHO CPVC, SOLDAVEL, 45 GRAUS, 54 MM, PARA AGUA QUENTE;UN;56.15
MATERIAL;37969;JOELHO CPVC, SOLDAVEL, 45 GRAUS, 73 MM, PARA AGUA QUENTE;UN;141.89
MATERIAL;37970;JOELHO CPVC, SOLDAVEL, 45 GRAUS, 89 MM, PARA AGUA QUENTE;UN;205.28
MATERIAL;44251;JOELHO CPVC, SOLDAVEL, 90 GRAUS, 114 MM, PARA AGUA QUENTE;UN;237.11
MATERIAL;21118;JOELHO CPVC, SOLDAVEL, 90 GRAUS, 15 MM, PARA AGUA QUENTE;UN;3.69
MATERIAL;37956;JOELHO CPVC, SOLDAVEL, 90 GRAUS, 22 MM, PARA AGUA QUENTE;UN;4.54
MATERIAL;37957;JOELHO CPVC, SOLDAVEL, 90 GRAUS, 28 MM, PARA AGUA QUENTE;UN;9.65
MATERIAL;37958;JOELHO CPVC, SOLDAVEL, 90 GRAUS, 35 MM, PARA AGUA QUENTE;UN;17.45
MATERIAL;37959;JOELHO CPVC, SOLDAVEL, 90 GRAUS, 42 MM, PARA AGUA QUENTE;UN;26.87
MATERIAL;37960;JOELHO CPVC, SOLDAVEL, 90 GRAUS, 54 MM, PARA AGUA QUENTE;UN;68.65
MATERIAL;37961;JOELHO CPVC, SOLDAVEL, 90 GRAUS, 73 MM, PARA AGUA QUENTE;UN;147.55
MATERIAL;37962;JOELHO CPVC, SOLDAVEL, 90 GRAUS, 89 MM, PARA AGUA QUENTE;UN;170.1
MATERIAL;3533;JOELHO DE REDUCAO, PVC SOLDAVEL, 90 GRAUS, 25 MM X 20 MM, COR MARROM, PARA AGUA FRIA PREDIAL;UN;3.44
MATERIAL;3538;JOELHO DE REDUCAO, PVC SOLDAVEL, 90 GRAUS, 32 MM X 25 MM, COR MARROM, PARA AGUA FRIA PREDIAL;UN;6.51
MATERIAL;3498;"JOELHO DE REDUCAO, PVC, ROSCAVEL, 90 GRAUS, 1"" X 3/4"", COR BRANCA, PARA AGUA FRIA PREDIAL";UN;6.31
MATERIAL;3496;"JOELHO DE REDUCAO, PVC, ROSCAVEL, 90 GRAUS, 3/4"" X 1/2"", COR BRANCA, PARA AGUA FRIA PREDIAL";UN;4.22
MATERIAL;38429;"JOELHO DE TRANSICAO, CPVC, SOLDAVEL, 90 GRAUS, 15 MM X 1/2"", PARA AGUA QUENTE";UN;12.56
MATERIAL;38431;"JOELHO DE TRANSICAO, CPVC, SOLDAVEL, 90 GRAUS, 22 MM X 1/2"", PARA AGUA QUENTE";UN;15.76
MATERIAL;38430;"JOELHO DE TRANSICAO, CPVC, SOLDAVEL, 90 GRAUS, 22 MM X 3/4"", PARA AGUA QUENTE";UN;24.43
MATERIAL;36348;JOELHO PPR 45 GRAUS, SOLDAVEL, F/F, DN 20 MM, PARA AGUA QUENTE PREDIAL;UN;2.55
MATERIAL;36349;JOELHO PPR 45 GRAUS, SOLDAVEL, F/F, DN 25 MM, PARA AGUA QUENTE PREDIAL;UN;3.52
MATERIAL;38987;JOELHO PPR 45 GRAUS, SOLDAVEL, F/F, DN 40 MM, PARA AQUA QUENTE E FRIA PREDIAL;UN;16.93
MATERIAL;38988;JOELHO PPR 45 GRAUS, SOLDAVEL, F/F, DN 50 MM, PARA AQUA QUENTE E FRIA PREDIAL;UN;27.59
MATERIAL;38989;JOELHO PPR 45 GRAUS, SOLDAVEL, F/F, DN 63 MM, PARA AQUA QUENTE E FRIA PREDIAL;UN;46.42
MATERIAL;38990;JOELHO PPR 45 GRAUS, SOLDAVEL, F/F, DN 75 MM, PARA AQUA QUENTE E FRIA PREDIAL;UN;92.76
MATERIAL;38991;JOELHO PPR 45 GRAUS, SOLDAVEL, F/F, DN 90 MM, PARA AQUA QUENTE E FRIA PREDIAL;UN;166.91
MATERIAL;38433;JOELHO PPR, 45 GRAUS, SOLDAVEL, F/F, DN 32 MM, PARA AGUA QUENTE PREDIAL;UN;8.63
MATERIAL;38440;JOELHO PPR, 90 GRAUS, SOLDAVEL, F/F, DN 110 MM, PARA AGUA QUENTE PREDIAL;UN;363.76
MATERIAL;36359;JOELHO PPR, 90 GRAUS, SOLDAVEL, F/F, DN 20 MM, PARA AGUA QUENTE PREDIAL;UN;2.27
MATERIAL;36360;JOELHO PPR, 90 GRAUS, SOLDAVEL, F/F, DN 25 MM, PARA AGUA QUENTE PREDIAL;UN;3.05
MATERIAL;38434;JOELHO PPR, 90 GRAUS, SOLDAVEL, F/F, DN 32 MM, PARA AGUA QUENTE PREDIAL;UN;4.65
MATERIAL;38435;JOELHO PPR, 90 GRAUS, SOLDAVEL, F/F, DN 40 MM, PARA AGUA QUENTE PREDIAL;UN;10.46
MATERIAL;38436;JOELHO PPR, 90 GRAUS, SOLDAVEL, F/F, DN 50 MM, PARA AGUA QUENTE PREDIAL;UN;17.34
MATERIAL;38437;JOELHO PPR, 90 GRAUS, SOLDAVEL, F/F, DN 63 MM, PARA AGUA QUENTE PREDIAL;UN;28.13
MATERIAL;38438;JOELHO PPR, 90 GRAUS, SOLDAVEL, F/F, DN 75 MM, PARA AGUA QUENTE PREDIAL;UN;81.6
MATERIAL;38439;JOELHO PPR, 90 GRAUS, SOLDAVEL, F/F, DN 90 MM, PARA AGUA QUENTE PREDIAL;UN;103.7
MATERIAL;10836;JOELHO PVC COM VISITA, 90 GRAUS, DN 100 X 50 MM, SERIE NORMAL, PARA ESGOTO PREDIAL;UN;27
MATERIAL;3510;"JOELHO PVC, 90 GRAUS, ROSCAVEL, 1 1/4"", COR BRANCA, AGUA FRIA PREDIAL";UN;15.84
MATERIAL;10835;JOELHO PVC, COM BOLSA E ANEL, 90 GRAUS, DN 40 X *38* MM, SERIE NORMAL, PARA ESGOTO PREDIAL;UN;7.54
MATERIAL;3485;"JOELHO PVC, ROSCAVEL, 45 GRAUS, 1"", COR BRANCA, PARA AGUA FRIA PREDIAL";UN;16.66
MATERIAL;3475;"JOELHO PVC, ROSCAVEL, 45 GRAUS, 1/2"", COR BRANCA, PARA AGUA FRIA PREDIAL";UN;6.03
MATERIAL;3534;"JOELHO PVC, ROSCAVEL, 45 GRAUS, 3/4"", COR BRANCA, PARA AGUA FRIA PREDIAL";UN;9.55
MATERIAL;3482;"JOELHO PVC, ROSCAVEL, 90 GRAUS, 1"", COR BRANCA, PARA AGUA FRIA PREDIAL";UN;6.83
MATERIAL;3543;"JOELHO PVC, ROSCAVEL, 90 GRAUS, 1/2"", COR BRANCA, PARA AGUA FRIA PREDIAL";UN;2.22
MATERIAL;3505;"JOELHO PVC, ROSCAVEL, 90 GRAUS, 3/4"", COR BRANCA, PARA AGUA FRIA PREDIAL";UN;3.3
MATERIAL;3521;"JOELHO PVC, SOLDAVEL COM ROSCA, 90 GRAUS, 20 MM X 1/2"", COR MARROM, PARA AGUA FRIA PREDIAL";UN;2.48
MATERIAL;3531;"JOELHO PVC, SOLDAVEL COM ROSCA, 90 GRAUS, 25 MM X 1/2"", COR MARROM, PARA AGUA FRIA PREDIAL";UN;4.73
MATERIAL;3522;"JOELHO PVC, SOLDAVEL COM ROSCA, 90 GRAUS, 25 MM X 3/4"", COR MARROM, PARA AGUA FRIA PREDIAL";UN;3.05
MATERIAL;3527;"JOELHO PVC, SOLDAVEL COM ROSCA, 90 GRAUS, 32 MM X 3/4"", COR MARROM, PARA AGUA FRIA PREDIAL";UN;16.05
MATERIAL;3530;JOELHO PVC, SOLDAVEL, 90 GRAUS, 110 MM, COR MARROM, PARA AGUA FRIA PREDIAL;UN;259.95
MATERIAL;3542;JOELHO PVC, SOLDAVEL, 90 GRAUS, 20 MM, COR MARROM, PARA AGUA FRIA PREDIAL;UN;0.74
MATERIAL;3529;JOELHO PVC, SOLDAVEL, 90 GRAUS, 25 MM, COR MARROM, PARA AGUA FRIA PREDIAL;UN;0.91
MATERIAL;3536;JOELHO PVC, SOLDAVEL, 90 GRAUS, 32 MM, COR MARROM, PARA AGUA FRIA PREDIAL;UN;3.05
MATERIAL;3535;JOELHO PVC, SOLDAVEL, 90 GRAUS, 40 MM, COR MARROM, PARA AGUA FRIA PREDIAL;UN;7.42
MATERIAL;3540;JOELHO PVC, SOLDAVEL, 90 GRAUS, 50 MM, COR MARROM, PARA AGUA FRIA PREDIAL;UN;6.28
MATERIAL;3539;JOELHO PVC, SOLDAVEL, 90 GRAUS, 60 MM, COR MARROM, PARA AGUA FRIA PREDIAL;UN;36.38
MATERIAL;3513;JOELHO PVC, SOLDAVEL, 90 GRAUS, 85 MM, COR MARROM, PARA AGUA FRIA PREDIAL;UN;128.29
MATERIAL;3516;JOELHO PVC, SOLDAVEL, BB, 45 GRAUS, DN 40 MM, PARA ESGOTO PREDIAL;UN;3.11
MATERIAL;3517;JOELHO PVC, SOLDAVEL, BB, 90 GRAUS, SEM ANEL, DN 40 MM, PARA ESGOTO PREDIAL SECUNDARIO;UN;2.81
MATERIAL;3515;"JOELHO PVC, SOLDAVEL, COM BUCHA DE LATAO, 90 GRAUS, 20 MM X 1/2"", PARA AGUA FRIA PREDIAL";UN;8.19
MATERIAL;20147;"JOELHO PVC, SOLDAVEL, COM BUCHA DE LATAO, 90 GRAUS, 25 MM X 1/2"", PARA AGUA FRIA PREDIAL";UN;6.73
MATERIAL;3524;"JOELHO PVC, SOLDAVEL, COM BUCHA DE LATAO, 90 GRAUS, 25 MM X 3/4"", PARA AGUA FRIA PREDIAL";UN;10.13
MATERIAL;3532;"JOELHO PVC, SOLDAVEL, COM BUCHA DE LATAO, 90 GRAUS, 32 MM X 3/4"", PARA AGUA FRIA PREDIAL";UN;23.41
MATERIAL;3528;JOELHO PVC, SOLDAVEL, PB, 45 GRAUS, DN 100 MM, PARA ESGOTO PREDIAL;UN;12.16
MATERIAL;37952;JOELHO PVC, SOLDAVEL, PB, 45 GRAUS, DN 150 MM, PARA ESGOTO PREDIAL;UN;87.13
MATERIAL;37951;JOELHO PVC, SOLDAVEL, PB, 45 GRAUS, DN 40 MM, PARA ESGOTO PREDIAL;UN;3.28
MATERIAL;3518;JOELHO PVC, SOLDAVEL, PB, 45 GRAUS, DN 50 MM, PARA ESGOTO PREDIAL;UN;5.04
MATERIAL;3519;JOELHO PVC, SOLDAVEL, PB, 45 GRAUS, DN 75 MM, PARA ESGOTO PREDIAL;UN;10.54
MATERIAL;3520;JOELHO PVC, SOLDAVEL, PB, 90 GRAUS, DN 100 MM, PARA ESGOTO PREDIAL;UN;11.05
MATERIAL;37950;JOELHO PVC, SOLDAVEL, PB, 90 GRAUS, DN 150 MM, PARA ESGOTO PREDIAL;UN;80.21
MATERIAL;37949;JOELHO PVC, SOLDAVEL, PB, 90 GRAUS, DN 40 MM, PARA ESGOTO PREDIAL;UN;2.96
MATERIAL;3526;JOELHO PVC, SOLDAVEL, PB, 90 GRAUS, DN 50 MM, PARA ESGOTO PREDIAL;UN;4.07
MATERIAL;3509;JOELHO PVC, SOLDAVEL, PB, 90 GRAUS, DN 75 MM, PARA ESGOTO PREDIAL;UN;9.25
MATERIAL;20151;JOELHO, PVC SERIE R, 45 GRAUS, DN 100 MM, PARA ESGOTO PREDIAL;UN;27.17
MATERIAL;20152;JOELHO, PVC SERIE R, 45 GRAUS, DN 150 MM, PARA ESGOTO PREDIAL;UN;98.32
MATERIAL;20148;JOELHO, PVC SERIE R, 45 GRAUS, DN 40 MM, PARA ESGOTO PREDIAL;UN;5.34
MATERIAL;20149;JOELHO, PVC SERIE R, 45 GRAUS, DN 50 MM, PARA ESGOTO PREDIAL;UN;8.92
MATERIAL;20150;JOELHO, PVC SERIE R, 45 GRAUS, DN 75 MM, PARA ESGOTO PREDIAL;UN;23
MATERIAL;20157;JOELHO, PVC SERIE R, 90 GRAUS, DN 100 MM, PARA ESGOTO PREDIAL;UN;25.81
MATERIAL;20158;JOELHO, PVC SERIE R, 90 GRAUS, DN 150 MM, PARA ESGOTO PREDIAL;UN;102.49
MATERIAL;20154;JOELHO, PVC SERIE R, 90 GRAUS, DN 40 MM, PARA ESGOTO PREDIAL;UN;5.23
MATERIAL;20155;JOELHO, PVC SERIE R, 90 GRAUS, DN 50 MM, PARA ESGOTO PREDIAL;UN;7.97
MATERIAL;20156;JOELHO, PVC SERIE R, 90 GRAUS, DN 75 MM, PARA ESGOTO PREDIAL;UN;22.39
MATERIAL;3499;JOELHO, PVC SOLDAVEL, 45 GRAUS, 20 MM, COR MARROM, PARA AGUA FRIA PREDIAL;UN;1.42
MATERIAL;3500;JOELHO, PVC SOLDAVEL, 45 GRAUS, 25 MM, COR MARROM, PARA AGUA FRIA PREDIAL;UN;1.89
MATERIAL;3501;JOELHO, PVC SOLDAVEL, 45 GRAUS, 32 MM, COR MARROM, PARA AGUA FRIA PREDIAL;UN;5.21
MATERIAL;3502;JOELHO, PVC SOLDAVEL, 45 GRAUS, 40 MM, COR MARROM, PARA AGUA FRIA PREDIAL;UN;7.49
MATERIAL;3503;JOELHO, PVC SOLDAVEL, 45 GRAUS, 50 MM, COR MARROM, PARA AGUA FRIA PREDIAL;UN;9.41
MATERIAL;3477;JOELHO, PVC SOLDAVEL, 45 GRAUS, 60 MM, COR MARROM, PARA AGUA FRIA PREDIAL;UN;34.19
MATERIAL;3478;JOELHO, PVC SOLDAVEL, 45 GRAUS, 75 MM, COR MARROM, PARA AGUA FRIA PREDIAL;UN;81.97
MATERIAL;3525;JOELHO, PVC SOLDAVEL, 45 GRAUS, 85 MM, COR MARROM, PARA AGUA FRIA PREDIAL;UN;101.16
MATERIAL;3511;JOELHO, PVC SOLDAVEL, 90 GRAUS, 75 MM, COR MARROM, PARA AGUA FRIA PREDIAL;UN;107.3
MATERIAL;38913;JOELHO/COTOVELO 90 GRAUS, METALICO, PARA CONEXAO COM ANEL DESLIZANTE, DN 16 MM, EM TUBO PEX PARA INST. AGUA QUENTE/FRIA;UN;11.01
MATERIAL;38914;JOELHO/COTOVELO 90 GRAUS, METALICO, PARA CONEXAO COM ANEL DESLIZANTE, DN 20 MM, EM TUBO PEX PARA INST. AGUA QUENTE/FRIA;UN;13.52
MATERIAL;38915;JOELHO/COTOVELO 90 GRAUS, METALICO, PARA CONEXAO COM ANEL DESLIZANTE, DN 25 MM, EM TUBO PEX PARA INST. AGUA QUENTE/FRIA;UN;26.06
MATERIAL;38916;JOELHO/COTOVELO 90 GRAUS, METALICO, PARA CONEXAO COM ANEL DESLIZANTE, DN 32 MM, EM TUBO PEX PARA INST. AGUA QUENTE/FRIA;UN;36.06
MATERIAL;39300;JOELHO/COTOVELO 90 GRAUS, PLASTICO, PARA CONEXAO COM CRIMPAGEM, DN 16 MM, EM TUBO PEX PARA INST. AGUA QUENTE/FRIA;UN;9.83
MATERIAL;39301;JOELHO/COTOVELO 90 GRAUS, PLASTICO, PARA CONEXAO COM CRIMPAGEM, DN 20 MM, EM TUBO PEX PARA INST. AGUA QUENTE/FRIA;UN;13.16
MATERIAL;39302;JOELHO/COTOVELO 90 GRAUS, PLASTICO, PARA CONEXAO COM CRIMPAGEM, DN 25 MM, EM TUBO PEX PARA INST. AGUA QUENTE/FRIA;UN;23.93
MATERIAL;38941;"JOELHO/COTOVELO 90 GRAUS, ROSCA FEMEA MOVEL, METALICO, PARA CONEXAO COM ANEL DESLIZANTE, DN 20 MM X 3/4"", EM TUBO PEX PARA INST. AGUA QUENTE/FRIA";UN;17.77
MATERIAL;38923;"JOELHO/COTOVELO 90 GRAUS, ROSCA FEMEA TERMINAL, METALICO, PARA CONEXAO COM ANEL DESLIZANTE, DN 16 MM X 1/2"", EM TUBO PEX PARA INST. AGUA QUENTE/FRIA";UN;11.78
MATERIAL;38925;"JOELHO/COTOVELO 90 GRAUS, ROSCA FEMEA TERMINAL, METALICO, PARA CONEXAO COM ANEL DESLIZANTE, DN 20 MM X 1/2"", EM TUBO PEX PARA INST. AGUA QUENTE/FRIA";UN;13.67
MATERIAL;38926;"JOELHO/COTOVELO 90 GRAUS, ROSCA FEMEA TERMINAL, METALICO, PARA CONEXAO COM ANEL DESLIZANTE, DN 20 MM X 3/4"", EM TUBO PEX PARA INST. AGUA QUENTE/FRIA";UN;16.22
MATERIAL;38927;"JOELHO/COTOVELO 90 GRAUS, ROSCA FEMEA TERMINAL, METALICO, PARA CONEXAO COM ANEL DESLIZANTE, DN 25 MM X 3/4"", EM TUBO PEX PARA INST. AGUA QUENTE/FRIA";UN;20.48
MATERIAL;39304;"JOELHO/COTOVELO 90 GRAUS, ROSCA FEMEA TERMINAL, PLASTICO, PARA CONEXAO COM CRIMPAGEM, DN 16 MM X 1/2"", EM TUBO PEX PARA INST. AGUA QUENTE/FRIA";UN;11.63
MATERIAL;39305;"JOELHO/COTOVELO 90 GRAUS, ROSCA FEMEA TERMINAL, PLASTICO, PARA CONEXAO COM CRIMPAGEM, DN 20 MM X 1/2"", EM TUBO PEX PARA INST. AGUA QUENTE/FRIA";UN;12.76
MATERIAL;39306;"JOELHO/COTOVELO 90 GRAUS, ROSCA FEMEA TERMINAL, PLASTICO, PARA CONEXAO COM CRIMPAGEM, DN 20 MM X 3/4"", EM TUBO PEX PARA INST. AGUA QUENTE/FRIA";UN;17.15
MATERIAL;38928;"JOELHO/COTOVELO 90 GRAUS, ROSCA FEMEA TERMINAL, PLASTICO, PARA CONEXAO COM CRIMPAGEM, DN 25 MM X 1/2"", EM TUBO PEX PARA INST. AGUA QUENTE/FRIA";UN;22.67
MATERIAL;38917;"JOELHO/COTOVELO 90 GRAUS, ROSCA FEMEA, COM BASE FIXA, METALICO, PARA CONEXAO COM ANEL DESLIZANTE, DN 16 MM X 1/2"", EM TUBO PEX PARA INST. AGUA QUENTE/FRIA";UN;12.67
MATERIAL;38919;"JOELHO/COTOVELO 90 GRAUS, ROSCA FEMEA, COM BASE FIXA, METALICO, PARA CONEXAO COM ANEL DESLIZANTE, DN 20 MM X 1/2"", EM TUBO PEX PARA INST. AGUA QUENTE/FRIA";UN;14.87
MATERIAL;38922;"JOELHO/COTOVELO 90 GRAUS, ROSCA FEMEA, COM BASE FIXA, METALICO, PARA CONEXAO COM ANEL DESLIZANTE, DN 25 MM X 3/4"", EM TUBO PEX PARA INST. AGUA QUENTE/FRIA";UN;19.95
MATERIAL;45198;JOGO DE CHAVES ALLEN LONGAS HEXAGONAIS DE 1,5 MM A 10 MM - 9 PECAS;UN;52.29
MATERIAL;45196;JOGO DE CHAVES DE FENDA E PHILLIPS ISOLADAS, 1000 V - *6* PECAS;UN;107.83
MATERIAL;12032;JOGO DE TRANQUETA E ROSETA QUADRADA DE SOBREPOR SEM FUROS, EM LATAO CROMADO, *50 X 50* MM, PARA FECHADURA DE PORTA DE BANHEIRO;JG;54.8
MATERIAL;12030;JOGO DE TRANQUETA E ROSETA REDONDA DE SOBREPOR SEM FUROS, EM LATAO CROMADO, DIAMETRO *50* MM, PARA FECHADURA DE PORTA DE BANHEIRO;JG;51.49
MATERIAL;45207;JOGO SERRA COPO COM 6 SERRAS, DIAMETRO VARIANDO DE 15 MM A 60 MM;UN;344.43
MATERIAL;14157;JUNCAO 2 GARRAS PARA FITA PERFURADA;UN;1.47
MATERIAL;10908;JUNCAO DE REDUCAO INVERTIDA, PVC SOLDAVEL, 100 X 50 MM, SERIE NORMAL PARA ESGOTO PREDIAL;UN;25.37
MATERIAL;10909;JUNCAO DE REDUCAO INVERTIDA, PVC SOLDAVEL, 100 X 75 MM, SERIE NORMAL PARA ESGOTO PREDIAL;UN;29.51
MATERIAL;3669;JUNCAO DE REDUCAO INVERTIDA, PVC SOLDAVEL, 75 X 50 MM, SERIE NORMAL PARA ESGOTO PREDIAL;UN;18.13
MATERIAL;20139;JUNCAO DUPLA, PVC SERIE R, DN 100 X 100 X 100 MM, PARA ESGOTO PREDIAL;UN;155.93
MATERIAL;3668;JUNCAO DUPLA, PVC SOLDAVEL, DN 100 X 100 X 100 MM, SERIE NORMAL PARA ESGOTO PREDIAL;UN;55.7
MATERIAL;10911;JUNCAO INVERTIDA, PVC SOLDAVEL, 75 X 75 MM, SERIE NORMAL PARA ESGOTO PREDIAL;UN;24.42
MATERIAL;3659;JUNCAO SIMPLES DE REDUCAO, PVC, DN 100 X 50 MM, SERIE NORMAL PARA ESGOTO PREDIAL;UN;24.88
MATERIAL;3660;JUNCAO SIMPLES DE REDUCAO, PVC, DN 100 X 75 MM, SERIE NORMAL PARA ESGOTO PREDIAL;UN;32.17
MATERIAL;20144;JUNCAO SIMPLES, PVC SERIE R, DN 100 X 100 MM, PARA ESGOTO PREDIAL;UN;72.05
MATERIAL;20143;JUNCAO SIMPLES, PVC SERIE R, DN 100 X 75 MM, PARA ESGOTO PREDIAL;UN;92.18
MATERIAL;20145;JUNCAO SIMPLES, PVC SERIE R, DN 150 X 100 MM, PARA ESGOTO PREDIAL;UN;177.81
MATERIAL;20146;JUNCAO SIMPLES, PVC SERIE R, DN 150 X 150 MM, PARA ESGOTO PREDIAL;UN;243.06
MATERIAL;20140;JUNCAO SIMPLES, PVC SERIE R, DN 40 X 40 MM, PARA ESGOTO PREDIAL;UN;11.4
MATERIAL;20141;JUNCAO SIMPLES, PVC SERIE R, DN 50 X 50 MM, PARA ESGOTO PREDIAL;UN;27.93
MATERIAL;20142;JUNCAO SIMPLES, PVC SERIE R, DN 75 X 75 MM, PARA ESGOTO PREDIAL;UN;49.13
MATERIAL;3670;JUNCAO SIMPLES, PVC, 45 GRAUS, DN 100 X 100 MM, SERIE NORMAL PARA ESGOTO PREDIAL;UN;31.95
MATERIAL;3666;JUNCAO SIMPLES, PVC, 45 GRAUS, DN 40 X 40 MM, SERIE NORMAL PARA ESGOTO PREDIAL;UN;5.03
MATERIAL;3662;JUNCAO SIMPLES, PVC, 45 GRAUS, DN 50 X 50 MM, SERIE NORMAL PARA ESGOTO PREDIAL;UN;13.11
MATERIAL;3658;JUNCAO SIMPLES, PVC, 45 GRAUS, DN 75 X 75 MM, SERIE NORMAL PARA ESGOTO PREDIAL;UN;24.84
MATERIAL;42696;JUNCAO, PVC, 45 GRAUS, JE, BBB, DN 150 MM, PARA TUBO CORRUGADO E/OU LISO, REDE COLETORA DE ESGOTO;UN;196.96
MATERIAL;39875;JUNTA DE EXPANSAO BRONZE/LATAO, PONTA X PONTA, 35 MM;UN;893.77
MATERIAL;39876;JUNTA DE EXPANSAO BRONZE/LATAO, PONTA X PONTA, 42 MM;UN;1118.99
MATERIAL;39877;JUNTA DE EXPANSAO BRONZE/LATAO, PONTA X PONTA, 54 MM;UN;1552
MATERIAL;39878;JUNTA DE EXPANSAO BRONZE/LATAO, PONTA X PONTA, 66 MM;UN;2049.93
MATERIAL;39872;JUNTA DE EXPANSAO DE COBRE, PONTA X PONTA, 15 MM;UN;612.92
MATERIAL;39873;JUNTA DE EXPANSAO DE COBRE, PONTA X PONTA, 22 MM;UN;710.95
MATERIAL;39874;JUNTA DE EXPANSAO DE COBRE, PONTA X PONTA, 28 MM;UN;780.89
MATERIAL;3674;JUNTA DILATACAO ELASTICA PARA CONCRETO (FUGENBAND) O-12, ATE 5 MCA;M;93.94
MATERIAL;3681;JUNTA DILATACAO ELASTICA PARA CONCRETO (FUGENBAND) O-22, ATE 30 MCA;M;139.77
MATERIAL;3676;JUNTA DILATACAO ELASTICA PARA CONCRETO (FUGENBAND) O-35/10, ATE 100 MCA;M;525.99
MATERIAL;3679;JUNTA DILATACAO ELASTICA PARA CONCRETO (FUGENBAND) O-35/6, ATE 100 MCA;M;435.17
MATERIAL;3672;JUNTA PLASTICA DE DILATACAO PARA PISOS, COR CINZA, 10 X 4,5 MM (ALTURA X ESPESSURA);M;1.48
MATERIAL;3671;JUNTA PLASTICA DE DILATACAO PARA PISOS, COR CINZA, 17 X 3 MM (ALTURA X ESPESSURA);M;1.4
MATERIAL;3673;JUNTA PLASTICA DE DILATACAO PARA PISOS, COR CINZA, 27 X 3 MM (ALTURA X ESPESSURA);M;2.2
MATERIAL;38394;KIT ACESSORIOS PARA COMPRESSOR DE AR, 5 PECAS (PISTOLAS PINTURA, LIMPEZA E PULVERIZACAO, CALIBRADOR E MANGUEIRA);UN;202.68
MATERIAL;3729;"KIT CAVALETE, PVC, COM REGISTRO, PARA HIDROMETRO, BITOLAS 1/2"" OU 3/4"" - COMPLETO";UN;174.3
MATERIAL;39357;KIT CHASSI COZINHA, CUBA SIMPLES SEM MAQUINA LAVAR LOUCA, INSTAL. PEX, QUADRO METALICO C/ TRAVESSA C/ FURO P/ESGOTO DN 50 MM E FUROS SUPERIORES P/AGUA, *340* X *650* MM (L X H), P/ CONEXAO COM ANEL DESLIZANTE (CONJUNTO COMPLETO);UN;61.02
MATERIAL;39358;KIT CHASSI COZINHA, CUBA SIMPLES SEM MAQUINA LAVAR LOUCA, INSTAL. PEX, QUADRO METALICO C/ TRAVESSA COM FURO P/ESGOTO DN 50 MM E FUROS SUPERIORES P/AGUA, *340* X *650* MM (L X H), P/ CONEXAO COM CRIMPAGEM (CONJUNTO COMPLETO);UN;61.02
MATERIAL;39355;KIT CHASSI TANQUE E MAQUINA LAVAR ROUPA, INSTAL. PEX, QUADRO METALICO C/ TRAVESSA C/ FURO P/ ESGOTO DN 50 MM, FURO LATERAL P/ MAQUINA E FUROS SUPERIORES P/ AGUA, *344* X *442* MM (L X H), P/ CONEXAO COM ANEL DESLIZANTE (CONJUNTO COMPLETO);UN;88.91
MATERIAL;39356;KIT CHASSI TANQUE E MAQUINA LAVAR ROUPA, INSTAL. PEX, QUADRO METALICO C/ TRAVESSA C/ FURO P/ ESGOTO DN 50 MM, FURO LATERAL P/MAQUINA E FUROS SUPERIORES P/AGUA, *344* X *442* MM (L X H), P/ CONEXAO COM CRIMPAGEM (CONJUNTO COMPLETO);UN;84.86
MATERIAL;39353;"KIT CHUVEIRO, INSTAL. PEX, QUADRO METALICO C/ 2 TRAVESSAS, SUPERIOR C/ ESPERA P/ CHUVEIRO, INFERIOR C/ 2 REGISTROS DE PRESSAO 1/2"", *390* X *900* MM (L X H), CONEXAO COM ANEL DESLIZANTE (CONJUNTO COMPLETO)";UN;194.8
MATERIAL;39354;"KIT CHUVEIRO, INSTAL. PEX, QUADRO METALICO C/2 TRAVESSAS, SUPERIOR C/ ESPERA P/ CHUVEIRO E INFERIOR C/2 REGISTROS DE PRESSAO 1/2"", *390* X *900* MM (L X H), CONEXAO COM CRIMPAGEM (CONJUNTO COMPLETO)";UN;410.99
MATERIAL;39398;KIT DE ACESSORIOS PARA BANHEIRO EM METAL CROMADO, 5 PECAS;UN;119.9
MATERIAL;13343;KIT DE MATERIAIS PARA BRACADEIRA PARA FIXACAO EM POSTE CIRCULAR, CONTEM TRES FIXADORES E UM ROLO DE FITA DE 3 M EM ACO CARBONO;UN;41.21
MATERIAL;12118;KIT DE PROTECAO ARSTOP PARA AR CONDICIONADO, TOMADA PADRAO 2P+T 20 A, COM DISJUNTOR UNIPOLAR DIN 20A;UN;24.37
MATERIAL;39482;KIT PORTA PRONTA DE MADEIRA, FOLHA LEVE (NBR 15930) DE 600 X 2100 MM OU 700 X 2100 MM, DE 35 MM A 40 MM DE ESPESSURA, COM MARCO EM ACO, NUCLEO COLMEIA, CAPA LISA EM HDF, ACABAMENTO MELAMINICO BRANCO (INCLUI MARCO, ALIZARES, DOBRADICAS E FECHADURA);UN;741.46
MATERIAL;39486;KIT PORTA PRONTA DE MADEIRA, FOLHA LEVE (NBR 15930) DE 600 X 2100 MM OU 700 X 2100 MM, DE 35 MM A 40 MM DE ESPESSURA, NUCLEO COLMEIA, ESTRUTURA USINADA PARA FECHADURA, CAPA LISA EM HDF, ACABAMENTO EM PRIMER PARA PINTURA (INCLUI MARCO, ALIZARES E DOBRADICAS);UN;605.14
MATERIAL;39484;KIT PORTA PRONTA DE MADEIRA, FOLHA LEVE (NBR 15930) DE 800 X 2100 MM, DE 35 MM A 40 MM DE ESPESSURA, COM MARCO EM ACO, NUCLEO COLMEIA, CAPA LISA EM HDF, ACABAMENTO MELAMINICO BRANCO (INCLUI MARCO, ALIZARES, DOBRADICAS E FECHADURA);UN;741.46
MATERIAL;39488;KIT PORTA PRONTA DE MADEIRA, FOLHA LEVE (NBR 15930) DE 800 X 2100 MM, DE 35 MM A 40 MM DE ESPESSURA, NUCLEO COLMEIA, ESTRUTURA USINADA PARA FECHADURA, CAPA LISA EM HDF, ACABAMENTO EM PRIMER PARA PINTURA (INCLUI MARCO, ALIZARES E DOBRADICAS);UN;615.04
MATERIAL;39485;KIT PORTA PRONTA DE MADEIRA, FOLHA LEVE (NBR 15930) DE 900 X 2100 MM, DE 35 MM A 40 MM DE ESPESSURA, COM MARCO EM ACO, NUCLEO COLMEIA, CAPA LISA EM HDF, ACABAMENTO MELAMINICO BRANCO (INCLUI MARCO, ALIZARES, DOBRADICAS E FECHADURA);UN;741.46
MATERIAL;39489;KIT PORTA PRONTA DE MADEIRA, FOLHA LEVE (NBR 15930) DE 900 X 2100 MM, DE 35 MM A 40 MM DE ESPESSURA, NUCLEO COLMEIA, ESTRUTURA USINADA PARA FECHADURA, CAPA LISA EM HDF, ACABAMENTO EM PRIMER PARA PINTURA (INCLUI MARCO, ALIZARES E DOBRADICAS);UN;625.47
MATERIAL;39490;KIT PORTA PRONTA DE MADEIRA, FOLHA MEDIA (NBR 15930) DE 600 X 2100 MM OU 700 X 2100 MM, DE 35 MM A 40 MM DE ESPESSURA, NUCLEO SEMI-SOLIDO (SARRAFEADO), ESTRUTURA USINADA PARA FECHADURA, CAPA LISA EM HDF, ACABAMENTO MELAMINICO BRANCO (INCLUI MARCO, ALIZARES E DOBRADICAS);UN;932.03
MATERIAL;39494;KIT PORTA PRONTA DE MADEIRA, FOLHA MEDIA (NBR 15930) DE 600 X 2100 MM, DE 35 MM A 40 MM DE ESPESSURA, NUCLEO SEMI-SOLIDO (SARRAFEADO), ESTRUTURA USINADA PARA FECHADURA, CAPA LISA EM HDF, ACABAMENTO EM PRIMER PARA PINTURA (INCLUI MARCO, ALIZARES E DOBRADICAS);UN;669.28
MATERIAL;39495;KIT PORTA PRONTA DE MADEIRA, FOLHA MEDIA (NBR 15930) DE 700 X 2100 MM, DE 35 MM A 40 MM DE ESPESSURA, NUCLEO SEMI-SOLIDO (SARRAFEADO), ESTRUTURA USINADA PARA FECHADURA, CAPA LISA EM HDF, ACABAMENTO EM PRIMER PARA PINTURA (INCLUI MARCO, ALIZARES E DOBRADICAS);UN;754.19
MATERIAL;39496;KIT PORTA PRONTA DE MADEIRA, FOLHA MEDIA (NBR 15930) DE 800 X 2100 MM, DE 35 MM A 40 MM DE ESPESSURA, NUCLEO SEMI-SOLIDO (SARRAFEADO), ESTRUTURA USINADA PARA FECHADURA, CAPA LISA EM HDF, ACABAMENTO EM PRIMER PARA PINTURA (INCLUI MARCO, ALIZARES E DOBRADICAS);UN;829.6
MATERIAL;39492;KIT PORTA PRONTA DE MADEIRA, FOLHA MEDIA (NBR 15930) DE 800 X 2100 MM, DE 35 MM A 40 MM DE ESPESSURA, NUCLEO SEMI-SOLIDO (SARRAFEADO), ESTRUTURA USINADA PARA FECHADURA, CAPA LISA EM HDF, ACABAMENTO MELAMINICO BRANCO (INCLUI MARCO, ALIZARES E DOBRADICAS);UN;960.45
MATERIAL;39497;KIT PORTA PRONTA DE MADEIRA, FOLHA MEDIA (NBR 15930) DE 900 X 2100 MM, DE 35 MM A 40 MM DE ESPESSURA, NUCLEO SEMI-SOLIDO (SARRAFEADO), ESTRUTURA USINADA PARA FECHADURA, CAPA LISA EM HDF, ACABAMENTO EM PRIMER PARA PINTURA (INCLUI MARCO, ALIZARES E DOBRADICAS);UN;867.54
MATERIAL;39493;KIT PORTA PRONTA DE MADEIRA, FOLHA MEDIA (NBR 15930) DE 900 X 2100 MM, DE 35 MM A 40 MM DE ESPESSURA, NUCLEO SEMI-SOLIDO (SARRAFEADO), ESTRUTURA USINADA PARA FECHADURA, CAPA LISA EM HDF, ACABAMENTO MELAMINICO BRANCO (INCLUI MARCO, ALIZARES E DOBRADICAS);UN;1030.18
MATERIAL;43628;KIT PORTA PRONTA DE MADEIRA, FOLHA PESADA (NBR 15930) DE 800 X 2100 MM, DE 40 MM A 45 MM DE ESPESSURA, COM MARCO EM ACO, NUCLEO SOLIDO, CAPA LISA EM HDF, ACABAMENTO MELAMINICO BRANCO (INCLUI MARCO, ALIZARES, DOBRADICAS E FECHADURA);UN;1092.68
MATERIAL;39500;KIT PORTA PRONTA DE MADEIRA, FOLHA PESADA (NBR 15930) DE 800 X 2100 MM, DE 40 MM A 45 MM DE ESPESSURA, NUCLEO SOLIDO, CAPA LISA EM HDF, ACABAMENTO MELAMINICO BRANCO (INCLUI MARCO, ALIZARES, DOBRADICAS E FECHADURA EXTERNA);UN;1124.01
MATERIAL;39498;KIT PORTA PRONTA DE MADEIRA, FOLHA PESADA (NBR 15930) DE 800 X 2100 MM, DE 40 MM A 45 MM DE ESPESSURA, NUCLEO SOLIDO, ESTRUTURA USINADA PARA FECHADURA, CAPA LISA EM HDF, ACABAMENTO EM LAMINADO NATURAL COM VERNIZ (INCLUI MARCO, ALIZARES E DOBRADICAS);UN;1386.28
MATERIAL;43621;KIT PORTA PRONTA DE MADEIRA, FOLHA PESADA (NBR 15930) DE 900 X 2100 MM, DE 40 MM A 45 MM DE ESPESSURA, COM MARCO EM ACO, NUCLEO SOLIDO, CAPA LISA EM HDF, ACABAMENTO MELAMINICO BRANCO (INCLUI MARCO, ALIZARES, DOBRADICAS E FECHADURA);UN;1160.98
MATERIAL;39501;KIT PORTA PRONTA DE MADEIRA, FOLHA PESADA (NBR 15930) DE 900 X 2100 MM, DE 40 MM A 45 MM DE ESPESSURA, NUCLEO SOLIDO, CAPA LISA EM HDF, ACABAMENTO MELAMINICO BRANCO (INCLUI MARCO, ALIZARES, DOBRADICAS E FECHADURA EXTERNA);UN;1154.45
MATERIAL;39499;KIT PORTA PRONTA DE MADEIRA, FOLHA PESADA (NBR 15930) DE 900 X 2100 MM, DE 40 MM A 45 MM DE ESPESSURA, NUCLEO SOLIDO, ESTRUTURA USINADA PARA FECHADURA, CAPA LISA EM HDF, ACABAMENTO EM LAMINADO NATURAL COM VERNIZ (INCLUI MARCO, ALIZARES E DOBRADICAS);UN;1405.96
MATERIAL;3733;LADRILHO HIDRAULICO, *20 X 20* CM, E= 2 CM, PADRAO COPACABANA, 2 CORES (PRETO E BRANCO);M2;121.22
MATERIAL;3731;LADRILHO HIDRAULICO, *20 X 20* CM, E= 2 CM, PADRAO DADOS, COR NATURAL;M2;108.46
MATERIAL;38137;LADRILHO HIDRAULICO, *25 X 25* CM, E= 2 CM, PADRAO RAMPA, COR NATURAL;M2;129.73
MATERIAL;38138;LADRILHO HIDRAULICO, *30 X 30* CM, E= 2 CM, PADRAO MILANO, COR NATURAL;M2;134.69
MATERIAL;45318;LAJE EM PAINEL TRELICADO L=25, COM ENCHIMENTO EM POLIESTIRENO EXPANDIDO (EPS) H13, PTN-20, TRELICA DE 16 CM, PARA PISO, UNIDIRECIONAL, SOBRECARGA DE 350 KGF/M2, VAO ATE 7,0 M, EXCLUSO CONCRETO (SEM COLOCACAO);M2;152.41
MATERIAL;45319;LAJE EM PAINEL TRELICADO L=25, COM ENCHIMENTO EM POLIESTIRENO EXPANDIDO (EPS) H17, PTN-25, TRELICA DE 20 CM, PARA PISO, UNIDIRECIONAL, SOBRECARGA DE 350 KGF/M2, VAO ATE 8,0 M, EXCLUSO CONCRETO (SEM COLOCACAO);M2;171.47
MATERIAL;45320;LAJE EM PAINEL TRELICADO L=25, COM ENCHIMENTO EM POLIESTIRENO EXPANDIDO (EPS) H22, PTN-30, TRELICA DE 25 CM, PARA PISO, UNIDIRECIONAL, SOBRECARGA DE 350 KGF/M2, VAO ATE 9,0 M, EXCLUSO CONCRETO (SEM COLOCACAO);M2;222.16
MATERIAL;45315;LAJE EM PAINEL TRELICADO L=25, COM ENCHIMENTO EM POLIESTIRENO EXPANDIDO (EPS) H5, PTN-12, TRELICA DE 8 CM, PARA FORRO, UNIDIRECIONAL, SOBRECARGA DE 100 KGF/M2, VAO ATE 5,0 M, EXCLUSO CONCRETO (SEM COLOCACAO);M2;100.31
MATERIAL;45316;LAJE EM PAINEL TRELICADO L=25, COM ENCHIMENTO EM POLIESTIRENO EXPANDIDO (EPS) H5, PTN-12, TRELICA DE 8 CM, PARA PISO, UNIDIRECIONAL, SOBRECARGA DE 350 KGF/M2, VAO ATE 4,5 M, EXCLUSO CONCRETO (SEM COLOCACAO);M2;115.06
MATERIAL;45317;LAJE EM PAINEL TRELICADO L=25, COM ENCHIMENTO EM POLIESTIRENO EXPANDIDO (EPS) H9, PTN-*16*, TRELICA DE 12 CM, PARA PISO, UNIDIRECIONAL, SOBRECARGA DE 350 KGF/M2, VAO ATE 6,0 M, EXCLUSO CONCRETO (SEM COLOCACAO);M2;136.54
MATERIAL;45313;LAJE EM PAINEL TRELICADO MACICO L=25 CM, PTM-*25*, COM TRELICA DE 20 CM, PARA PISO, UNIDIRECIONAL, SOBRECARGA DE 350 KGF/M2, VAO ATE 9,0 M, EXCLUSO CONCRETO (SEM COLOCACAO);M2;131.58
MATERIAL;45314;LAJE EM PAINEL TRELICADO MACICO L=25 CM, PTM-*30*, COM TRELICA DE 25 CM, PARA PISO, UNIDIRECIONAL, SOBRECARGA DE 350 KGF/M2, VAO ATE 10,0 M, EXCLUSO CONCRETO (SEM COLOCACAO);M2;184.92
MATERIAL;45309;LAJE EM PAINEL TRELICADO MACICO L=25 CM, PTM-12, COM TRELICA DE 8 CM, PARA FORRO, UNIDIRECIONAL, SOBRECARGA DE 100 KGF/M2, VAO ATE 6,0 M, EXCLUSO CONCRETO (SEM COLOCACAO);M2;92.64
MATERIAL;45310;LAJE EM PAINEL TRELICADO MACICO L=25 CM, PTM-12, COM TRELICA DE 8 CM, PARA PISO, UNIDIRECIONAL, SOBRECARGA DE 350 KGF/M2, VAO ATE 5,0 M, EXCLUSO CONCRETO (SEM COLOCACAO);M2;107.83
MATERIAL;45311;LAJE EM PAINEL TRELICADO MACICO L=25 CM, PTM-16, COM TRELICA DE 12 CM, PARA PISO, UNIDIRECIONAL, SOBRECARGA DE 350 KGF/M2, VAO ATE 6,0 M, EXCLUSO CONCRETO (SEM COLOCACAO);M2;117.42
MATERIAL;45312;LAJE EM PAINEL TRELICADO MACICO L=25 CM, PTM-20, COM TRELICA DE 16 CM, PARA PISO, UNIDIRECIONAL, SOBRECARGA DE 350 KGF/M2, VAO ATE 8,0 M, EXCLUSO CONCRETO (SEM COLOCACAO);M2;142.1
MATERIAL;43342;LAJE PRE-MOLDADA COM VIGOTA PROTENDIDA (LAJOTAS + VIGOTAS) COM LAJOTA CERAMICA 30 X 20 X 12 CM (L X C X A) E VIGOTA VPT 10 X 9 CM (L X A), PARA PISO, UNIDIRECIONAL, SOBRECARGA DE 350 KGF/M2, VAO ATE 5,5 M (SEM COLOCACAO);M2;100.31
MATERIAL;43343;LAJE PRE-MOLDADA COM VIGOTA PROTENDIDA (LAJOTAS + VIGOTAS) COM LAJOTA CERAMICA 30 X 20 X 16 CM (L X C X A) E VIGOTA VPT 10 X 9 CM (L X A), PARA PISO, UNIDIRECIONAL, SOBRECARGA DE 350 KGF/M2, VAO ATE 6 M (SEM COLOCACAO);M2;105.03
MATERIAL;43344;LAJE PRE-MOLDADA COM VIGOTA PROTENDIDA (LAJOTAS + VIGOTAS) COM LAJOTA CERAMICA 30 X 20 X 20 CM (L X C X A) E VIGOTA VPT 10 X 9 CM (L X A), PARA PISO, UNIDIRECIONAL, SOBRECARGA DE 350 KGF/M2, VAO ATE 6,5 M (SEM COLOCACAO);M2;126.57
MATERIAL;45307;LAJE PRE-MOLDADA COM VIGOTA PROTENDIDA (LAJOTAS + VIGOTAS) COM LAJOTA CERAMICA 30 X 20 X 24 CM (L X C X A) E VIGOTA VPT 10 X 9 CM (L X A), PARA PISO, UNIDIRECIONAL, SOBRECARGA DE 350 KGF/M2, VAO ATE 7 M (SEM COLOCACAO);M2;135.71
MATERIAL;43345;LAJE PRE-MOLDADA COM VIGOTA PROTENDIDA (LAJOTAS + VIGOTAS) COM LAJOTA CERAMICA 30 X 20 X 8 CM (L X C X A) E VIGOTA VPT 10 X 9 CM (L X A), PARA PISO, UNIDIRECIONAL, SOBRECARGA DE 350 KGF/M2, VAO ATE 4,5 M (SEM COLOCACAO);M2;95.44
MATERIAL;43346;LAJE PRE-MOLDADA COM VIGOTA PROTENDIDA (LAJOTAS + VIGOTAS) COM LAJOTA EM POLIESTIRENO EXPANDIDO (EPS), H12, *33* X 100 X 12 CM (L X C X A) E VIGOTA VPT 10 X 9 CM (L X A), PARA PISO, UNIDIRECIONAL, SOBRECARGA DE 350 KGF/M2, VAO ATE 5,5 M (SEM COLOCACAO);M2;97.36
MATERIAL;43347;LAJE PRE-MOLDADA COM VIGOTA PROTENDIDA (LAJOTAS + VIGOTAS) COM LAJOTA EM POLIESTIRENO EXPANDIDO (EPS), H16, *33* X 100 X 16 CM (L X C X A) E VIGOTA VPT 10 X 9 CM (L X A), PARA PISO, UNIDIRECIONAL, SOBRECARGA DE 350 KGF/M2, VAO ATE 6,5 M (SEM COLOCACAO);M2;109.75
MATERIAL;43348;LAJE PRE-MOLDADA COM VIGOTA PROTENDIDA (LAJOTAS + VIGOTAS) COM LAJOTA EM POLIESTIRENO EXPANDIDO (EPS), H20, *33* X 100 X 20 CM (L X C X A) E VIGOTA VPT 10 X 9 CM (L X A), PARA PISO, UNIDIRECIONAL, SOBRECARGA DE 350 KGF/M2, VAO ATE 7 M (SEM COLOCACAO);M2;121.89
MATERIAL;45308;LAJE PRE-MOLDADA COM VIGOTA PROTENDIDA (LAJOTAS + VIGOTAS) COM LAJOTA EM POLIESTIRENO EXPANDIDO (EPS), H25, *33* X 100 X 25 CM (L X C X A) E VIGOTA VPT 10 X 9 CM (L X A), PARA PISO, UNIDIRECIONAL, SOBRECARGA DE 350 KGF/M2, VAO ATE 8 M (SEM COLOCACAO);M2;135.71
MATERIAL;43349;LAJE PRE-MOLDADA COM VIGOTA PROTENDIDA (LAJOTAS + VIGOTAS) COM LAJOTA EM POLIESTIRENO EXPANDIDO (EPS), H8, *33* X 100 X 8 CM (L X C X A) E VIGOTA VPT 10 X 9 CM (L X A), PARA PISO, UNIDIRECIONAL, SOBRECARGA DE 350 KGF/M2, VAO ATE 4,5 M (SEM COLOCACAO);M2;83.82
MATERIAL;3736;LAJE PRE-MOLDADA CONVENCIONAL (LAJOTAS + VIGOTAS) PARA FORRO, UNIDIRECIONAL, SOBRECARGA DE 100 KG/M2, VAO ATE 4 M (SEM COLOCACAO);M2;43.66
MATERIAL;3741;LAJE PRE-MOLDADA CONVENCIONAL (LAJOTAS + VIGOTAS) PARA FORRO, UNIDIRECIONAL, SOBRECARGA DE 100 KG/M2, VAO ATE 4,5 M (SEM COLOCACAO);M2;47.2
MATERIAL;3737;LAJE PRE-MOLDADA CONVENCIONAL (LAJOTAS + VIGOTAS) PARA PISO, UNIDIRECIONAL, SOBRECARGA DE 350 KG/M2, VAO ATE 4,5 M (SEM COLOCACAO);M2;64.31
MATERIAL;43353;LAJE PRE-MOLDADA TRELICADA (LAJOTAS + VIGOTAS) COM LAJOTA CERAMICA *30* X 20 X *8* CM (L X C X A) E VIGOTA VTR *12* X 8 CM (L X A), PARA PISO, UNIDIRECIONAL, SOBRECARGA DE 350 KGF/M2, VAO ATE 4 M (SEM COLOCACAO);M2;70.8
MATERIAL;43350;LAJE PRE-MOLDADA TRELICADA (LAJOTAS + VIGOTAS) COM LAJOTA CERAMICA *30* X 20 X 12 CM (L X C X A) E VIGOTA VTR *12* X 12 CM (L X A), PARA PISO, UNIDIRECIONAL, SOBRECARGA DE 350 KGF/M2, VAO ATE 5 M (SEM COLOCACAO);M2;88.51
MATERIAL;43351;LAJE PRE-MOLDADA TRELICADA (LAJOTAS + VIGOTAS) COM LAJOTA CERAMICA *30* X 20 X 16 CM (L X C X A) E VIGOTA VTR *12* X 16 CM (L X A), PARA PISO, UNIDIRECIONAL, SOBRECARGA DE 350 KGF/M2, VAO ATE 6 M (SEM COLOCACAO);M2;97.71
MATERIAL;43352;LAJE PRE-MOLDADA TRELICADA (LAJOTAS + VIGOTAS) COM LAJOTA CERAMICA *30* X 20 X 20 CM (L X C X A) E VIGOTA VTR *12* X 20 CM (L X A), PARA PISO, UNIDIRECIONAL, SOBRECARGA DE 350 KGF/M2, VAO ATE 7 M (SEM COLOCACAO);M2;119.19
MATERIAL;45306;LAJE PRE-MOLDADA TRELICADA (LAJOTAS + VIGOTAS) COM LAJOTA CERAMICA *30* X 20 X 24 CM (L X C X A) E VIGOTA VTR *12* X 25 CM (L X A), PARA PISO, UNIDIRECIONAL, SOBRECARGA DE 350 KGF/M2, VAO ATE 8 M (SEM COLOCACAO);M2;154.6
MATERIAL;44379;LAJE PRE-MOLDADA TRELICADA (LAJOTAS + VIGOTAS) COM LAJOTA EM POLIESTIRENO EXPANDIDO (EPS), H12, *33* X 100 X 12 CM (L X C X A) E VIGOTA VTR *12* X 12 CM (L X A), PARA PISO, UNIDIRECIONAL, SOBRECARGA DE 350 KGF/M2, VAO ATE 5,5 M (SEM COLOCACAO);M2;100.31
MATERIAL;43355;LAJE PRE-MOLDADA TRELICADA (LAJOTAS + VIGOTAS) COM LAJOTA EM POLIESTIRENO EXPANDIDO (EPS), H16, *33* X 100 X 16 CM (L X C X A) E VIGOTA VTR *12* X 16 CM (L X A), PARA PISO, UNIDIRECIONAL, SOBRECARGA DE 350 KGF/M2, VAO ATE 6,5 M (SEM COLOCACAO);M2;116.51
MATERIAL;43356;LAJE PRE-MOLDADA TRELICADA (LAJOTAS + VIGOTAS) COM LAJOTA EM POLIESTIRENO EXPANDIDO (EPS), H20, *33* X 100 X 20 CM (L X C X A) E VIGOTA VTR *12* X 20 CM (L X A), PARA PISO, UNIDIRECIONAL, SOBRECARGA DE 350 KGF/M2, VAO ATE 8 M (SEM COLOCACAO);M2;137.07
MATERIAL;45305;LAJE PRE-MOLDADA TRELICADA (LAJOTAS + VIGOTAS) COM LAJOTA EM POLIESTIRENO EXPANDIDO (EPS), H25,*33* X 100 X 25 CM (L X C X A) E VIGOTA VTR *12* X 25 CM (L X A), PARA PISO, UNIDIRECIONAL, SOBRECARGA DE 350 KGF/M2, VAO ATE 9 M (SEM COLOCACAO);M2;167.16
MATERIAL;3742;LAJE PRE-MOLDADA TRELICADA (LAJOTAS + VIGOTAS) PARA FORRO, UNIDIRECIONAL, SOBRECARGA DE 100 KG/M2, VAO ATE 6,00 M (SEM COLOCACAO);M2;62.87
MATERIAL;43357;LAJE PRE-MOLDADA TRELICADA (LAJOTAS + VIGOTAS) COM LAJOTA EM POLIESTIRENO EXPANDIDO (EPS), *H8*, *33* X 100 X 8 CM (L X C X A) E VIGOTA VTR *12* X 8 CM (L X A), PARA PISO, UNIDIRECIONAL, SOBRECARGA DE 250 KGF/M2, VAO ATE 4 M (SEM COLOCACAO);M2;77.3
MATERIAL;38194;LAMPADA LED 10 W BIVOLT BRANCA, FORMATO TRADICIONAL (BASE E27);UN;3.99
MATERIAL;38193;LAMPADA LED 6 W BIVOLT BRANCA, FORMATO TRADICIONAL (BASE E27);UN;3.46
MATERIAL;39388;LAMPADA LED TIPO DICROICA BIVOLT, LUZ BRANCA, 5 W (BASE GU10);UN;4.9
MATERIAL;39387;LAMPADA LED TUBULAR BIVOLT 18/20 W, BASE G13;UN;7.65
MATERIAL;39386;LAMPADA LED TUBULAR BIVOLT 9/10 W, BASE G13;UN;5.33
MATERIAL;45229;LAPIS PARA CARPINTEIRO;UN;2.9
EQUIPAMENTO (AQUISIÇÃO);746;LAVADORA DE ALTA PRESSAO (LAVA - JATO) PARA AGUA FRIA, PRESSAO DE OPERACAO ENTRE 1400 E 1900 LIB/POL2, VAZAO MAXIMA ENTRE 400 E 700 L/H, POTENCIA DE OPERACAO ENTRE 2,50 E 3,00 CV;UN;2175
MATERIAL;20269;LAVATORIO / CUBA DE EMBUTIR, OVAL, DE LOUCA BRANCA, SEM LADRAO, DIMENSOES *50 X 35* CM (L X C);UN;120.59
MATERIAL;20270;LAVATORIO / CUBA DE EMBUTIR, OVAL, DE LOUCA COLORIDA, SEM LADRAO, DIMENSOES *50 X 35* CM (L X C);UN;133.24
MATERIAL;11696;LAVATORIO / CUBA DE SOBREPOR, OVAL PEQUENA, DE LOUCA BRANCA, SEM LADRAO, DIMENSOES *44 X 31* CM (L X C);UN;213.29
MATERIAL;10427;LAVATORIO / CUBA DE SOBREPOR, RETANGULAR, DE LOUCA BRANCA, COM LADRAO, DIMENSOES *52 X 45* CM (L X C);UN;596.89
MATERIAL;10428;LAVATORIO / CUBA DE SOBREPOR, RETANGULAR, DE LOUCA COLORIDA, COM LADRAO, DIMENSOES *52 X 45* CM (L X C);UN;614.98
MATERIAL;36521;LAVATORIO DE CANTO DE LOUCA BRANCA, SUSPENSO (SEM COLUNA), DIMENSOES *40 X 30* CM (L X C);UN;191.88
MATERIAL;36794;LAVATORIO DE LOUCA BRANCA, COM COLUNA, DIMENSOES *44 X 35* CM (L X C);UN;204.28
MATERIAL;10426;LAVATORIO DE LOUCA BRANCA, COM COLUNA, DIMENSOES *54 X 44* CM (L X C);UN;228.74
MATERIAL;10425;LAVATORIO DE LOUCA BRANCA, SUSPENSO (SEM COLUNA), DIMENSOES *40 X 30* CM;UN;116.04
MATERIAL;10431;LAVATORIO DE LOUCA COLORIDA, COM COLUNA, DIMENSOES *54 X 44* CM (L X C);UN;397.3
MATERIAL;10429;LAVATORIO DE LOUCA COLORIDA, SUSPENSO (SEM COLUNA), DIMENSOES *40 X 30* CM (L X C);UN;195.99
MATERIAL;10853;LETRA ACO INOX (AISI 304), CHAPA NUM. 22, RECORTADO, H= 20 CM (SEM RELEVO);UN;101.79
MATERIAL;5093;LEVANTADOR DE JANELA GUILHOTINA, EM LATAO CROMADO;PAR;17.42
MATERIAL;45254;"LIMA QUADRADA BASTARDA 8"", COM CABO";UN;32.47
MATERIAL;45253;"LIMA REDONDA BASTARDA 8"", COM CABO";UN;42.08
MATERIAL;44331;LIMPA VIDROS COM PULVERIZADOR;L;67.13
EQUIPAMENTO (AQUISIÇÃO);37768;LIMPADORA A SUCCAO, TANQUE 12000 L, BASCULAMENTO HIDRAULICO, BOMBA 12 M3/MIN 95% VACUO (INCLUI MONTAGEM, NAO INCLUI CAMINHAO);UN;315650
MATERIAL;38382;LINHA PARA PEDREIRO LISA, 0,8 MM X 100 M;UN;16.65
MATERIAL;38383;LIXA D'AGUA EM FOLHA, COR PRETA, GRAO 100;UN;2.65
MATERIAL;3768;LIXA EM FOLHA PARA FERRO, NUMERO 150;UN;4.03
MATERIAL;3767;LIXA EM FOLHA PARA PAREDE OU MADEIRA, NUMERO 120, COR VERMELHA;UN;1.35
MATERIAL;42440;LIXEIRA DUPLA, COM CAPACIDADE VOLUMETRICA DE 60L*, FABRICADA EM TUBO DE ACO CARBONO, CESTOS EM CHAPA DE ACO E PINTURA NO PROCESSO ELETROSTATICO - PARA ACADEMIA AO AR LIVRE / ACADEMIA DA TERCEIRA IDADE - ATI;UN;1235.91
EQUIPAMENTO (LOCAÇÃO);20193;LOCACAO DE ANDAIME METALICO TIPO FACHADEIRO, PECAS COM APROXIMADAMENTE 1,20 M DE LARGURA E 2,0 M DE ALTURA, INCLUINDO DIAGONAIS EM X, BARRAS DE LIGACAO, SAPATAS E DEMAIS ITENS NECESSARIOS A MONTAGEM (NAO INCLUI INSTALACAO);M2XMES;21.75
EQUIPAMENTO (LOCAÇÃO);10527;LOCACAO DE ANDAIME METALICO TUBULAR DE ENCAIXE, TIPO DE TORRE, CADA PAINEL COM LARGURA DE 1 ATE 1,5 M E ALTURA DE *1,00* M, INCLUINDO DIAGONAL, BARRAS DE LIGACAO, SAPATAS OU RODIZIOS E DEMAIS ITENS NECESSARIOS A MONTAGEM (NAO INCLUI INSTALACAO);MXMES;29
EQUIPAMENTO (LOCAÇÃO);41805;LOCACAO DE ANDAIME SUSPENSO OU BALANCIM MANUAL, CAPACIDADE DE CARGA TOTAL DE APROXIMADAMENTE 250 KG/M2, PLATAFORMA DE 1,50 M X 0,80 M (C X L), CABO DE 45 M;MES;833.75
EQUIPAMENTO (LOCAÇÃO);40271;LOCACAO DE APRUMADOR METALICO DE PILAR, COM ALTURA E ANGULO REGULAVEIS, EXTENSAO DE *1,50* A *2,80* M;UNXMES;22.19
EQUIPAMENTO (LOCAÇÃO);40287;"LOCACAO DE BARRA DE ANCORAGEM DE 0,80 A 1,20 M DE EXTENSAO, COM ROSCA DE 5/8"", INCLUINDO PORCA E FLANGE";MES;8.54
EQUIPAMENTO (LOCAÇÃO);10779;LOCACAO DE CONTAINER 2,30 X 4,30 M, ALT. 2,50 M, P/ SANITARIO, C/ 5 BACIAS, 1 LAVATORIO E 4 MICTORIOS (NAO INCLUI MOBILIZACAO/DESMOBILIZACAO);MES;1090.62
EQUIPAMENTO (LOCAÇÃO);10777;LOCACAO DE CONTAINER 2,30 X 4,30 M, ALT. 2,50 M, PARA SANITARIO, COM 3 BACIAS, 4 CHUVEIROS, 1 LAVATORIO E 1 MICTORIO (NAO INCLUI MOBILIZACAO/DESMOBILIZACAO);MES;990.65
EQUIPAMENTO (LOCAÇÃO);10775;LOCACAO DE CONTAINER 2,30 X 6,00 M, ALT. 2,50 M, COM 1 SANITARIO, PARA ESCRITORIO, COMPLETO, SEM DIVISORIAS INTERNAS (NAO INCLUI MOBILIZACAO/DESMOBILIZACAO);MES;872.5
EQUIPAMENTO (LOCAÇÃO);10776;LOCACAO DE CONTAINER 2,30 X 6,00 M, ALT. 2,50 M, PARA ESCRITORIO, SEM DIVISORIAS INTERNAS E SEM SANITARIO (NAO INCLUI MOBILIZACAO/DESMOBILIZACAO);MES;681.64
EQUIPAMENTO (LOCAÇÃO);10778;LOCACAO DE CONTAINER 2,30 X 6,00 M, ALT. 2,50 M, PARA SANITARIO, COM 4 BACIAS, 8 CHUVEIROS,1 LAVATORIO E 1 MICTORIO (NAO INCLUI MOBILIZACAO/DESMOBILIZACAO);MES;1090.62
EQUIPAMENTO (LOCAÇÃO);40339;LOCACAO DE CRUZETA, SIMPLES, PARA ESCORA METALICA, COMPRIMENTO ENTRE 50 A 60 CM, PARA ESCORA DE 1,80 A 3,20 METROS E TUBO EXTERNO ATE 48 MM DE DIAMETRO;UNXMES;7.78
EQUIPAMENTO (LOCAÇÃO);10749;LOCACAO DE ESCORA METALICA TELESCOPICA, COM ALTURA REGULAVEL DE *1,80* A *3,20* M, COM CAPACIDADE DE CARGA DE NO MINIMO 1000 KGF (10 KN), INCLUSO TRIPE E FORCADO;UNXMES;25.73
EQUIPAMENTO (LOCAÇÃO);40290;LOCACAO DE FORMA PLASTICA PARA LAJE NERVURADA, DIMENSOES *60* X *60* X *16* CM;UNXMES;13.92
EQUIPAMENTO (LOCAÇÃO);3346;LOCACAO DE GRUPO GERADOR *80 A 125* KVA, MOTOR DIESEL, REBOCAVEL, ACIONAMENTO MANUAL;H;26.98
EQUIPAMENTO (LOCAÇÃO);3348;LOCACAO DE GRUPO GERADOR ACIMA DE * 125 ATE 180* KVA, MOTOR DIESEL, REBOCAVEL, ACIONAMENTO MANUAL;H;32.27
EQUIPAMENTO (LOCAÇÃO);39833;LOCACAO DE GRUPO GERADOR DE *260* KVA, DIESEL REBOCAVEL, ACIONAMENTO MANUAL;H;44.21
EQUIPAMENTO (LOCAÇÃO);7252;LOCACAO DE NIVEL OPTICO, COM PRECISAO DE 0,7 MM, AUMENTO DE 32X;H;2.81
EQUIPAMENTO (LOCAÇÃO);7247;LOCACAO DE TEODOLITO ELETRONICO, PRECISAO ANGULAR DE 5 A 7 SEGUNDOS, INCLUINDO TRIPE;H;2.81
EQUIPAMENTO (LOCAÇÃO);40291;LOCACAO DE TORRE METALICA COMPLETA PARA UMA CARGA DE 8 TF (80 KN) E PE DIREITO DE 6 M, INCLUINDO MODULOS, DIAGONAIS, SAPATAS E FORCADOS;UNXMES;725
EQUIPAMENTO (LOCAÇÃO);40275;LOCACAO DE VIGA SANDUICHE METALICA VAZADA PARA TRAVAMENTO DE PILARES, ALTURA DE *8* CM, LARGURA DE *6* CM E EXTENSAO DE 2 M;UNXMES;23.2
MATERIAL;42408;LONA PLASTICA EXTRA FORTE PRETA, E = 200 MICRA;M2;2.53
MATERIAL;3777;LONA PLASTICA PESADA PRETA, E = 150 MICRA;M2;2.23
MATERIAL;44699;LUBRIFICANTE REDUTOR DE TORQUE E ARRASTO DE ALTO DESEMPENHO, PARA PERFURACAO HORIZONTAL DIRECIONAL, HDD;KG;52.54
MATERIAL;3798;LUMINARIA ABERTA P/ ILUMINACAO PUBLICA, TIPO X-57 PETERCO OU EQUIV;UN;64.17
MATERIAL;38769;LUMINARIA ARANDELA TIPO MEIA-LUA COM VIDRO FOSCO *30 X 15* CM, PARA 1 LAMPADA, BASE E27, POTENCIA MAXIMA 40/60 W (NAO INCLUI LAMPADA);UN;50.11
MATERIAL;38774;LUMINARIA DE EMERGENCIA 30 LEDS, POTENCIA 2 W, BATERIA DE LITIO, AUTONOMIA DE 6 HORAS;UN;10.02
MATERIAL;42247;LUMINARIA DE LED PARA ILUMINACAO PUBLICA, DE 138 W ATE 180 W, INVOLUCRO EM ALUMINIO OU ACO INOX;UN;342.13
MATERIAL;42248;LUMINARIA DE LED PARA ILUMINACAO PUBLICA, DE 181 W ATE 239 W, INVOLUCRO EM ALUMINIO OU ACO INOX;UN;397.42
MATERIAL;42249;LUMINARIA DE LED PARA ILUMINACAO PUBLICA, DE 240 W ATE 350 W, INVOLUCRO EM ALUMINIO OU ACO INOX;UN;658.38
MATERIAL;42244;LUMINARIA DE LED PARA ILUMINACAO PUBLICA, DE 33 W ATE 50 W, INVOLUCRO EM ALUMINIO OU ACO INOX;UN;102.82
MATERIAL;42245;LUMINARIA DE LED PARA ILUMINACAO PUBLICA, DE 51 W ATE 67 W, INVOLUCRO EM ALUMINIO OU ACO INOX;UN;189.73
MATERIAL;42246;LUMINARIA DE LED PARA ILUMINACAO PUBLICA, DE 68 W ATE 97 W, INVOLUCRO EM ALUMINIO OU ACO INOX;UN;210.02
MATERIAL;42243;LUMINARIA DE LED PARA ILUMINACAO PUBLICA, DE 98 W ATE 137 W, INVOLUCRO EM ALUMINIO OU ACO INOX;UN;253.25
MATERIAL;38889;LUMINARIA DE SOBREPOR EM CHAPA DE ACO COM ALETAS PLASTICAS, PARA 1 LAMPADA, BASE E27, POTENCIA MAXIMA 40/60 W (NAO INCLUI LAMPADA);UN;38.41
MATERIAL;38784;LUMINARIA DE SOBREPOR EM CHAPA DE ACO COM ALETAS PLASTICAS, PARA 2 LAMPADAS, BASE E27, POTENCIA MAXIMA 40/60 W (NAO INCLUI LAMPADAS);UN;51.38
MATERIAL;3780;LUMINARIA DE SOBREPOR EM CHAPA DE ACO PARA 1 LAMPADA FLUORESCENTE DE *36* W, ALETADA, COMPLETA (LAMPADA E REATOR INCLUSOS);UN;79.01
MATERIAL;38773;LUMINARIA DE TETO PLAFON/PLAFONIER EM PLASTICO COM BASE E27, POTENCIA MAXIMA 60 W (NAO INCLUI LAMPADA);UN;5.04
MATERIAL;12271;LUMINARIA DUPLA P/SINALIZACAO, TIPO WETZEL AS-2/110 OU EQUIV;UN;281.02
MATERIAL;39385;LUMINARIA LED PLAFON REDONDO DE SOBREPOR BIVOLT 12/13 W, D = *17* CM;UN;9.16
MATERIAL;39389;LUMINARIA LED REFLETOR RETANGULAR BIVOLT, LUZ BRANCA, 10 W;UN;9.94
MATERIAL;39390;LUMINARIA LED REFLETOR RETANGULAR BIVOLT, LUZ BRANCA, 30 W;UN;20.85
MATERIAL;39391;LUMINARIA LED REFLETOR RETANGULAR BIVOLT, LUZ BRANCA, 50 W;UN;23.41
MATERIAL;3803;LUMINARIA PLAFON REDONDO COM VIDRO FOSCO DIAMETRO *25* CM, PARA 1 LAMPADA, BASE E27, POTENCIA MAXIMA 40/60 W (NAO INCLUI LAMPADA);UN;47.52
MATERIAL;38770;LUMINARIA PLAFON REDONDO COM VIDRO FOSCO DIAMETRO *30* CM, PARA 2 LAMPADAS, BASE E27, POTENCIA MAXIMA 40/60 W (NAO INCLUI LAMPADAS);UN;55.02
MATERIAL;12267;LUMINARIA PROVA DE TEMPO PETERCO Y.31/1;UN;161.24
MATERIAL;43265;LUMINARIA SOLAR LED EXTERNA, TIPO ARANDELA DE PAREDE, EM ALUMINIO, 16 LEDS, LUZ BRANCA, *180* LUMENS, CAPACIDADE DE ILUMINACAO ATE 36 H, RETANGULAR, *13 X 9 X 7* (C X L X A), COM SENSOR DE MOVIMENTO / PRESENCA, BATERIA RECARREGAVEL COM LUZ SOLAR, RESISTENTE AO CALOR, A PROVA DE AGUA E POEIRA/ IMPERMEAVEL, IP65;UN;28.67
MATERIAL;12266;LUMINARIA SPOT DE SOBREPOR EM ALUMINIO COM ALETA PLASTICA PARA 1 LAMPADA, BASE E27, POTENCIA MAXIMA 40/60 W (NAO INCLUI LAMPADA);UN;82.53
MATERIAL;39378;LUMINARIA SPOT DE SOBREPOR EM ALUMINIO COM ALETA PLASTICA PARA 2 LAMPADAS, BASE E27, POTENCIA MAXIMA 40/60 W (NAO INCLUI LAMPADA);UN;58.51
MATERIAL;43543;LUMINARIA TIPO TARTARUGA A PROVA DE TEMPO, GASES, VAPOR E PO, EM ALUMINIO, COM GRADE, BASE E27, POTENCIA MAXIMA 100 W (NAO INCLUI LAMPADA);UN;121.9
MATERIAL;38775;LUMINARIA TIPO TARTARUGA PARA AREA EXTERNA EM ALUMINIO, COM GRADE, PARA 1 LAMPADA, BASE E27, POTENCIA MAXIMA 40/60 W (NAO INCLUI LAMPADA);UN;62.03
MATERIAL;44252;LUVA CPVC, SOLDAVEL, 114 MM, PARA AGUA QUENTE PREDIAL;UN;194.06
MATERIAL;21119;LUVA CPVC, SOLDAVEL, 15 MM, PARA AGUA QUENTE PREDIAL;UN;1.95
MATERIAL;37974;LUVA CPVC, SOLDAVEL, 22 MM, PARA AGUA QUENTE PREDIAL;UN;2.52
MATERIAL;37975;LUVA CPVC, SOLDAVEL, 28 MM, PARA AGUA QUENTE PREDIAL;UN;5.6
MATERIAL;37976;LUVA CPVC, SOLDAVEL, 35 MM, PARA AGUA QUENTE PREDIAL;UN;12.48
MATERIAL;37977;LUVA CPVC, SOLDAVEL, 42 MM, PARA AGUA QUENTE PREDIAL;UN;17.26
MATERIAL;37978;LUVA CPVC, SOLDAVEL, 54 MM, PARA AGUA QUENTE PREDIAL;UN;34.23
MATERIAL;37979;LUVA CPVC, SOLDAVEL, 73 MM, PARA AGUA QUENTE PREDIAL;UN;145.28
MATERIAL;37980;LUVA CPVC, SOLDAVEL, 89 MM, PARA AGUA QUENTE PREDIAL;UN;166.88
MATERIAL;36147;LUVA DE BORRACHA ISOLANTE PARA ALTA TENSAO, RESISTENTE A OZONIO, TENSAO DE ENSAIO 2,5 KV (PAR);PAR;301.11
MATERIAL;12731;LUVA DE COBRE SEM ANEL DE SOLDA, BOLSA X BOLSA, 104 MM;UN;510.07
MATERIAL;12723;LUVA DE COBRE SEM ANEL DE SOLDA, BOLSA X BOLSA, 15 MM;UN;3.95
MATERIAL;12724;LUVA DE COBRE SEM ANEL DE SOLDA, BOLSA X BOLSA, 22 MM;UN;7.6
MATERIAL;12725;LUVA DE COBRE SEM ANEL DE SOLDA, BOLSA X BOLSA, 28 MM;UN;15.24
MATERIAL;12726;LUVA DE COBRE SEM ANEL DE SOLDA, BOLSA X BOLSA, 35 MM;UN;33.65
MATERIAL;12727;LUVA DE COBRE SEM ANEL DE SOLDA, BOLSA X BOLSA, 42 MM;UN;42.68
MATERIAL;12728;LUVA DE COBRE SEM ANEL DE SOLDA, BOLSA X BOLSA, 54 MM;UN;69.71
MATERIAL;12729;LUVA DE COBRE SEM ANEL DE SOLDA, BOLSA X BOLSA, 66 MM;UN;228.47
MATERIAL;12730;LUVA DE COBRE SEM ANEL DE SOLDA, BOLSA X BOLSA, 79 MM;UN;349.79
MATERIAL;3840;LUVA DE CORRER COM TRAVAS DEFOFO, PVC, JE, DN 100 MM;UN;57.3
MATERIAL;3838;LUVA DE CORRER COM TRAVAS DEFOFO, PVC, JE, DN 150 MM;UN;126.46
MATERIAL;3844;LUVA DE CORRER COM TRAVAS DEFOFO, PVC, JE, DN 200 MM;UN;225.58
MATERIAL;3839;LUVA DE CORRER COM TRAVAS DEFOFO, PVC, JE, DN 250 MM;UN;410.88
MATERIAL;3843;LUVA DE CORRER COM TRAVAS DEFOFO, PVC, JE, DN 300 MM;UN;563.94
MATERIAL;3900;"LUVA DE CORRER PARA TUBO ROSCAVEL, PVC, 1 1/2"", PARA AGUA FRIA PREDIAL";UN;58.61
MATERIAL;3846;"LUVA DE CORRER PARA TUBO ROSCAVEL, PVC, 1/2"", PARA AGUA FRIA PREDIAL";UN;17.61
MATERIAL;3886;"LUVA DE CORRER PARA TUBO ROSCAVEL, PVC, 3/4"", PARA AGUA FRIA PREDIAL";UN;23.38
MATERIAL;3854;LUVA DE CORRER PARA TUBO SOLDAVEL, PVC, 20 MM, PARA AGUA FRIA PREDIAL;UN;13.33
MATERIAL;3873;LUVA DE CORRER PARA TUBO SOLDAVEL, PVC, 25 MM, PARA AGUA FRIA PREDIAL;UN;15.51
MATERIAL;38021;LUVA DE CORRER PARA TUBO SOLDAVEL, PVC, 32 MM, PARA AGUA FRIA PREDIAL;UN;27.54
MATERIAL;43838;LUVA DE CORRER PARA TUBO SOLDAVEL, PVC, 40 MM, PARA AGUA FRIA PREDIAL;UN;35.6
MATERIAL;3847;LUVA DE CORRER PARA TUBO SOLDAVEL, PVC, 50 MM, PARA AGUA FRIA PREDIAL;UN;35.9
MATERIAL;38022;LUVA DE CORRER PARA TUBO SOLDAVEL, PVC, 60 MM, PARA AGUA FRIA PREDIAL;UN;49.34
MATERIAL;3826;LUVA DE CORRER PVC PBA, JE, DN 100 / DE 110 MM, PARA REDE DE AGUA;UN;56.86
MATERIAL;3825;LUVA DE CORRER PVC PBA, JE, DN 50 / DE 60 MM, PARA REDE DE AGUA;UN;16.35
MATERIAL;3827;LUVA DE CORRER PVC PBA, JE, DN 75 / DE 85 MM, PARA REDE DE AGUA;UN;35.72
MATERIAL;3830;LUVA DE CORRER PVC, JE, DN 250 MM, PARA REDE COLETORA DE ESGOTO;UN;262.88
MATERIAL;37981;LUVA DE CORRER, CPVC, SOLDAVEL, 15 MM, PARA AGUA QUENTE PREDIAL;UN;7.27
MATERIAL;37982;LUVA DE CORRER, CPVC, SOLDAVEL, 22 MM, PARA AGUA QUENTE PREDIAL;UN;10.55
MATERIAL;37983;LUVA DE CORRER, CPVC, SOLDAVEL, 28 MM, PARA AGUA QUENTE PREDIAL;UN;15.59
MATERIAL;37984;LUVA DE CORRER, CPVC, SOLDAVEL, 35 MM, PARA AGUA QUENTE PREDIAL;UN;21.9
MATERIAL;37985;LUVA DE CORRER, CPVC, SOLDAVEL, 42 MM, PARA AGUA QUENTE PREDIAL;UN;31.12
MATERIAL;20165;LUVA DE CORRER, PVC SERIE R, 100 MM, PARA ESGOTO PREDIAL;UN;32.59
MATERIAL;20166;LUVA DE CORRER, PVC SERIE R, 150 MM, PARA ESGOTO PREDIAL;UN;99.53
MATERIAL;20164;LUVA DE CORRER, PVC SERIE R, 75 MM, PARA ESGOTO PREDIAL;UN;15.66
MATERIAL;3893;LUVA DE CORRER, PVC, DN 100 MM, PARA ESGOTO PREDIAL;UN;24.54
MATERIAL;3848;LUVA DE CORRER, PVC, DN 50 MM, PARA ESGOTO PREDIAL;UN;14.96
MATERIAL;3895;LUVA DE CORRER, PVC, DN 75 MM, PARA ESGOTO PREDIAL;UN;16.62
MATERIAL;12404;"LUVA DE FERRO GALVANIZADO, COM ROSCA BSP MACHO/FEMEA, DE 3/4""";UN;12.06
MATERIAL;3939;"LUVA DE FERRO GALVANIZADO, COM ROSCA BSP, DE 1 1/2""";UN;24.85
MATERIAL;3911;"LUVA DE FERRO GALVANIZADO, COM ROSCA BSP, DE 1 1/4""";UN;20.3
MATERIAL;3910;"LUVA DE FERRO GALVANIZADO, COM ROSCA BSP, DE 1""";UN;14.52
MATERIAL;3908;"LUVA DE FERRO GALVANIZADO, COM ROSCA BSP, DE 1/2""";UN;6.56
MATERIAL;3913;"LUVA DE FERRO GALVANIZADO, COM ROSCA BSP, DE 2 1/2""";UN;69.42
MATERIAL;3912;"LUVA DE FERRO GALVANIZADO, COM ROSCA BSP, DE 2""";UN;38.05
MATERIAL;3914;"LUVA DE FERRO GALVANIZADO, COM ROSCA BSP, DE 3""";UN;104.72
MATERIAL;3909;"LUVA DE FERRO GALVANIZADO, COM ROSCA BSP, DE 3/4""";UN;8.93
MATERIAL;3915;"LUVA DE FERRO GALVANIZADO, COM ROSCA BSP, DE 4""";UN;165.14
MATERIAL;3916;"LUVA DE FERRO GALVANIZADO, COM ROSCA BSP, DE 5""";UN;300.86
MATERIAL;3917;"LUVA DE FERRO GALVANIZADO, COM ROSCA BSP, DE 6""";UN;496.23
MATERIAL;45266;LUVA DE LATEX MULTIUSO AMARELA FORRADA;PAR;3.37
MATERIAL;1904;LUVA DE PRESSAO, EM PVC, DE 20 MM, PARA ELETRODUTO FLEXIVEL;UN;0.8
MATERIAL;1899;LUVA DE PRESSAO, EM PVC, DE 25 MM, PARA ELETRODUTO FLEXIVEL;UN;0.9
MATERIAL;1900;LUVA DE PRESSAO, EM PVC, DE 32 MM, PARA ELETRODUTO FLEXIVEL;UN;1.46
MATERIAL;12407;"LUVA DE REDUCAO DE FERRO GALVANIZADO, COM ROSCA BSP MACHO/FEMEA, DE 1 1/2"" X 1""";UN;37.57
MATERIAL;12408;"LUVA DE REDUCAO DE FERRO GALVANIZADO, COM ROSCA BSP MACHO/FEMEA, DE 1"" X 1/2""";UN;21.2
MATERIAL;12409;"LUVA DE REDUCAO DE FERRO GALVANIZADO, COM ROSCA BSP MACHO/FEMEA, DE 1"" X 3/4""";UN;21.2
MATERIAL;12410;"LUVA DE REDUCAO DE FERRO GALVANIZADO, COM ROSCA BSP MACHO/FEMEA, DE 3/4"" X 1/2""";UN;14.61
MATERIAL;3936;"LUVA DE REDUCAO DE FERRO GALVANIZADO, COM ROSCA BSP, DE 1 1/2"" X 1 1/4""";UN;26.39
MATERIAL;3924;"LUVA DE REDUCAO DE FERRO GALVANIZADO, COM ROSCA BSP, DE 1 1/2"" X 1""";UN;26.39
MATERIAL;3922;"LUVA DE REDUCAO DE FERRO GALVANIZADO, COM ROSCA BSP, DE 1 1/2"" X 1/2""";UN;24.28
MATERIAL;3923;"LUVA DE REDUCAO DE FERRO GALVANIZADO, COM ROSCA BSP, DE 1 1/2"" X 3/4""";UN;26.39
MATERIAL;3921;"LUVA DE REDUCAO DE FERRO GALVANIZADO, COM ROSCA BSP, DE 1 1/4"" X 1""";UN;21.79
MATERIAL;3937;"LUVA DE REDUCAO DE FERRO GALVANIZADO, COM ROSCA BSP, DE 1 1/4"" X 1/2""";UN;21.77
MATERIAL;3920;"LUVA DE REDUCAO DE FERRO GALVANIZADO, COM ROSCA BSP, DE 1 1/4"" X 3/4""";UN;21.77
MATERIAL;3938;"LUVA DE REDUCAO DE FERRO GALVANIZADO, COM ROSCA BSP, DE 1"" X 1/2""";UN;14.36
MATERIAL;3919;"LUVA DE REDUCAO DE FERRO GALVANIZADO, COM ROSCA BSP, DE 1"" X 3/4""";UN;14.63
MATERIAL;3927;"LUVA DE REDUCAO DE FERRO GALVANIZADO, COM ROSCA BSP, DE 2 1/2"" X 1 1/2""";UN;74.12
MATERIAL;3928;"LUVA DE REDUCAO DE FERRO GALVANIZADO, COM ROSCA BSP, DE 2 1/2"" X 2""";UN;74.12
MATERIAL;3926;"LUVA DE REDUCAO DE FERRO GALVANIZADO, COM ROSCA BSP, DE 2"" X 1 1/2""";UN;42.26
MATERIAL;3935;"LUVA DE REDUCAO DE FERRO GALVANIZADO, COM ROSCA BSP, DE 2"" X 1 1/4""";UN;42.26
MATERIAL;3925;"LUVA DE REDUCAO DE FERRO GALVANIZADO, COM ROSCA BSP, DE 2"" X 1""";UN;42.26
MATERIAL;3929;"LUVA DE REDUCAO DE FERRO GALVANIZADO, COM ROSCA BSP, DE 3"" X 1 1/2""";UN;112.93
MATERIAL;3931;"LUVA DE REDUCAO DE FERRO GALVANIZADO, COM ROSCA BSP, DE 3"" X 2 1/2""";UN;112.93
MATERIAL;3930;"LUVA DE REDUCAO DE FERRO GALVANIZADO, COM ROSCA BSP, DE 3"" X 2""";UN;112.93
MATERIAL;12406;"LUVA DE REDUCAO DE FERRO GALVANIZADO, COM ROSCA BSP, DE 3/4"" X 1/2""";UN;10.38
MATERIAL;3932;"LUVA DE REDUCAO DE FERRO GALVANIZADO, COM ROSCA BSP, DE 4"" X 2 1/2""";UN;195
MATERIAL;3933;"LUVA DE REDUCAO DE FERRO GALVANIZADO, COM ROSCA BSP, DE 4"" X 2""";UN;195
MATERIAL;3934;"LUVA DE REDUCAO DE FERRO GALVANIZADO, COM ROSCA BSP, DE 4"" X 3""";UN;195
MATERIAL;40355;"LUVA DE REDUCAO EM ACO CARBONO, COM ENCAIXE PARA SOLDA DN SW, PRESSAO 3.000 LBS, 3/4"" X 1/2""";UN;12.72
MATERIAL;40364;"LUVA DE REDUCAO EM ACO CARBONO, COM ENCAIXE PARA SOLDA DN SW, PRESSAO 3.000 LBS, DN 1 1/2"" X 1 1/4""";UN;59.6
MATERIAL;40361;"LUVA DE REDUCAO EM ACO CARBONO, COM ENCAIXE PARA SOLDA DN SW, PRESSAO 3.000 LBS, DN 1 1/4"" X 1""";UN;46.6
MATERIAL;40358;"LUVA DE REDUCAO EM ACO CARBONO, COM ENCAIXE PARA SOLDA DN SW, PRESSAO 3.000 LBS, DN 1"" X 3/4""";UN;17.76
MATERIAL;40370;"LUVA DE REDUCAO EM ACO CARBONO, COM ENCAIXE PARA SOLDA DN SW, PRESSAO 3.000 LBS, DN 2 1/2"" X 2""";UN;189.1
MATERIAL;40367;"LUVA DE REDUCAO EM ACO CARBONO, COM ENCAIXE PARA SOLDA DN SW, PRESSAO 3.000 LBS, DN 2"" X 1 1/2""";UN;93.99
MATERIAL;40373;"LUVA DE REDUCAO EM ACO CARBONO, COM ENCAIXE PARA SOLDA DN SW, PRESSAO 3.000 LBS, DN 3"" X 2 1/2""";UN;255.72
MATERIAL;3907;"LUVA DE REDUCAO ROSCAVEL, PVC, 1"" X 3/4"", PARA AGUA FRIA PREDIAL";UN;6.75
MATERIAL;3889;"LUVA DE REDUCAO ROSCAVEL, PVC, 3/4"" X 1/2"", PARA AGUA FRIA PREDIAL";UN;4.8
MATERIAL;3868;LUVA DE REDUCAO SOLDAVEL, PVC, 25 MM X 20 MM, PARA AGUA FRIA PREDIAL;UN;1.76
MATERIAL;3869;LUVA DE REDUCAO SOLDAVEL, PVC, 32 MM X 25 MM, PARA AGUA FRIA PREDIAL;UN;3.9
MATERIAL;3872;LUVA DE REDUCAO SOLDAVEL, PVC, 40 MM X 32 MM, PARA AGUA FRIA PREDIAL;UN;6.66
MATERIAL;3850;LUVA DE REDUCAO SOLDAVEL, PVC, 60 MM X 50 MM, PARA AGUA FRIA PREDIAL;UN;15.37
MATERIAL;38023;LUVA DE REDUCAO, SOLDAVEL, PVC, 50 X 25 MM, PARA AGUA FRIA PREDIAL;UN;7.82
MATERIAL;37986;LUVA DE TRANSICAO DE CPVC X PVC, SOLDAVEL, 22 X 25 MM, PARA AGUA QUENTE;UN;2.48
MATERIAL;21120;"LUVA DE TRANSICAO, CPVC, 15 MM X 1/2"", PARA AGUA QUENTE PREDIAL";UN;12.66
MATERIAL;39318;"LUVA DE TRANSICAO, CPVC, 22 MM X 1/2"", PARA AGUA QUENTE";UN;11.77
MATERIAL;37987;"LUVA DE TRANSICAO, CPVC, SOLDAVEL, 42 MM X 1 1/2"", PARA AGUA QUENTE";UN;123.79
MATERIAL;37988;"LUVA DE TRANSICAO, CPVC, SOLDAVEL, 54 MM X 2"", PARA AGUA QUENTE PREDIAL";UN;196.71
MATERIAL;40366;"LUVA EM ACO CARBONO, SOLDAVEL, PRESSAO 3.000 LBS, DN 1 1/2""";UN;46.49
MATERIAL;40363;"LUVA EM ACO CARBONO, SOLDAVEL, PRESSAO 3.000 LBS, DN 1 1/4""";UN;36.36
MATERIAL;40360;"LUVA EM ACO CARBONO, SOLDAVEL, PRESSAO 3.000 LBS, DN 1""";UN;23.84
MATERIAL;40354;"LUVA EM ACO CARBONO, SOLDAVEL, PRESSAO 3.000 LBS, DN 1/2""";UN;15.83
MATERIAL;40372;"LUVA EM ACO CARBONO, SOLDAVEL, PRESSAO 3.000 LBS, DN 2 1/2""";UN;147.2
MATERIAL;40369;"LUVA EM ACO CARBONO, SOLDAVEL, PRESSAO 3.000 LBS, DN 2""";UN;73.26
MATERIAL;40375;"LUVA EM ACO CARBONO, SOLDAVEL, PRESSAO 3.000 LBS, DN 3""";UN;199.28
MATERIAL;40357;"LUVA EM ACO CARBONO, SOLDAVEL, PRESSAO 3.000 LBS, DN 3/4""";UN;17.76
MATERIAL;1893;"LUVA EM PVC RIGIDO ROSCAVEL, DE 1 1/2"", PARA ELETRODUTO";UN;3.01
MATERIAL;1902;"LUVA EM PVC RIGIDO ROSCAVEL, DE 1 1/4"", PARA ELETRODUTO";UN;2.19
MATERIAL;1892;"LUVA EM PVC RIGIDO ROSCAVEL, DE 1"", PARA ELETRODUTO";UN;1.41
MATERIAL;1901;"LUVA EM PVC RIGIDO ROSCAVEL, DE 1/2"", PARA ELETRODUTO";UN;0.68
MATERIAL;1907;"LUVA EM PVC RIGIDO ROSCAVEL, DE 2 1/2"", PARA ELETRODUTO";UN;9.69
MATERIAL;1894;"LUVA EM PVC RIGIDO ROSCAVEL, DE 2"", PARA ELETRODUTO";UN;4.36
MATERIAL;1896;"LUVA EM PVC RIGIDO ROSCAVEL, DE 3"", PARA ELETRODUTO";UN;13.01
MATERIAL;1891;"LUVA EM PVC RIGIDO ROSCAVEL, DE 3/4"", PARA ELETRODUTO";UN;1.01
MATERIAL;1895;"LUVA EM PVC RIGIDO ROSCAVEL, DE 4"", PARA ELETRODUTO";UN;22.86
MATERIAL;2641;"LUVA PARA ELETRODUTO, EM ACO GALVANIZADO ELETROLITICO, COM ROSCA, DIAMETRO DE 100 MM (4"")";UN;25.48
MATERIAL;2636;"LUVA PARA ELETRODUTO, EM ACO GALVANIZADO ELETROLITICO, COM ROSCA, DIAMETRO DE 15 MM (1/2"")";UN;1.64
MATERIAL;2637;"LUVA PARA ELETRODUTO, EM ACO GALVANIZADO ELETROLITICO, COM ROSCA, DIAMETRO DE 20 MM (3/4"")";UN;1.74
MATERIAL;2638;"LUVA PARA ELETRODUTO, EM ACO GALVANIZADO ELETROLITICO, COM ROSCA, DIAMETRO DE 25 MM (1"")";UN;2.03
MATERIAL;2639;"LUVA PARA ELETRODUTO, EM ACO GALVANIZADO ELETROLITICO, COM ROSCA, DIAMETRO DE 32 MM (1 1/4"")";UN;3.6
MATERIAL;2644;"LUVA PARA ELETRODUTO, EM ACO GALVANIZADO ELETROLITICO, COM ROSCA, DIAMETRO DE 40 MM (1 1/2"")";UN;5.21
MATERIAL;2640;"LUVA PARA ELETRODUTO, EM ACO GALVANIZADO ELETROLITICO, COM ROSCA, DIAMETRO DE 65 MM (2 1/2"")";UN;10.6
MATERIAL;2642;"LUVA PARA ELETRODUTO, EM ACO GALVANIZADO ELETROLITICO, COM ROSCA, DIAMETRO DE 80 MM (3"")";UN;16.14
MATERIAL;2643;"LUVA PARA ELETRODUTO, EM ACO GALVANIZADO ELETROLITICO, COM ROSCA,DIAMETRO DE 50 MM (2"")";UN;7.26
EQUIPAMENTO (AQUISIÇÃO);44281;"LUVA PARA PERFURATRIZ DE ESTEIRA T38, D = 1 1/2""";UN;272.34
MATERIAL;39855;LUVA PASSANTE DE COBRE SEM ANEL DE SOLDA, BOLSA 15 MM;UN;4
MATERIAL;39856;LUVA PASSANTE DE COBRE SEM ANEL DE SOLDA, BOLSA 22 MM;UN;9.42
MATERIAL;39857;LUVA PASSANTE DE COBRE SEM ANEL DE SOLDA, BOLSA 28 MM;UN;15.24
MATERIAL;39858;LUVA PASSANTE DE COBRE SEM ANEL DE SOLDA, BOLSA 35 MM;UN;33.83
MATERIAL;39859;LUVA PASSANTE DE COBRE SEM ANEL DE SOLDA, BOLSA 42 MM;UN;52.14
MATERIAL;39860;LUVA PASSANTE DE COBRE SEM ANEL DE SOLDA, BOLSA 54 MM;UN;80.02
MATERIAL;39861;LUVA PASSANTE DE COBRE SEM ANEL DE SOLDA, BOLSA 66 MM;UN;228.47
MATERIAL;3867;LUVA PVC SOLDAVEL, 110 MM, PARA AGUA FRIA PREDIAL;UN;93.6
MATERIAL;3861;LUVA PVC SOLDAVEL, 20 MM, PARA AGUA FRIA PREDIAL;UN;0.97
MATERIAL;3904;LUVA PVC SOLDAVEL, 25 MM, PARA AGUA FRIA PREDIAL;UN;1.03
MATERIAL;3903;LUVA PVC SOLDAVEL, 32 MM, PARA AGUA FRIA PREDIAL;UN;2.51
MATERIAL;3862;LUVA PVC SOLDAVEL, 40 MM, PARA AGUA FRIA PREDIAL;UN;5.35
MATERIAL;3863;LUVA PVC SOLDAVEL, 50 MM, PARA AGUA FRIA PREDIAL;UN;5.48
MATERIAL;3864;LUVA PVC SOLDAVEL, 60 MM, PARA AGUA FRIA PREDIAL;UN;16.79
MATERIAL;3865;LUVA PVC SOLDAVEL, 75 MM, PARA AGUA FRIA PREDIAL;UN;24.55
MATERIAL;3866;LUVA PVC SOLDAVEL, 85 MM, PARA AGUA FRIA PREDIAL;UN;55.12
MATERIAL;3878;"LUVA PVC, ROSCAVEL, 1 1/2"", AGUA FRIA PREDIAL";UN;15.03
MATERIAL;3876;"LUVA PVC, ROSCAVEL, 1"", AGUA FRIA PREDIAL";UN;5.98
MATERIAL;3883;"LUVA PVC, ROSCAVEL, 1/2"", AGUA FRIA PREDIAL";UN;1.92
MATERIAL;3884;"LUVA PVC, ROSCAVEL, 3/4"", AGUA FRIA PREDIAL";UN;3.04
MATERIAL;12892;LUVA RASPA DE COURO, CANO CURTO (PUNHO *7* CM);PAR;12.73
MATERIAL;38447;LUVA SIMPLES PPR, F/F, SOLDAVEL, DN 110 MM, PARA AGUA QUENTE PREDIAL;UN;106.49
MATERIAL;36320;LUVA SIMPLES PPR, F/F, SOLDAVEL, DN 20 MM, PARA AGUA QUENTE PREDIAL;UN;2.86
MATERIAL;36324;LUVA SIMPLES PPR, F/F, SOLDAVEL, DN 25 MM, PARA AGUA QUENTE PREDIAL;UN;2.61
MATERIAL;38441;LUVA SIMPLES PPR, F/F, SOLDAVEL, DN 32 MM, PARA AGUA QUENTE PREDIAL;UN;4.68
MATERIAL;38442;LUVA SIMPLES PPR, F/F, SOLDAVEL, DN 40 MM, PARA AGUA QUENTE PREDIAL;UN;13.31
MATERIAL;38443;LUVA SIMPLES PPR, F/F, SOLDAVEL, DN 50 MM, PARA AGUA QUENTE PREDIAL;UN;16.14
MATERIAL;38444;LUVA SIMPLES PPR, F/F, SOLDAVEL, DN 63 MM, PARA AGUA QUENTE PREDIAL;UN;27.11
MATERIAL;38445;LUVA SIMPLES PPR, F/F, SOLDAVEL, DN 75 MM, PARA AGUA QUENTE PREDIAL;UN;50.27
MATERIAL;38446;LUVA SIMPLES PPR, F/F, SOLDAVEL, DN 90 MM, PARA AGUA QUENTE PREDIAL;UN;82.28
MATERIAL;3837;LUVA SIMPLES PVC PBA, JE, DN 100 / DE 110 MM, PARA REDE DE AGUA;UN;49.36
MATERIAL;3845;LUVA SIMPLES PVC PBA, JE, DN 50 / DE 60 MM, PARA REDE DE AGUA;UN;18.03
MATERIAL;11045;LUVA SIMPLES PVC PBA, JE, DN 75 / DE 85 MM, PARA REDE DE AGUA;UN;34.78
MATERIAL;20170;LUVA SIMPLES, PVC SERIE R, 100 MM, PARA ESGOTO PREDIAL;UN;18.05
MATERIAL;20171;LUVA SIMPLES, PVC SERIE R, 150 MM, PARA ESGOTO PREDIAL;UN;52.05
MATERIAL;20167;LUVA SIMPLES, PVC SERIE R, 40 MM, PARA ESGOTO PREDIAL;UN;6.55
MATERIAL;20168;LUVA SIMPLES, PVC SERIE R, 50 MM, PARA ESGOTO PREDIAL;UN;13.47
MATERIAL;20169;LUVA SIMPLES, PVC SERIE R, 75 MM, PARA ESGOTO PREDIAL;UN;15.72
MATERIAL;3899;LUVA SIMPLES, PVC, SOLDAVEL, DN 100 MM, SERIE NORMAL, PARA ESGOTO PREDIAL;UN;8.72
MATERIAL;38676;LUVA SIMPLES, PVC, SOLDAVEL, DN 150 MM, SERIE NORMAL, PARA ESGOTO PREDIAL;UN;43.62
MATERIAL;3897;LUVA SIMPLES, PVC, SOLDAVEL, DN 40 MM, SERIE NORMAL, PARA ESGOTO PREDIAL;UN;2.13
MATERIAL;3875;LUVA SIMPLES, PVC, SOLDAVEL, DN 50 MM, SERIE NORMAL, PARA ESGOTO PREDIAL;UN;4.4
MATERIAL;3898;LUVA SIMPLES, PVC, SOLDAVEL, DN 75 MM, SERIE NORMAL, PARA ESGOTO PREDIAL;UN;8.92
MATERIAL;3855;"LUVA SOLDAVEL COM BUCHA DE LATAO, PVC, 20 MM X 1/2""";UN;6.49
MATERIAL;3874;"LUVA SOLDAVEL COM BUCHA DE LATAO, PVC, 25 MM X 1/2""";UN;7.52
MATERIAL;3870;"LUVA SOLDAVEL COM BUCHA DE LATAO, PVC, 25 MM X 3/4""";UN;8.25
MATERIAL;38678;"LUVA SOLDAVEL COM BUCHA DE LATAO, PVC, 32 MM X 1""";UN;21.84
MATERIAL;3859;"LUVA SOLDAVEL COM ROSCA, PVC, 20 MM X 1/2"", PARA AGUA FRIA PREDIAL";UN;1.66
MATERIAL;3856;"LUVA SOLDAVEL COM ROSCA, PVC, 25 MM X 1/2"", PARA AGUA FRIA PREDIAL";UN;2.31
MATERIAL;3906;"LUVA SOLDAVEL COM ROSCA, PVC, 25 MM X 3/4"", PARA AGUA FRIA PREDIAL";UN;1.9
MATERIAL;3860;"LUVA SOLDAVEL COM ROSCA, PVC, 32 MM X 1"", PARA AGUA FRIA PREDIAL";UN;5.66
MATERIAL;3905;"LUVA SOLDAVEL COM ROSCA, PVC, 40 MM X 1 1/4"", PARA AGUA FRIA PREDIAL";UN;12.98
MATERIAL;3871;"LUVA SOLDAVEL COM ROSCA, PVC, 50 MM X 1 1/2"", PARA AGUA FRIA PREDIAL";UN;22.96
MATERIAL;37427;LUVA, PEAD PE 100, DE 125 MM, PARA ELETROFUSAO;UN;67.52
MATERIAL;37424;LUVA, PEAD PE 100, DE 20 MM, PARA ELETROFUSAO;UN;13.01
MATERIAL;37428;LUVA, PEAD PE 100, DE 200 MM, PARA ELETROFUSAO;UN;232.71
MATERIAL;37425;LUVA, PEAD PE 100, DE 32 MM, PARA ELETROFUSAO;UN;14.02
MATERIAL;37429;LUVA, PEAD PE 100, DE 400 MM, PARA ELETROFUSAO;UN;2942.81
MATERIAL;37426;LUVA, PEAD PE 100, DE 63 MM, PARA ELETROFUSAO;UN;28.31
MATERIAL;39292;LUVA/UNIAO DE REDUCAO METALICA, PARA CONEXAO COM ANEL DESLIZANTE, DN 20 X 16 MM, EM TUBO PEX PARA INST. AGUA QUENTE/FRIA;UN;8.86
MATERIAL;39293;LUVA/UNIAO DE REDUCAO METALICA, PARA CONEXAO COM ANEL DESLIZANTE, DN 25 X 16 MM, EM TUBO PEX PARA INST. AGUA QUENTE/FRIA;UN;13.77
MATERIAL;39294;LUVA/UNIAO DE REDUCAO METALICA, PARA CONEXAO COM ANEL DESLIZANTE, DN 25 X 20 MM, EM TUBO PEX PARA INST. AGUA QUENTE/FRIA;UN;14.72
MATERIAL;39295;LUVA/UNIAO DE REDUCAO METALICA, PARA CONEXAO COM ANEL DESLIZANTE, DN 32 X 25 MM, EM TUBO PEX PARA INST. AGUA QUENTE/FRIA;UN;20.24
MATERIAL;39312;LUVA/UNIAO DE REDUCAO, PLASTICA, PARA CONEXAO COM CRIMPAGEM, DN 20 X 16 MM, EM TUBO PEX PARA INST. AGUA QUENTE/FRIA;UN;13.59
MATERIAL;39313;LUVA/UNIAO DE REDUCAO, PLASTICA, PARA CONEXAO COM CRIMPAGEM, DN 25 X 16 MM, EM TUBO PEX PARA INST. AGUA QUENTE/FRIA;UN;18.25
MATERIAL;39314;LUVA/UNIAO DE REDUCAO, PLASTICA, PARA CONEXAO COM CRIMPAGEM, DN 32 X 25 MM, EM TUBO PEX PARA INST. AGUA QUENTE/FRIA;UN;26.85
MATERIAL;39296;LUVA/UNIAO METALICA, PARA CONEXAO COM ANEL DESLIZANTE, DN 16 MM, EM TUBO PEX PARA INST. AGUA QUENTE/FRIA;UN;8.08
MATERIAL;39297;LUVA/UNIAO METALICA, PARA CONEXAO COM ANEL DESLIZANTE, DN 20 MM, EM TUBO PEX PARA INST. AGUA QUENTE/FRIA;UN;10.95
MATERIAL;39298;LUVA/UNIAO METALICA, PARA CONEXAO COM ANEL DESLIZANTE, DN 25 MM, EM TUBO PEX PARA INST. AGUA QUENTE/FRIA;UN;21.03
MATERIAL;39299;LUVA/UNIAO METALICA, PARA CONEXAO COM ANEL DESLIZANTE, DN 32 MM, EM TUBO PEX PARA INST. AGUA QUENTE/FRIA;UN;24.92
MATERIAL;39308;LUVA/UNIAO, PLASTICA, PARA CONEXAO COM CRIMPAGEM, DN 16 MM, EM TUBO PEX PARA INST. AGUA QUENTE/FRIA;UN;6.74
MATERIAL;39309;LUVA/UNIAO, PLASTICA, PARA CONEXAO COM CRIMPAGEM, DN 20 MM, EM TUBO PEX PARA INST. AGUA QUENTE/FRIA;UN;7.68
MATERIAL;39310;LUVA/UNIAO, PLASTICA, PARA CONEXAO COM CRIMPAGEM, DN 25 MM, EM TUBO PEX PARA INST. AGUA QUENTE/FRIA;UN;14.34
MATERIAL;39311;LUVA/UNIAO, PLASTICA, PARA CONEXAO COM CRIMPAGEM, DN 32 MM, EM TUBO PEX PARA INST. AGUA QUENTE/FRIA;UN;20.31
MATERIAL;45261;LUVAS DE PVC, COM COMPRIMENTO DE *35* CM, FORRADAS, ACABAMENTO ASPERO ANTIDERRAPANTE NA FACE PALMAR;PAR;22.22
MATERIAL;11519;MACANETA ALAVANCA RETA OCA, EM ZAMAC COM ACABAMENTO CROMADO, COMPRIMENTO APROX DE 15 CM;PAR;60.25
MATERIAL;11520;MACANETA ALAVANCA, RETA SIMPLES / OCA, CROMADA, COMPRIMENTO DE 10 A 16 CM, ACABAMENTO PADRAO POPULAR - SOMENTE MACANETAS;PAR;27.85
MATERIAL;11518;"MACANETA BOLA, EM ZAMAC COM ACABAMENTO CROMADO, DIAMETRO DE APROX 2 1/2""";PAR;101.27
MATERIAL;38473;MACARICO DE SOLDA 201 PARA EXTENSAO GLP OU ACETILENO;UN;299.57
MAO DE OBRA;4244;MACARIQUEIRO (HORISTA);H;32.89
MAO DE OBRA;40977;MACARIQUEIRO (MENSALISTA);MES;5765.22
MATERIAL;4115;MADEIRA ROLICA TRATADA, D = 12 A 15 CM, H = 3,00 M, EM EUCALIPTO OU EQUIVALENTE DA REGIAO;M;31.95
MATERIAL;4119;MADEIRA ROLICA TRATADA, D = 16 A 20 CM, H = 6,00 M, EM EUCALIPTO OU EQUIVALENTE DA REGIAO;M;64.53
MATERIAL;2794;MADEIRA ROLICA TRATADA, D = 25 A 29 CM, H = 6,50 M, EM EUCALIPTO OU EQUIVALENTE DA REGIAO;M;171.19
MATERIAL;2788;MADEIRA ROLICA TRATADA, D = 30 A 34 CM, H = 6,50 M, EM EUCALIPTO OU EQUIVALENTE DA REGIAO;M;249.39
MATERIAL;4006;MADEIRA SERRADA EM PINUS, MISTA OU EQUIVALENTE DA REGIAO - BRUTA;M3;1858.3
MATERIAL;45395;MANGOTE DE SEGURANCA EM RASPA DE COURO;PAR;33.71
MATERIAL;37461;"MANGUEIRA CRISTAL TRANCADA, PVC COM REFORCO, COM PRESSAO DE TRABALHO (PT) 250 LBS/POL2, DE 3/4"" X *2,8* MM";M;13.17
MATERIAL;37460;"MANGUEIRA CRISTAL TRANCADA, PVC COM REFORCO, PRESSAO DE TRABALHO (PT) 250 LBS/POL2, DE 1"" X *3,1* MM";M;23.11
MATERIAL;37458;"MANGUEIRA CRISTAL, LISA, PVC TRANSPARENTE, 1/2"" X 2 MM";M;5.36
MATERIAL;37454;"MANGUEIRA CRISTAL, LISA, PVC TRANSPARENTE, 1/4"" X1 MM";M;1.67
MATERIAL;37455;"MANGUEIRA CRISTAL, LISA, PVC TRANSPARENTE, 1/4"" X1,5 MM";M;2.79
MATERIAL;37459;"MANGUEIRA CRISTAL, LISA, PVC TRANSPARENTE, 3/4"" X 2 MM";M;8.93
MATERIAL;37457;"MANGUEIRA CRISTAL, LISA, PVC TRANSPARENTE, 3/8"" X 1,5 MM";M;3.08
MATERIAL;37456;"MANGUEIRA CRISTAL, LISA, PVC TRANSPARENTE, 5/16"" X 1 MM";M;2.11
MATERIAL;21029;"MANGUEIRA DE INCENDIO, TIPO 1, DE 1 1/2"", COMPRIMENTO = 15 M, TECIDO EM FIO DE POLIESTER E TUBO INTERNO EM BORRACHA SINTETICA, COM UNIOES ENGATE RAPIDO";UN;353
MATERIAL;21030;"MANGUEIRA DE INCENDIO, TIPO 1, DE 1 1/2"", COMPRIMENTO = 20 M, TECIDO EM FIO DE POLIESTER E TUBO INTERNO EM BORRACHA SINTETICA, COM UNIOES ENGATE RAPIDO";UN;435.13
MATERIAL;21031;"MANGUEIRA DE INCENDIO, TIPO 1, DE 1 1/2"", COMPRIMENTO = 25 M, TECIDO EM FIO DE POLIESTER E TUBO INTERNO EM BORRACHA SINTETICA, COM UNIOES ENGATE RAPIDO";UN;541.73
MATERIAL;21032;"MANGUEIRA DE INCENDIO, TIPO 1, DE 1 1/2"", COMPRIMENTO = 30 M, TECIDO EM FIO DE POLIESTER E TUBO INTERNO EM BORRACHA SINTETICA, COM UNIOES ENGATE RAPIDO";UN;578.43
MATERIAL;37527;"MANGUEIRA DE INCENDIO, TIPO 2, DE 1 1/2"", COMPRIMENTO = 15 M, TECIDO EM FIO DE POLIESTER E TUBO INTERNO EM BORRACHA SINTETICA, COM UNIOES ENGATE RAPIDO";UN;522.5
MATERIAL;37528;"MANGUEIRA DE INCENDIO, TIPO 2, DE 1 1/2"", COMPRIMENTO = 20 M, TECIDO EM FIO DE POLIESTER E TUBO INTERNO EM BORRACHA SINTETICA, COM UNIOES";UN;622.99
MATERIAL;37529;"MANGUEIRA DE INCENDIO, TIPO 2, DE 1 1/2"", COMPRIMENTO = 25 M, TECIDO EM FIO DE POLIESTER E TUBO INTERNO EM BORRACHA SINTETICA, COM UNIOES";UN;629.1
MATERIAL;37530;"MANGUEIRA DE INCENDIO, TIPO 2, DE 1 1/2"", COMPRIMENTO = 30 M, TECIDO EM FIO DE POLIESTER E TUBO INTERNO EM BORRACHA SINTETICA, COM UNIOES";UN;821.33
MATERIAL;21034;"MANGUEIRA DE INCENDIO, TIPO 2, DE 2 1/2"", COMPRIMENTO = 15 M, TECIDO EM FIO DE POLIESTER E TUBO INTERNO EM BORRACHA SINTETICA, COM UNIOES ENGATE RAPIDO";UN;700.75
MATERIAL;37531;"MANGUEIRA DE INCENDIO, TIPO 2, DE 2 1/2"", COMPRIMENTO = 20 M, TECIDO EM FIO DE POLIESTER E TUBO INTERNO EM BORRACHA SINTETICA, COM UNIOES";UN;882.5
MATERIAL;21036;"MANGUEIRA DE INCENDIO, TIPO 2, DE 2 1/2"", COMPRIMENTO = 25 M, TECIDO EM FIO DE POLIESTER E TUBO INTERNO EM BORRACHA SINTETICA, COM UNIOES ENGATE RAPIDO";UN;1072.98
MATERIAL;21037;"MANGUEIRA DE INCENDIO, TIPO 2, DE 2 1/2"", COMPRIMENTO = 30 M, TECIDO EM FIO DE POLIESTER E TUBO INTERNO EM BORRACHA SINTETICA, COM UNIOES ENGATE RAPIDO";UN;1223.26
MATERIAL;20185;"MANGUEIRA DE PVC FLEXIVEL, TIPO FLAT/ACHATADA, D = 1 1/2"" (40 MM), PARA CONDUCAO DE AGUA, SERVICOS LEVES E MEDIOS";M;14.2
MATERIAL;44909;"MANGUEIRA FLEXIVEL TRANSPARENTE COM ESPIRAL AZUL, EM PVC, DIAM. 1"" (25 MM), PARA SERVICOS LEVES DE SUCCAO E DESCARGA";M;16.01
MATERIAL;44115;"MANGUEIRA FLEXIVEL TRANSPARENTE COM ESPIRAL AZUL, EM PVC, DIAM. 2"" (50 MM), PARA SERVICOS LEVES DE SUCCAO E DESCARGA";M;29.46
MATERIAL;44333;"MANGUEIRA FLEXIVEL TRANSPARENTE COM ESPIRAL AZUL, EM PVC, DIAM. 4"" (100 MM), PARA SERVICOS LEVES DE SUCCAO E DESCARGA";M;96.75
MATERIAL;44907;MANGUEIRA PARA AR E AGUA DE PVC/BORRACHA, PRESSAO 300 PSI, DIAMETRO DE 1 POLEGADA;M;16.97
MATERIAL;20260;"MANGUEIRA PARA GAS - GLP, PVC, TRANCADA, DIAMETRO DE 3/8"", COMPRIMENTO DE 1M (NORMATIZADA)";UN;15.56
EQUIPAMENTO (AQUISIÇÃO);37515;MANIPULADOR TELESCOPICO, POTENCIA DE 85 HP, CAPACIDADE DE CARGA DE 3.500 KG, ALTURA MAXIMA DE ELEVACAO DE 12,3 M;UN;581297.71
MATERIAL;12899;"MANOMETRO COM CAIXA EM ACO PINTADO, ESCALA *10* KGF/CM2 (*10* BAR), DIAMETRO NOMINAL DE *63* MM, CONEXAO DE 1/4""";UN;142.16
MATERIAL;12898;"MANOMETRO COM CAIXA EM ACO PINTADO, ESCALA *10* KGF/CM2 (*10* BAR), DIAMETRO NOMINAL DE 100 MM, CONEXAO DE 1/2""";UN;225.5
MATERIAL;39699;MANTA / LENCOL DE BORRACHA, SBR, ANTIRRUIDO, E = 5 MM;M2;16.17
MATERIAL;39696;MANTA ALUMINIZADA 1 FACE PARA SUBCOBERTURA, E = *1* MM;M2;6.45
MATERIAL;42528;MANTA ALUMINIZADA NAS DUAS FACES, PARA SUBCOBERTURA, E = *2* MM;M2;9.17
MATERIAL;39700;MANTA ANTIRRUIDO DE POLIESTER (PET) PARA CONTRAPISO E = *8* MM;M2;28.94
MATERIAL;4014;MANTA ASFALTICA ELASTOMERICA EM POLIESTER 3 MM, TIPO III, CLASSE B, ACABAMENTO PP (NBR 9952);M2;59.58
MATERIAL;4015;MANTA ASFALTICA ELASTOMERICA EM POLIESTER 4 MM, TIPO III, CLASSE B, ACABAMENTO PP (NBR 9952);M2;73.17
MATERIAL;4017;MANTA ASFALTICA ELASTOMERICA EM POLIESTER 5 MM, TIPO III, CLASSE B, ACABAMENTO PP (NBR 9952);M2;106.46
MATERIAL;11621;MANTA ASFALTICA ELASTOMERICA EM POLIESTER ALUMINIZADA 3 MM, TIPO III, CLASSE B (NBR 9952);M2;57.59
MATERIAL;4016;MANTA ASFALTICA ELASTOMERICA TIPO GLASS 3 MM, TIPO II, CLASSE C, ACABAMENTO PP (NBR 9952);M2;42.05
MATERIAL;38544;MANTA DE POLIETILENO EXPANDIDO (PEBD) ANTICHAMAS, E = 8 MM;M2;10.79
MATERIAL;38545;MANTA DE POLIETILENO EXPANDIDO (PEBD), E = 5 MM;M2;6.93
MATERIAL;42527;MANTA DE POLIETILENO EXPANDIDO, COM 1 FACE METALIZADA PARA SUBCOBERTURA, E = *5* MM;M2;24.23
MATERIAL;39323;MANTA GEOTEXTIL TECIDO DE LAMINETES DE POLIPROPILENO, RESISTENCIA A TRACAO = *25* KN/M;M2;26.45
MATERIAL;626;MANTA LIQUIDA DE BASE ASFALTICA MODIFICADA COM A ADICAO DE ELASTOMEROS DILUIDOS EM SOLVENTE ORGANICO, APLICACAO A FRIO (MEMBRANA DE EMULSAO ASFALTICA PARA IMPERMEABILIZACAO FLEXIVEL);KG;19.16
MATERIAL;44504;MANTA TERMOPLASTICA, PEAD, GEOMEMBRANA LISA, E = 0,50 MM (NBR 15352);M2;14.85
MATERIAL;44505;MANTA TERMOPLASTICA, PEAD, GEOMEMBRANA LISA, E = 0,75 MM (NBR 15352);M2;22.41
MATERIAL;44506;MANTA TERMOPLASTICA, PEAD, GEOMEMBRANA LISA, E = 0,80 MM (NBR 15352);M2;23.79
MATERIAL;44507;MANTA TERMOPLASTICA, PEAD, GEOMEMBRANA LISA, E = 1,00 MM (NBR 15352);M2;29.73
MATERIAL;44508;MANTA TERMOPLASTICA, PEAD, GEOMEMBRANA LISA, E = 1,50 MM (NBR 15352);M2;44.59
MATERIAL;44509;MANTA TERMOPLASTICA, PEAD, GEOMEMBRANA LISA, E = 2,00 MM (NBR 15352);M2;59.73
MATERIAL;44510;MANTA TERMOPLASTICA, PEAD, GEOMEMBRANA LISA, E = 2,50 MM (NBR 15352);M2;74.17
MATERIAL;44512;MANTA TERMOPLASTICA, PEAD, GEOMEMBRANA TEXTURIZADA EM AMBAS AS FACES, E = 0,50 MM (NBR 15352);M2;16.55
MATERIAL;44513;MANTA TERMOPLASTICA, PEAD, GEOMEMBRANA TEXTURIZADA EM AMBAS AS FACES, E = 0,75 MM (NBR 15352);M2;23.37
MATERIAL;44514;MANTA TERMOPLASTICA, PEAD, GEOMEMBRANA TEXTURIZADA EM AMBAS AS FACES, E = 0,80 MM (NBR 15352);M2;26.49
MATERIAL;44515;MANTA TERMOPLASTICA, PEAD, GEOMEMBRANA TEXTURIZADA EM AMBAS AS FACES, E = 1,00 MM (NBR 15352);M2;32.53
MATERIAL;44511;MANTA TERMOPLASTICA, PEAD, GEOMEMBRANA TEXTURIZADA EM AMBAS AS FACES, E = 1,50 MM (NBR 15352);M2;48.15
MATERIAL;44516;MANTA TERMOPLASTICA, PEAD, GEOMEMBRANA TEXTURIZADA EM AMBAS AS FACES, E = 2,00 MM (NBR 15352);M2;65.07
MATERIAL;44517;MANTA TERMOPLASTICA, PEAD, GEOMEMBRANA TEXTURIZADA EM AMBAS AS FACES, E = 2,50 MM (NBR 15352);M2;81.16
MATERIAL;11479;MAQUINA DE 40 MM PARA FECHADURA DE EMBUTIR EXTERNA, EM ACO INOX;UN;42.3
MATERIAL;11481;MAQUINA DE 40 MM PARA FECHADURA, PARA PORTA DE BANHEIRO, EM ACO INOX;UN;38.27
MATERIAL;43609;MAQUINA DE 40 MM PARA FECHADURA, PARA PORTA INTERNA, EM ACO INOX;UN;38.27
MATERIAL;11478;MAQUINA DE 55 MM PARA FECHADURA DE EMBUTIR EXTERNA, EM ACO INOX;UN;72.58
MATERIAL;43608;MAQUINA DE 55 MM PARA FECHADURA, PARA PORTA DE BANHEIRO, EM ACO INOX;UN;55.38
MATERIAL;11476;MAQUINA DE 55 MM PARA FECHADURA, PARA PORTA INTERNA, EM ACO INOX;UN;55.38
EQUIPAMENTO (AQUISIÇÃO);40637;MAQUINA DEMARCADORA DE FAIXA DE TRAFEGO A FRIO, AUTOPROPELIDA, MOTOR DIESEL 38 HP;UN;902666.36
EQUIPAMENTO (AQUISIÇÃO);13836;MAQUINA EXTRUSORA DE CONCRETO PARA GUIAS E SARJETAS, COM MOTOR A DIESEL E POTENCIA DE 14 CV;UN;77662.84
EQUIPAMENTO (AQUISIÇÃO);39813;"MAQUINA TIPO VASO/TANQUE/JATO DE PRESSAO PORTATIL P/ JATEAMENTO, CONTROLE AUTOMATICO E REMOTO, CAMARA DE 1 SAIDA, 280 L, DIAM. *670* MM, BICO JATO CURTO VENTURI 5/16"", MANGUEIRA 1"" DE 10 M, COMPLETA (VALVULAS POP UP E DOSADORA, FUNDO CONICO ETC)";UN;38997.88
MAO DE OBRA;12868;MARCENEIRO (HORISTA);H;27.39
MAO DE OBRA;40916;MARCENEIRO (MENSALISTA);MES;4797.83
MAO DE OBRA;4755;MARMORISTA / GRANITEIRO (HORISTA);H;28.38
MAO DE OBRA;41067;MARMORISTA / GRANITEIRO (MENSALISTA);MES;4971.75
MATERIAL;45240;MARRETA DE ACO, OITAVADA, 500 G, COM CABO DE MADEIRA;UN;32.37
MATERIAL;45228;MARTELO DE BORRACHA PRETO 450 G, CABO DE MADEIRA *60* MM DE DIAMETRO;UN;27.66
MATERIAL;45241;MARTELO DE PEDREIRO, 1 CORTE, EM ACO, *500* G, COMPRIMENTO TOTAL DE *28* CM, COM CABO DE MADEIRA;UN;39.81
MATERIAL;38463;MARTELO DE SOLDADOR/PICADOR DE SOLDA;UN;49.18
EQUIPAMENTO (AQUISIÇÃO);40703;MARTELO DEMOLIDOR ELETRICO, COM POTENCIA DE 2.000 W, FREQUENCIA DE 1.000 IMPACTOS POR MINUTO, FORCA DE IMPACTO ENTRE 60 E 65 J, PESO DE 30 KG;UN;10500
EQUIPAMENTO (AQUISIÇÃO);11616;MARTELO DEMOLIDOR PNEUMATICO MANUAL, PADRAO, PESO DE 32 KG;UN;12541.76
EQUIPAMENTO (AQUISIÇÃO);41898;MARTELO DEMOLIDOR PNEUMATICO MANUAL, PESO DE 28 KG, COM SILENCIADOR;UN;6194.22
EQUIPAMENTO (AQUISIÇÃO);45304;MARTELO PERFURADOR PNEUMATICO MANUAL, HASTE 19 X 108 MM, *11* KG;UN;10655.91
MATERIAL;36141;MASCARA DE SEGURANCA PARA SOLDA COM ESCUDO DE CELERON E CARNEIRA DE PLASTICO COM REGULAGEM;UN;105.9
MATERIAL;45211;MASCARA DE SOLDA AUTOMATICA, COM GRAU DE ESCURECIMENTO DIN 9 A 13;UN;96.24
MATERIAL;43651;MASSA ACRILICA PARA SUPERFICIES INTERNAS E EXTERNAS;KG;7.18
MATERIAL;43626;MASSA CORRIDA PARA SUPERFICIES DE AMBIENTES INTERNOS;KG;3.99
MATERIAL;39434;MASSA DE REJUNTE EM PO PARA DRYWALL, A BASE DE GESSO, SECAGEM RAPIDA, PARA TRATAMENTO DE JUNTAS DE CHAPA DE GESSO (NECESSITA ADICAO DE AGUA);KG;3.58
MATERIAL;39433;MASSA DE REJUNTE PRONTA PARA TRATAMENTO DE JUNTAS DE CHAPA DE GESSO PARA DRYWALL, SEM ADICAO DE AGUA;KG;2.85
MATERIAL;4049;MASSA EPOXI BICOMPONENTE (MASSA + CATALISADOR);L;80.08
MATERIAL;38120;MASSA EPOXI BICOMPONENTE PARA REPAROS;KG;136.35
MATERIAL;43652;MASSA PARA MADEIRA - INTERIOR E EXTERIOR;KG;16.08
MATERIAL;10498;MASSA PARA VIDRO;KG;9.58
MATERIAL;4823;MASSA PLASTICA PARA MARMORE/GRANITO;KG;34.48
MATERIAL;38877;MASSA PREMIUM PARA TEXTURA LISA DE BASE ACRILICA, USO INTERNO E EXTERNO;KG;7.7
MATERIAL;34546;MASSA PREMIUM PARA TEXTURA RUSTICA DE BASE ACRILICA, COR BRANCA, USO INTERNO E EXTERNO;KG;7.92
MATERIAL;41387;"MASTRO SIMPLES GALVANIZADO DIAMETRO NOMINAL 1 1/2""";M;51.4
MATERIAL;41388;"MASTRO SIMPLES GALVANIZADO DIAMETRO NOMINAL 2""";M;61.66
MATERIAL;41380;"MASTRO TELESCOPICO DE 4 METROS (3 M X DN= 2"" + 1 M X DN= 1 1/2"")";UN;410.28
MATERIAL;41381;"MASTRO TELESCOPICO GALVANIZADO 5 METROS (3 M X DN= 2"" + 2 M X DN= 1 1/2"")";UN;429.82
MATERIAL;41382;"MASTRO TELESCOPICO GALVANIZADO 6 METROS (3 M X DN= 2"" + 3 M X DN= 1 1/2"")";UN;416.04
MATERIAL;41383;"MASTRO TELESCOPICO GALVANIZADO 7 METROS (6 M X DN= 2"" + 1 M X DN= 1 1/2"")";UN;564.69
MATERIAL;41385;"MASTRO TELESCOPICO GALVANIZADO 9 METROS (6 M X DN= 2"" + 3 M X DN= 1 1/2"")";UN;702.68
MAO DE OBRA;4058;MECANICO DE EQUIPAMENTOS PESADOS (HORISTA);H;42.93
MAO DE OBRA;40974;MECANICO DE EQUIPAMENTOS PESADOS (MENSALISTA);MES;7522.19
MAO DE OBRA;34794;MECANICO DE REFRIGERACAO (HORISTA);H;34.61
MAO DE OBRA;40925;MECANICO DE REFRIGERACAO (MENSALISTA);MES;6066.7
MATERIAL;13741;MEDIDOR DE NIVEL ESTATICO E DINAMICO PARA POCO, COMPRIMENTO DE 200 M;UN;2384.42
MATERIAL;3288;MEIA CANA DE MADEIRA CEDRINHO OU EQUIVALENTE DA REGIAO, ACABAMENTO PARA FORRO PAULISTA, *2,5 X 2,5* CM;M;7.6
MATERIAL;13587;MEIA CANA DE MADEIRA PINUS OU EQUIVALENTE DA REGIAO, ACABAMENTO PARA FORRO PAULISTA, *2,5 X 2,5* CM;M;4.59
MATERIAL;38598;MEIA CANALETA DE CONCRETO ESTRUTURAL 14 X 19 X 19 CM, FBK 14 MPA (NBR 6136);UN;3.86
MATERIAL;38595;MEIA CANALETA DE CONCRETO ESTRUTURAL 14 X 19 X 19 CM, FBK 4,5 MPA (NBR 6136);UN;3.27
MATERIAL;38592;MEIO BLOCO DE CONCRETO ESTRUTURAL 14 X 19 X 14 CM, FBK 14 MPA (NBR 6136);UN;3.3
MATERIAL;38588;MEIO BLOCO DE CONCRETO ESTRUTURAL 14 X 19 X 14 CM, FBK 4,5 MPA (NBR 6136);UN;2.64
MATERIAL;38593;MEIO BLOCO DE CONCRETO ESTRUTURAL 14 X 19 X 19 CM, FBK 14 MPA (NBR 6136);UN;3.65
MATERIAL;38589;MEIO BLOCO DE CONCRETO ESTRUTURAL 14 X 19 X 19 CM, FBK 4,5 MPA (NBR 6136);UN;2.77
MATERIAL;38594;MEIO BLOCO DE CONCRETO ESTRUTURAL 14 X 19 X 34 CM, FBK 14 MPA (NBR 6136);UN;5.75
MATERIAL;34774;MEIO BLOCO DE VEDACAO DE CONCRETO 14 X 19 X 19 CM (CLASSE C - NBR 6136);UN;2.59
MATERIAL;34771;MEIO BLOCO DE VEDACAO DE CONCRETO 19 X 19 X 19 CM (CLASSE C - NBR 6136);UN;3.12
MATERIAL;34764;MEIO BLOCO DE VEDACAO DE CONCRETO 9 X 19 X 19 CM (CLASSE C - NBR 6136);UN;2.04
MATERIAL;34773;MEIO BLOCO DE VEDACAO DE CONCRETO APARENTE 14 X 19 X 19 CM (CLASSE C - NBR 6136);UN;2.72
MATERIAL;34769;MEIO BLOCO DE VEDACAO DE CONCRETO APARENTE 19 X 19 X 19 CM (CLASSE C - NBR 6136);UN;3.37
MATERIAL;34763;MEIO BLOCO DE VEDACAO DE CONCRETO APARENTE 9 X 19 X 19 CM (CLASSE C - NBR 6136);UN;2.08
MATERIAL;34788;MEIO BLOCO ESTRUTURAL CERAMICO DE 14 X 19 X 14 CM (L X A X C) E 6,0 MPA;UN;1.33
MATERIAL;34781;MEIO BLOCO ESTRUTURAL CERAMICO DE 14 X 19 X 19 CM (L X A X C) E 6,0 MPA;UN;1.83
MATERIAL;41682;MEIO-FIO OU GUIA DE CONCRETO PRE MOLDADO, COMP 1 M, *30 X 10/12* CM (H X L1/L2);UN;31.47
MATERIAL;41683;MEIO-FIO OU GUIA DE CONCRETO PRE MOLDADO, COMP 80 CM, *30 X 10/10* (H X L1/L2);UN;23.15
MATERIAL;41680;MEIO-FIO OU GUIA DE CONCRETO PRE-MOLDADO, COMP *39* CM, *19 X 6,5/6,5* CM (H X L1/L2);UN;12.46
MATERIAL;41679;MEIO-FIO OU GUIA DE CONCRETO PRE-MOLDADO, COMP 1 M, *20 X 12/15* CM (H X L1/L2);UN;28.49
MATERIAL;41681;MEIO-FIO OU GUIA DE CONCRETO PRE-MOLDADO, COMP 80 CM, *25 X 08/08* CM (H X L1/L2);UN;19.5
MATERIAL;43386;MEIO-FIO OU GUIA DE CONCRETO PRE-MOLDADO, TIPO CHAPEU PARA BOCA DE LOBO, DIMENSOES *1,20* X 0,15 X 0,30 M;UN;44.53
MATERIAL;4059;MEIO-FIO OU GUIA DE CONCRETO, PRE-MOLDADO, COMP 1 M, *30 X 12/15* CM (H X L1/L2);M;31.47
MATERIAL;4062;MEIO-FIO OU GUIA DE CONCRETO, PRE-MOLDADO, COMP 1 M, *30 X 15* CM (H X L);UN;31.47
MATERIAL;4061;MEIO-FIO OU GUIA DE CONCRETO, PRE-MOLDADO, COMP 80 CM, *45 X 12/18* CM (H X L1/L2);UN;39.18
MATERIAL;41315;MEMBRANA IMPERMEABILIZANTE A BASE DE POLIUREIA, BICOMPONENTE, APLICACAO A FRIO;KG;84.92
MATERIAL;43148;MEMBRANA IMPERMEABILIZANTE A BASE DE POLIURETANO;KG;57.64
MATERIAL;43147;MEMBRANA IMPERMEABILIZANTE ACRILICA MONOCOMPONENTE;KG;22.32
EQUIPAMENTO (AQUISIÇÃO);10608;MESA VIBRATORIA COM DIMENSOES DE 2,0 X 1,0 M, COM MOTOR ELETRICO DE 2 POLOS E POTENCIA DE 3 CV;UN;11110
MAO DE OBRA;4069;MESTRE DE OBRAS (HORISTA);H;78.93
MAO DE OBRA;40819;MESTRE DE OBRAS (MENSALISTA);MES;13828.33
MATERIAL;34361;METACAULIM DE ALTA REATIVIDADE/CAULIM CALCINADO;KG;16.25
MATERIAL;44478;MICROESFERAS DE VIDRO PARA SINALIZACAO HORIZONTAL VIARIA, TIPO I-B (PREMIX) - NBR 16184;KG;12.54
MATERIAL;44477;MICROESFERAS DE VIDRO PARA SINALIZACAO HORIZONTAL VIARIA, TIPO II-A (DROP-ON) - NBR 16184;KG;12.54
MATERIAL;11697;MICTORIO COLETIVO ACO INOX (AISI 304), E = 0,8 MM, DE *100 X 40 X 30* CM (C X A X P);UN;696.44
MATERIAL;11698;MICTORIO COLETIVO ACO INOX (AISI 304), E = 0,8 MM, DE *100 X 50 X 35* CM (C X A X P);UN;830.82
MATERIAL;11699;MICTORIO INDIVIDUAL ACO INOX (AISI 304), E = 0,8 MM, DE *50 X 45 X 35* (C X A X P);UN;918.25
MATERIAL;10432;MICTORIO INDIVIDUAL, SIFONADO, DE LOUCA BRANCA, SEM COMPLEMENTOS;UN;446.27
MATERIAL;44020;MICTORIO INDIVIDUAL, SIFONADO, VALVULA EMBUTIDA, DE LOUCA BRANCA, SEM COMPLEMENTOS - PADRAO ALTO;UN;1101.01
MATERIAL;41419;MINICAPTOR, EM ACO GALVANIZADO A FOGO, FIXACAO COM ROSCA SOBERBA OU MECANICA, H=300 MM X DN=10 MM;UN;7.69
MATERIAL;41420;MINICAPTOR, EM ACO GALVANIZADO A FOGO, FIXACAO COM ROSCA SOBERBA OU MECANICA, H=600 MM X DN=10 MM;UN;10.46
MATERIAL;41421;MINICAPTOR, EM ACO GALVANIZADO A FOGO, FIXACAO HORIZONTAL COM BANDEIRA A 20 CM, H=300 MM E X DN=10 MM;UN;10.43
MATERIAL;41422;MINICAPTOR, EM ACO GALVANIZADO A FOGO, FIXACAO HORIZONTAL COM BANDEIRA A 20 CM, H=600 MM E X DN=10 MM;UN;14.28
MATERIAL;41425;MINICAPTOR, EM ACO GALVANIZADO A FOGO, FIXACAO HORIZONTAL DE 1 FUROS, SEM BANDEIRA, H=300 MM X DN=10 MM;UN;7.31
MATERIAL;41426;MINICAPTOR, EM ACO GALVANIZADO A FOGO, FIXACAO HORIZONTAL DE 2 FUROS, SEM BANDEIRA, H=600 MM X DN=10 MM;UN;13.18
MATERIAL;41414;MINICAPTORES DE INSERCAO, EM ACO GALVANIZADO A FOGO, H=300 MM X DN=10 MM;UN;24.19
MATERIAL;41415;MINICAPTORES DE INSERCAO, EM ACO GALVANIZADO A FOGO, H=600,MM X DN=10,MM;UN;28.17
EQUIPAMENTO (AQUISIÇÃO);37514;MINICARREGADEIRA SOBRE RODAS, POTENCIA LIQUIDA DE *47* HP, CAPACIDADE NOMINAL DE OPERACAO DE *646* KG;UN;360000
EQUIPAMENTO (AQUISIÇÃO);37520;MINIESCAVADEIRA SOBRE ESTEIRAS, POTENCIA LIQUIDA DE *30* HP, PESO OPERACIONAL DE *3.500* KG;UN;546477.66
EQUIPAMENTO (AQUISIÇÃO);37546;MISTURADOR DE ARGAMASSA, EIXO HORIZONTAL, CAPACIDADE DE MISTURA 160 KG, MOTOR ELETRICO TRIFASICO 220/380 V, POTENCIA 3 CV;UN;13123.81
EQUIPAMENTO (AQUISIÇÃO);37544;MISTURADOR DE ARGAMASSA, EIXO HORIZONTAL, CAPACIDADE DE MISTURA 300 KG, MOTOR ELETRICO TRIFASICO 220/380 V, POTENCIA 5 CV;UN;13880.64
EQUIPAMENTO (AQUISIÇÃO);37545;MISTURADOR DE ARGAMASSA, EIXO HORIZONTAL, CAPACIDADE DE MISTURA 600 KG, MOTOR ELETRICO TRIFASICO 220/380 V, POTENCIA 7,5 CV;UN;16516.1
MATERIAL;36793;MISTURADOR DE METAL CROMADO DE PAREDE PARA LAVATORIO;UN;861.06
MATERIAL;11769;MISTURADOR DE METAL CROMADO, DE MESA/BANCADA, COM BICA BAIXA, PARA LAVATORIO;UN;380.52
MATERIAL;11771;MISTURADOR DE PAREDE, DE METAL CROMADO, PARA COZINHA, BICA ALTA MOVEL, COM AREJADOR ARTICULADO;UN;466.09
EQUIPAMENTO (AQUISIÇÃO);39919;MISTURADOR DUPLO HORIZONTAL DE ALTA TURBULENCIA, CAPACIDADE / VOLUME 2 X 500 LITROS, MOTORES ELETRICOS MINIMO 5 CV CADA, PARA NATA CIMENTO, ARGAMASSA E OUTROS;UN;65691.96
MATERIAL;38385;MISTURADOR MANUAL DE TINTAS PARA FURADEIRA, HASTE METALICA *60* CM, COM HELICE (MEXEDOR DE TINTA);UN;37.72
MATERIAL;36800;"MISTURADOR METALICO, BASE PARA CHUVEIRO/BANHEIRA, 1/2"" OU 3/4"", SOLDAVEL OU ROSCAVEL (NAO INCLUI ACABAMENTOS)";UN;228.65
MATERIAL;37587;MISTURADOR MONOCOMANDO PARA CHUVEIRO, BASE BRUTA, METALICO COM ACABAMENTO CROMADO;UN;502.34
MATERIAL;11561;MOLA HIDRAULICA AEREA, PARA PORTAS DE ATE 1.100 MM E PESO DE ATE 85 KG, COM CORPO EM ALUMINIO E BRACO EM ACO, SEM BRACO DE PARADA;UN;232.4
MATERIAL;43604;MOLA HIDRAULICA AEREA, PARA PORTAS DE ATE 850 MM E PESO DE ATE 50 KG, COM CORPO EM ALUMINIO E BRACO EM ACO, SEM BRACO DE PARADA;UN;123.9
MATERIAL;11560;MOLA HIDRAULICA AEREA, PARA PORTAS DE ATE 950 MM E PESO DE ATE 65 KG, COM CORPO EM ALUMINIO E BRACO EM ACO, SEM BRACO DE PARADA;UN;179.38
MATERIAL;11499;MOLA HIDRAULICA DE PISO, PARA PORTAS DE ATE 1100 MM E PESO DE ATE 120 KG, COM CORPO EM ACO INOX;UN;999.9
MAO DE OBRA;34761;MONTADOR DE ELETROELETRONICOS (HORISTA);H;34.16
MAO DE OBRA;40924;MONTADOR DE ELETROELETRONICOS (MENSALISTA);MES;5986.4
MAO DE OBRA;40983;MONTADOR DE ESTRUTURAS METALICAS (MENSALISTA);MES;4779.8
MAO DE OBRA;44497;MONTADOR DE ESTRUTURAS METALICAS HORISTA;H;27.28
MAO DE OBRA;2437;MONTADOR DE MAQUINAS (HORISTA);H;32.68
MAO DE OBRA;40921;MONTADOR DE MAQUINAS (MENSALISTA);MES;5727.68
EQUIPAMENTO (AQUISIÇÃO);36502;"MOTOBOMBA CENTRIFUGA, MOTOR A GASOLINA, POTENCIA 5,42 HP, BOCAIS 1 1/2"" X 1"", DIAMETRO ROTOR 143 MM HM/Q = 6 MCA / 16,8 M3/H A 38 MCA / 6,6 M3/H";UN;3009.7
EQUIPAMENTO (AQUISIÇÃO);36503;"MOTOBOMBA TRASH (PARA AGUA SUJA) AUTO ESCORVANTE, MOTOR GASOLINA DE 6,41 HP, DIAMETROS DE SUCCAO X RECALQUE: 3"" X 3"", HM/Q: 10/60 A 23/0";UN;3711.32
EQUIPAMENTO (AQUISIÇÃO);4090;MOTONIVELADORA POTENCIA BASICA LIQUIDA (PRIMEIRA MARCHA) 125 HP, PESO BRUTO 13843 KG, LARGURA DA LAMINA DE 3,7 M;UN;1200000
MAO DE OBRA;4093;MOTORISTA DE CAMINHAO (HORISTA);H;30.83
MAO DE OBRA;10512;MOTORISTA DE CAMINHAO (MENSALISTA);MES;5400.38
MAO DE OBRA;4243;MOTORISTA DE CAMINHAO BETONEIRA (HORISTA);H;29.45
MAO DE OBRA;20020;MOTORISTA DE CAMINHAO-BASCULANTE (HORISTA);H;32.03
MAO DE OBRA;41038;MOTORISTA DE CAMINHAO-BASCULANTE (MENSALISTA);MES;5612.1
MAO DE OBRA;4094;MOTORISTA DE CAMINHAO-CARRETA (HORISTA);H;38.33
MAO DE OBRA;40988;MOTORISTA DE CAMINHAO-CARRETA (MENSALISTA);MES;6717.12
MAO DE OBRA;4095;MOTORISTA DE CARRO DE PASSEIO (HORISTA);H;25.67
MAO DE OBRA;40990;MOTORISTA DE CARRO DE PASSEIO (MENSALISTA);MES;4498.38
MAO DE OBRA;4096;MOTORISTA OPERADOR DE CAMINHAO COM MUNCK (HORISTA);H;34.57
MAO DE OBRA;40992;MOTORISTA OPERADOR DE CAMINHAO COM MUNCK (MENSALISTA);MES;6055.85
MATERIAL;4114;"MOURAO CONCRETO CURVO, SECAO ""T"", H = 2,80 M + CURVA COM 0,45 M, COM FUROS PARA FIOS";UN;72.13
MATERIAL;36797;MOURAO DE CONCRETO CURVO, *10 X 10* CM, H= *2,60* M + CURVA DE 0,40 M;UN;64.23
MATERIAL;4107;MOURAO DE CONCRETO RETO, SECAO QUADRADA *10 X 10* CM, H= *2,30* M;UN;60.56
MATERIAL;4102;MOURAO DE CONCRETO RETO, SECAO QUADRADA, *10 X 10* CM, H= 3,00 M;UN;73.92
MATERIAL;36799;MOURAO DE CONCRETO RETO, TIPO ESTICADOR, *10 X 10* CM, H= 2,50 M;UN;62.34
MATERIAL;2747;MOURAO ROLICO DE MADEIRA TRATADA, D = 16 A 20 CM, H = 2,20 M, EM EUCALIPTO OU EQUIVALENTE DA REGIAO (PARA CERCA);M;36.21
MATERIAL;21138;MOURAO ROLICO DE MADEIRA TRATADA, D = 8 A 11 CM, H = 2,20 M, EM EUCALIPTO OU EQUIVALENTE DA REGIAO (PARA CERCA);M;11.48
MATERIAL;10826;MUDA DE ARBUSTO FLORIFERO, CLUSIA/GARDENIA/MOREIA BRANCA/ AZALEIA OU EQUIVALENTE DA REGIAO, H= *50 A 70* CM;UN;75.86
MATERIAL;365;MUDA DE ARBUSTO FOLHAGEM, SANSAO-DO-CAMPO OU EQUIVALENTE DA REGIAO, H= *50 A 70* CM;UN;47.03
MATERIAL;38639;MUDA DE ARBUSTO, BUXINHO, H= *50* CM;UN;182.06
MATERIAL;38640;MUDA DE ARBUSTO, PINGO DE OURO/ VIOLETEIRA, H = *10 A 20* CM;UN;2.73
MATERIAL;358;MUDA DE ARVORE ORNAMENTAL, OITI/AROEIRA SALSA/ANGICO/IPE/JACARANDA OU EQUIVALENTE DA REGIAO, H= *1* M;UN;56.13
MATERIAL;359;MUDA DE ARVORE ORNAMENTAL, OITI/AROEIRA SALSA/ANGICO/IPE/JACARANDA OU EQUIVALENTE DA REGIAO, H= *2* M;UN;115.31
MATERIAL;38641;MUDA DE PALMEIRA ARECA, H= *1,50* M;UN;113.79
MATERIAL;360;MUDA DE RASTEIRA/FORRACAO, AMENDOIM RASTEIRO/ONZE HORAS/AZULZINHA/IMPATIENS OU EQUIVALENTE DA REGIAO;UN;2.64
MATERIAL;42430;MULTIEXERCITADOR COM SEIS FUNCOES, EM TUBO DE ACO CARBONO, PINTURA NO PROCESSO ELETROSTATICO - EQUIPAMENTO DE GINASTICA PARA ACADEMIA AO AR LIVRE / ACADEMIA DA TERCEIRA IDADE - ATI;UN;6434.22
MATERIAL;4209;"NIPLE DE FERRO GALVANIZADO, COM ROSCA BSP, DE 1 1/2""";UN;24.49
MATERIAL;4180;"NIPLE DE FERRO GALVANIZADO, COM ROSCA BSP, DE 1 1/4""";UN;18.43
MATERIAL;4179;"NIPLE DE FERRO GALVANIZADO, COM ROSCA BSP, DE 1""";UN;12.52
MATERIAL;4177;"NIPLE DE FERRO GALVANIZADO, COM ROSCA BSP, DE 1/2""";UN;6.12
MATERIAL;4208;"NIPLE DE FERRO GALVANIZADO, COM ROSCA BSP, DE 2 1/2""";UN;58.29
MATERIAL;4181;"NIPLE DE FERRO GALVANIZADO, COM ROSCA BSP, DE 2""";UN;38.08
MATERIAL;4182;"NIPLE DE FERRO GALVANIZADO, COM ROSCA BSP, DE 3""";UN;94.81
MATERIAL;4178;"NIPLE DE FERRO GALVANIZADO, COM ROSCA BSP, DE 3/4""";UN;8.48
MATERIAL;4183;"NIPLE DE FERRO GALVANIZADO, COM ROSCA BSP, DE 4""";UN;152.65
MATERIAL;4184;"NIPLE DE FERRO GALVANIZADO, COM ROSCA BSP, DE 5""";UN;336.95
MATERIAL;4185;"NIPLE DE FERRO GALVANIZADO, COM ROSCA BSP, DE 6""";UN;559.86
MATERIAL;4205;"NIPLE DE REDUCAO DE FERRO GALVANIZADO, COM ROSCA BSP, DE 1 1/2"" X 1 1/4""";UN;32.33
MATERIAL;4192;"NIPLE DE REDUCAO DE FERRO GALVANIZADO, COM ROSCA BSP, DE 1 1/2"" X 1""";UN;32.33
MATERIAL;4191;"NIPLE DE REDUCAO DE FERRO GALVANIZADO, COM ROSCA BSP, DE 1 1/2"" X 3/4""";UN;32.33
MATERIAL;4206;"NIPLE DE REDUCAO DE FERRO GALVANIZADO, COM ROSCA BSP, DE 1 1/4"" X 1""";UN;25.27
MATERIAL;4207;"NIPLE DE REDUCAO DE FERRO GALVANIZADO, COM ROSCA BSP, DE 1 1/4"" X 1/2""";UN;26.02
MATERIAL;4190;"NIPLE DE REDUCAO DE FERRO GALVANIZADO, COM ROSCA BSP, DE 1 1/4"" X 3/4""";UN;25.27
MATERIAL;4188;"NIPLE DE REDUCAO DE FERRO GALVANIZADO, COM ROSCA BSP, DE 1"" X 1/2""";UN;15.25
MATERIAL;4189;"NIPLE DE REDUCAO DE FERRO GALVANIZADO, COM ROSCA BSP, DE 1"" X 3/4""";UN;15.25
MATERIAL;4186;"NIPLE DE REDUCAO DE FERRO GALVANIZADO, COM ROSCA BSP, DE 1/2"" X 1/4""";UN;7.47
MATERIAL;4197;"NIPLE DE REDUCAO DE FERRO GALVANIZADO, COM ROSCA BSP, DE 2 1/2"" X 2""";UN;80.73
MATERIAL;4194;"NIPLE DE REDUCAO DE FERRO GALVANIZADO, COM ROSCA BSP, DE 2"" X 1 1/2""";UN;48.78
MATERIAL;4193;"NIPLE DE REDUCAO DE FERRO GALVANIZADO, COM ROSCA BSP, DE 2"" X 1 1/4""";UN;48.78
MATERIAL;4204;"NIPLE DE REDUCAO DE FERRO GALVANIZADO, COM ROSCA BSP, DE 2"" X 1""";UN;48.78
MATERIAL;4202;"NIPLE DE REDUCAO DE FERRO GALVANIZADO, COM ROSCA BSP, DE 3"" X 2 1/2""";UN;147.44
MATERIAL;4203;"NIPLE DE REDUCAO DE FERRO GALVANIZADO, COM ROSCA BSP, DE 3"" X 2""";UN;130.21
MATERIAL;4187;"NIPLE DE REDUCAO DE FERRO GALVANIZADO, COM ROSCA BSP, DE 3/4"" X 1/2""";UN;9.72
MATERIAL;40368;"NIPLE SEXTAVADO EM ACO CARBONO, COM ROSCA BSP, PRESSAO 3.000 LBS, DN 1 1/2""";UN;56.95
MATERIAL;40365;"NIPLE SEXTAVADO EM ACO CARBONO, COM ROSCA BSP, PRESSAO 3.000 LBS, DN 1 1/4""";UN;38.42
MATERIAL;40362;"NIPLE SEXTAVADO EM ACO CARBONO, COM ROSCA BSP, PRESSAO 3.000 LBS, DN 1""";UN;25.45
MATERIAL;40356;"NIPLE SEXTAVADO EM ACO CARBONO, COM ROSCA BSP, PRESSAO 3.000 LBS, DN 1/2""";UN;13.13
MATERIAL;40374;"NIPLE SEXTAVADO EM ACO CARBONO, COM ROSCA BSP, PRESSAO 3.000 LBS, DN 2 1/2""";UN;148.85
MATERIAL;40371;"NIPLE SEXTAVADO EM ACO CARBONO, COM ROSCA BSP, PRESSAO 3.000 LBS, DN 2""";UN;93.7
MATERIAL;40359;"NIPLE SEXTAVADO EM ACO CARBONO, COM ROSCA BSP, PRESSAO 3.000 LBS, DN 3/4""";UN;16.96
MATERIAL;45201;"NIVEL DE ALUMINIO 350 MM (14""), COM 3 BOLHAS";UN;61.23
MAO DE OBRA;7595;NIVELADOR (HORISTA);H;25.07
MAO DE OBRA;41094;NIVELADOR (MENSALISTA);MES;4391.65
MATERIAL;38175;NUMERO / ALGARISMO PARA RESIDENCIA (FACHADA), EM ZAMAC, COM ALTURA DE APROX *45* MM, INCLUSIVE PARAFUSOS;UN;4.66
MATERIAL;38176;NUMERO / ALGARISMO PARA RESIDENCIA (FACHADA), EM ZAMAC, COM ALTURA DE APROX 125 MM, INCLUSIVE PARAFUSOS;UN;13.71
MATERIAL;36152;OCULOS DE SEGURANCA CONTRA IMPACTOS COM LENTE INCOLOR, ARMACAO NYLON, COM PROTECAO UVA E UVB;UN;6.06
MATERIAL;45212;OCULOS DE SOLDA COM ESCURECIMENTO AUTOMATICO;UN;60.71
MATERIAL;4221;OLEO DIESEL COMBUSTIVEL COMUM METROPOLITANO S-10 OU S-500;L;6.58
MATERIAL;4227;OLEO LUBRIFICANTE MINERAL MONOVISCOSO, SAE 40, PARA MOTORES DE EQUIPAMENTOS PESADOS (CAMINHOES, TRATORES, RETROS E ETC);L;30.68
MATERIAL;38170;OLHO MAGICO PARA PORTAS, EM LATAO, COM LENTE DE POLICARBONATO, ANGULO DE *200* GRAUS, ESPESSURA ENTRE *25 E 46* MM, INCLUINDO FECHO JANELA;UN;20.37
MAO DE OBRA;4252;OPERADOR DE BATE-ESTACAS (HORISTA);H;31.99
MAO DE OBRA;40980;OPERADOR DE BATE-ESTACAS (MENSALISTA);MES;5605.34
MAO DE OBRA;41031;OPERADOR DE BETONEIRA (CAMINHAO) (MENSALISTA);MES;5160.47
MAO DE OBRA;37666;OPERADOR DE BETONEIRA ESTACIONARIA / MISTURADOR (HORISTA);H;26.7
MAO DE OBRA;40986;OPERADOR DE BETONEIRA ESTACIONARIA / MISTURADOR (MENSALISTA);MES;4679.32
MAO DE OBRA;4250;OPERADOR DE COMPRESSOR DE AR OU COMPRESSORISTA (HORISTA);H;25
MAO DE OBRA;40978;OPERADOR DE COMPRESSOR DE AR OU COMPRESSORISTA (MENSALISTA);MES;4381.59
MAO DE OBRA;44501;OPERADOR DE DEMARCADORA DE FAIXAS DE TRAFEGO (HORISTA);H;29.45
MAO DE OBRA;41043;OPERADOR DE DEMARCADORA DE FAIXAS DE TRAFEGO (MENSALISTA);MES;5160.47
MAO DE OBRA;4234;OPERADOR DE ESCAVADEIRA (HORISTA);H;39.3
MAO DE OBRA;40987;OPERADOR DE ESCAVADEIRA (MENSALISTA);MES;6884.17
MAO DE OBRA;4253;OPERADOR DE GUINCHO OU GUINCHEIRO (HORISTA);H;27.28
MAO DE OBRA;40981;OPERADOR DE GUINCHO OU GUINCHEIRO (MENSALISTA);MES;4779.8
MAO DE OBRA;4254;OPERADOR DE GUINDASTE (HORISTA);H;28.2
MAO DE OBRA;41036;OPERADOR DE GUINDASTE (MENSALISTA);MES;4944.17
MAO DE OBRA;4251;OPERADOR DE JATO ABRASIVO OU JATISTA (HORISTA);H;21.86
MAO DE OBRA;40979;OPERADOR DE JATO ABRASIVO OU JATISTA (MENSALISTA);MES;3830.54
MAO DE OBRA;4230;OPERADOR DE MAQUINAS E TRATORES DIVERSOS - TERRAPLANAGEM (HORISTA);H;31.6
MAO DE OBRA;40998;OPERADOR DE MAQUINAS E TRATORES DIVERSOS - TERRAPLANAGEM (MENSALISTA);MES;5536.98
MAO DE OBRA;4257;OPERADOR DE MARTELETE OU MARTELETEIRO (HORISTA);H;27.28
MAO DE OBRA;40982;OPERADOR DE MARTELETE OU MARTELETEIRO (MENSALISTA);MES;4779.8
MAO DE OBRA;4240;OPERADOR DE MOTO SCRAPER (HORISTA);H;40.7
MAO DE OBRA;41026;OPERADOR DE MOTO SCRAPER (MENSALISTA);MES;7132.31
MAO DE OBRA;4239;OPERADOR DE MOTONIVELADORA (HORISTA);H;40.7
MAO DE OBRA;41024;OPERADOR DE MOTONIVELADORA (MENSALISTA);MES;7132.31
MAO DE OBRA;4248;OPERADOR DE PA CARREGADEIRA (HORISTA);H;29.45
MAO DE OBRA;41033;OPERADOR DE PA CARREGADEIRA (MENSALISTA);MES;5160.47
MAO DE OBRA;44500;OPERADOR DE PAVIMENTADORA / MESA VIBROACABADORA (HORISTA);H;29.45
MAO DE OBRA;41040;OPERADOR DE PAVIMENTADORA / MESA VIBROACABADORA (MENSALISTA);MES;5160.47
MAO DE OBRA;4238;OPERADOR DE ROLO COMPACTADOR (HORISTA);H;29.97
MAO DE OBRA;41012;OPERADOR DE ROLO COMPACTADOR (MENSALISTA);MES;5252.11
MAO DE OBRA;4233;OPERADOR DE USINA DE ASFALTO, DE SOLOS OU DE CONCRETO (HORISTA);H;40.7
MAO DE OBRA;41001;OPERADOR DE USINA DE ASFALTO, DE SOLOS OU DE CONCRETO (MENSALISTA);MES;7132.31
MATERIAL;2;OXIGENIO - RECARGA DE GAS PARA CILINDRO (NAO INCLUI TROCA/MANUTENCAO DO CILINDRO);M3;24.1
EQUIPAMENTO (AQUISIÇÃO);4262;PA CARREGADEIRA SOBRE RODAS, POTENCIA LIQUIDA 128 HP, CAPACIDADE DA CACAMBA DE 1,7 A 2,8 M3, PESO OPERACIONAL MAXIMO DE 11632 KG;UN;680000
EQUIPAMENTO (AQUISIÇÃO);4263;PA CARREGADEIRA SOBRE RODAS, POTENCIA LIQUIDA 197 HP, CAPACIDADE DA CACAMBA DE 2,5 A 3,5 M3, PESO OPERACIONAL MAXIMO DE 18338 KG;UN;942933.28
MATERIAL;38402;PA DE LIXO PLASTICA, CABO LONGO;UN;40.28
MATERIAL;45234;PA QUADRADA COM CABO DE MADEIRA EM Y DE 71 CM;UN;41.64
MATERIAL;3412;PAINEL DE LA DE VIDRO SEM REVESTIMENTO PSI 20, E = 25 MM, DE 1200 X 600 MM;M2;27.18
MATERIAL;3413;PAINEL DE LA DE VIDRO SEM REVESTIMENTO PSI 20, E = 50 MM, DE 1200 X 600 MM;M2;61.18
MATERIAL;39744;PAINEL DE LA DE VIDRO SEM REVESTIMENTO PSI 40, E = 25 MM, DE 1200 X 600 MM;M2;47.5
MATERIAL;39745;PAINEL DE LA DE VIDRO SEM REVESTIMENTO PSI 40, E = 50 MM, DE 1200 X 600 MM;M2;100.26
MATERIAL;39639;PAINEL ESTRUTURAL PARA LAJE SECA REVESTIDO EM PLACA CIMENTICIA, DE *1,20 X 2,50* M, E = 55 MM;M2;208.13
MATERIAL;39637;PAINEL ESTRUTURAL PARA LAJE SECA REVESTIDO EM PLACA CIMENTICIA, DE 1,20 X 2,50 M, E = 23 MM;M2;133.41
MATERIAL;39638;PAINEL ESTRUTURAL PARA LAJE SECA REVESTIDO EM PLACA CIMENTICIA, DE 1,20 X 2,50 M, E = 40 MM;M2;160.7
MATERIAL;39517;PAINEL TERMOISOLANTE PARA FECHAMENTOS VERTICAIS (INCLUI PARAFUSOS DE FIXACAO) REVESTIDO EM ACO GALVALUME, LARGURA UTIL DE 1100 MM, REVESTIMENTO COM ESPESSURA DE 0,50 MM, COM PRE-PINTURA NAS DUAS FACES, NUCLEO EM POLIURETANO (PUR) COM ESPESSURA 40/50 MM;M2;252.26
MATERIAL;39518;PAINEL TERMOISOLANTE PARA FECHAMENTOS VERTICAIS (INCLUI PARAFUSOS DE FIXACAO) REVESTIDO EM ACO GALVALUME, LARGURA UTIL DE 1100 MM, REVESTIMENTO COM ESPESSURA DE 0,50 MM, COM PRE-PINTURA NAS DUAS FACES, NUCLEO EM POLIURETANO (PUR) COM ESPESSURA 70/80 MM;M2;299.07
MATERIAL;38366;PAPEL KRAFT BETUMADO;M2;6.11
MATERIAL;11703;PAPELEIRA DE PAREDE EM METAL CROMADO SEM TAMPA;UN;46.65
MATERIAL;37400;PAPELEIRA PLASTICA TIPO DISPENSER PARA PAPEL HIGIENICO ROLAO;UN;57.6
MATERIAL;25400;PAR DE TABELAS DE BASQUETE EM COMPENSADO NAVAL, OFICIAL, 1800 X 1200 MM, INCLUINDO ARO DE METAL E REDE EM POLIPROPILENO 100% (SEM SUPORTE DE FIXACAO);UN;2509.55
MATERIAL;4276;PARA-RAIOS DE DISTRIBUICAO, TENSAO NOMINAL 15 KV, CORRENTE NOMINAL DE DESCARGA 5 KA;UN;194.69
MATERIAL;4273;PARA-RAIOS DE DISTRIBUICAO, TENSAO NOMINAL 30 KV, CORRENTE NOMINAL DE DESCARGA 10 KA;UN;353.49
MATERIAL;4274;PARA-RAIOS TIPO FRANKLIN 350 MM, EM LATAO CROMADO, DUAS DESCIDAS, PARA PROTECAO DE EDIFICACOES CONTRA DESCARGAS ATMOSFERICAS;UN;129.32
MATERIAL;44286;"PARAFUSO AUTO BROCANTE 12 X 7/8"" COM ARRUELA DE VEDACAO EPDM";UN;0.21
MATERIAL;39438;PARAFUSO CABECA TROMBETA E PONTA AGULHA (GN55), COMPRIMENTO 55 MM, EM ACO FOSFATIZADO, PARA FIXAR CHAPA DE GESSO EM PERFIL DRYWALL METALICO MAXIMO 0,7 MM;UN;0.24
MATERIAL;44310;PARAFUSO CHUMBADOR - PCH 1 DO TIPO ANDORINHA (EM Y) COM PORCA INCLUSA, *12 X 80 MM*;UN;14.42
MATERIAL;45158;"PARAFUSO DE ACO TIPO CHUMBADOR PARABOLT, DIAMETRO 1/2"", COMPRIMENTO 100 MM";UN;2.98
MATERIAL;4379;PARAFUSO DE ACO ZINCADO COM ROSCA SOBERBA, CABECA CHATA E FENDA SIMPLES, DIAMETRO 2,5 MM, COMPRIMENTO * 9,5 * MM;UN;0.04
MATERIAL;4377;PARAFUSO DE ACO ZINCADO COM ROSCA SOBERBA, CABECA CHATA E FENDA SIMPLES, DIAMETRO 4,2 MM, COMPRIMENTO * 32 * MM;UN;0.17
MATERIAL;4356;PARAFUSO DE ACO ZINCADO COM ROSCA SOBERBA, CABECA CHATA E FENDA SIMPLES, DIAMETRO 4,8 MM, COMPRIMENTO 45 MM;UN;0.24
MATERIAL;13246;"PARAFUSO DE ACO ZINCADO, SEXTAVADO, COM ROSCA INTEIRA, DIAMETRO 5/16"", COMPRIMENTO 3/4"", COM PORCA E ARRUELA LISA LEVE";UN;0.41
MATERIAL;13294;"PARAFUSO DE ACO ZINCADO, SEXTAVADO, COM ROSCA SOBERBA, DIAMETRO 3/8"", COMPRIMENTO 80 MM";UN;1.39
MATERIAL;11963;"PARAFUSO DE ACO ZINCADO, TIPO CHUMBADOR PARABOLT, DIAMETRO 1/2"", COMPRIMENTO 75 MM";UN;8.74
MATERIAL;11964;"PARAFUSO DE ACO ZINCADO, TIPO CHUMBADOR PARABOLT, DIAMETRO 3/8"", COMPRIMENTO 75 MM";UN;2.2
MATERIAL;44757;"PARAFUSO DE ACO ZINCADO, TIPO CHUMBADOR PARABOLT, DIAMETRO 5/8""";UN;9.73
MATERIAL;4346;"PARAFUSO DE FERRO POLIDO, SEXTAVADO, COM ROSCA PARCIAL, DIAMETRO 5/8"", COMPRIMENTO 6"", COM PORCA E ARRUELA DE PRESSAO MEDIA";UN;9.37
MATERIAL;11955;PARAFUSO DE LATAO COM ACABAMENTO CROMADO PARA FIXAR PECA SANITARIA, INCLUI PORCA CEGA, ARRUELA E BUCHA DE NYLON TAMANHO S-10;UN;4.1
MATERIAL;11960;PARAFUSO DE LATAO COM ROSCA SOBERBA, CABECA CHATA E FENDA SIMPLES, DIAMETRO 2,5 MM, COMPRIMENTO 12 MM;UN;0.13
MATERIAL;4333;PARAFUSO DE LATAO COM ROSCA SOBERBA, CABECA CHATA E FENDA SIMPLES, DIAMETRO 3,2 MM, COMPRIMENTO 16 MM;UN;0.24
MATERIAL;4358;PARAFUSO DE LATAO COM ROSCA SOBERBA, CABECA CHATA E FENDA SIMPLES, DIAMETRO 4,8 MM, COMPRIMENTO 65 MM;UN;1.87
MATERIAL;39435;PARAFUSO DRY WALL, EM ACO FOSFATIZADO, CABECA TROMBETA E PONTA AGULHA (TA), COMPRIMENTO 25 MM;UN;0.09
MATERIAL;39436;PARAFUSO DRY WALL, EM ACO FOSFATIZADO, CABECA TROMBETA E PONTA AGULHA (TA), COMPRIMENTO 35 MM;UN;0.16
MATERIAL;39437;PARAFUSO DRY WALL, EM ACO FOSFATIZADO, CABECA TROMBETA E PONTA AGULHA (TA), COMPRIMENTO 45 MM;UN;0.21
MATERIAL;39439;PARAFUSO DRY WALL, EM ACO FOSFATIZADO, CABECA TROMBETA E PONTA BROCA (TB), COMPRIMENTO 25 MM;UN;0.14
MATERIAL;39440;PARAFUSO DRY WALL, EM ACO FOSFATIZADO, CABECA TROMBETA E PONTA BROCA (TB), COMPRIMENTO 35 MM;UN;0.18
MATERIAL;39441;PARAFUSO DRY WALL, EM ACO FOSFATIZADO, CABECA TROMBETA E PONTA BROCA (TB), COMPRIMENTO 45 MM;UN;0.23
MATERIAL;39442;PARAFUSO DRY WALL, EM ACO ZINCADO, CABECA LENTILHA E PONTA AGULHA (LA), LARGURA 4,2 MM, COMPRIMENTO 13 MM;UN;0.17
MATERIAL;39443;PARAFUSO DRY WALL, EM ACO ZINCADO, CABECA LENTILHA E PONTA BROCA (LB), LARGURA 4,2 MM, COMPRIMENTO 13 MM;UN;0.22
MATERIAL;4329;"PARAFUSO EM ACO GALVANIZADO, TIPO MAQUINA, SEXTAVADO, SEM PORCA, DIAMETRO 1/2"", COMPRIMENTO 2""";UN;2
MATERIAL;44229;PARAFUSO EM ACO INOX (TIPO ALLEN) M6 X 40 MM, COM CABECA BOLEADA / ABAULADA, SEXTAVADA INTERNA, COM ROSCA;UN;0.82
MATERIAL;436;PARAFUSO FRANCES M16 EM ACO GALVANIZADO, COMPRIMENTO = 150 MM, DIAMETRO = 16 MM, CABECA ABAULADA;UN;10.05
MATERIAL;442;PARAFUSO FRANCES M16 EM ACO GALVANIZADO, COMPRIMENTO = 45 MM, DIAMETRO = 16 MM, CABECA ABAULADA;UN;5.95
MATERIAL;4383;PARAFUSO FRANCES METRICO ZINCADO, DIAMETRO 12 MM, COMPRIMENTO 140MM, COM PORCA SEXTAVADA E ARRUELA DE PRESSAO MEDIA;UN;18.08
MATERIAL;4344;PARAFUSO FRANCES METRICO ZINCADO, DIAMETRO 12 MM, COMPRIMENTO 150 MM, COM PORCA SEXTAVADA E ARRUELA DE PRESSAO MEDIA;UN;18.95
MATERIAL;4335;"PARAFUSO FRANCES ZINCADO, DIAMETRO 1/2"", COMPRIMENTO 12"", COM PORCA E ARRUELA LISA MEDIA";UN;12.73
MATERIAL;4334;"PARAFUSO FRANCES ZINCADO, DIAMETRO 1/2"", COMPRIMENTO 15"", COM PORCA E ARRUELA LISA MEDIA";UN;17.46
MATERIAL;11953;"PARAFUSO FRANCES ZINCADO, DIAMETRO 1/2"", COMPRIMENTO 2"", COM PORCA E ARRUELA";UN;3
MATERIAL;4343;"PARAFUSO FRANCES ZINCADO, DIAMETRO 1/2"", COMPRIMENTO 4"", COM PORCA E ARRUELA";UN;4.29
MATERIAL;44738;PARAFUSO M10, ACO CARBONO ZINCADO, CLASSE 5.8, SEXTAVADO, ROSCA INTEIRA, DIAMETRO 10 MM, COMPRIMENTO 30 MM;UN;0.65
MATERIAL;430;PARAFUSO M16 EM ACO GALVANIZADO, COMPRIMENTO = 125 MM, DIAMETRO = 16 MM, ROSCA MAQUINA, CABECA QUADRADA;UN;9
MATERIAL;441;PARAFUSO M16 EM ACO GALVANIZADO, COMPRIMENTO = 150 MM, DIAMETRO = 16 MM, ROSCA MAQUINA, CABECA QUADRADA;UN;9.9
MATERIAL;431;PARAFUSO M16 EM ACO GALVANIZADO, COMPRIMENTO = 200 MM, DIAMETRO = 16 MM, ROSCA MAQUINA, CABECA QUADRADA;UN;11.96
MATERIAL;432;PARAFUSO M16 EM ACO GALVANIZADO, COMPRIMENTO = 250 MM, DIAMETRO = 16 MM, ROSCA MAQUINA, CABECA QUADRADA;UN;13.2
MATERIAL;429;PARAFUSO M16 EM ACO GALVANIZADO, COMPRIMENTO = 300 MM, DIAMETRO = 16 MM, ROSCA DUPLA;UN;17.79
MATERIAL;439;PARAFUSO M16 EM ACO GALVANIZADO, COMPRIMENTO = 300 MM, DIAMETRO = 16 MM, ROSCA MAQUINA, CABECA QUADRADA;UN;15.16
MATERIAL;433;PARAFUSO M16 EM ACO GALVANIZADO, COMPRIMENTO = 350 MM, DIAMETRO = 16 MM, ROSCA MAQUINA, CABECA QUADRADA;UN;17.7
MATERIAL;437;PARAFUSO M16 EM ACO GALVANIZADO, COMPRIMENTO = 400 MM, DIAMETRO = 16 MM, ROSCA DUPLA;UN;23.51
MATERIAL;11790;PARAFUSO M16 EM ACO GALVANIZADO, COMPRIMENTO = 450 MM, DIAMETRO = 16 MM, ROSCA MAQUINA, CABECA QUADRADA;UN;26.67
MATERIAL;428;PARAFUSO M16 EM ACO GALVANIZADO, COMPRIMENTO = 500 MM, DIAMETRO = 16 MM, ROSCA MAQUINA, COM CABECA SEXTAVADA E PORCA;UN;29
MATERIAL;44739;PARAFUSO M16 EM ACO ZINCADO, CABECA SEXTAVADA, ROSCA INTEIRA, COMPRIMENTO 25 MM, DIAMETRO 16 MM;UN;1.65
MATERIAL;44740;PARAFUSO M16 INOX, CABECA SEXTAVADA, ROSCA INTEIRA, COMPRIMENTO 50 MM, DIAMETRO 16 MM;UN;7.46
MATERIAL;4351;"PARAFUSO NIQUELADO 3 1/2"" COM ACABAMENTO CROMADO PARA FIXAR PECA SANITARIA, INCLUI PORCA CEGA, ARRUELA E BUCHA DE NYLON TAMANHO S-8";UN;15.4
MATERIAL;4384;PARAFUSO NIQUELADO COM ACABAMENTO CROMADO PARA FIXAR PECA SANITARIA, INCLUI PORCA CEGA, ARRUELA E BUCHA DE NYLON TAMANHO S-10;UN;20.78
MATERIAL;43883;PARAFUSO ROSCA MAQUINA, CABECA REDONDA COM FENDA SIMPLES, DIAMETRO *4,8* MM, COMPRIMENTO * 19 * MM, EM ACO CARBONO ZINCADO, COM PORCA E ARRUELA;UN;0.18
MATERIAL;11054;"PARAFUSO ROSCA SOBERBA ZINCADO CABECA CHATA FENDA SIMPLES 3,2 X 20 MM (3/4"")";UN;0.04
MATERIAL;11055;"PARAFUSO ROSCA SOBERBA ZINCADO CABECA CHATA FENDA SIMPLES 3,5 X 25 MM (1"")";UN;0.07
MATERIAL;11056;"PARAFUSO ROSCA SOBERBA ZINCADO CABECA CHATA FENDA SIMPLES 3,8 X 30 MM (1.1/4"")";UN;0.08
MATERIAL;11057;"PARAFUSO ROSCA SOBERBA ZINCADO CABECA CHATA FENDA SIMPLES 4,8 X 40 MM (1.1/2"")";UN;0.16
MATERIAL;11059;"PARAFUSO ROSCA SOBERBA ZINCADO CABECA CHATA FENDA SIMPLES 5,5 X 50 MM (2"")";UN;0.31
MATERIAL;11058;"PARAFUSO ROSCA SOBERBA ZINCADO CABECA CHATA FENDA SIMPLES 5,5 X 65 MM (2.1/2"")";UN;0.41
MATERIAL;4320;"PARAFUSO ZINCADO 5/16"" X 250 MM PARA FIXACAO DE TELHA DE FIBROCIMENTO CANALETE 49, INCLUI BUCHA NYLON S-10";UN;3.28
MATERIAL;4318;"PARAFUSO ZINCADO 5/16"" X 85 MM PARA FIXACAO DE TELHA DE FIBROCIMENTO CANALETE 90, INCLUI BUCHA NYLON S-10";UN;1.59
MATERIAL;4380;"PARAFUSO ZINCADO ROSCA SOBERBA 5/16"" X 120 MM PARA TELHA FIBROCIMENTO";UN;1.38
MATERIAL;4299;"PARAFUSO ZINCADO ROSCA SOBERBA, CABECA SEXTAVADA, 5/16"" X 110 MM, PARA FIXACAO DE TELHA EM MADEIRA";UN;1.3
MATERIAL;4304;"PARAFUSO ZINCADO ROSCA SOBERBA, CABECA SEXTAVADA, 5/16"" X 150 MM, PARA FIXACAO DE TELHA EM MADEIRA";UN;1.77
MATERIAL;4305;"PARAFUSO ZINCADO ROSCA SOBERBA, CABECA SEXTAVADA, 5/16"" X 180 MM, PARA FIXACAO DE TELHA EM MADEIRA";UN;2.06
MATERIAL;4306;"PARAFUSO ZINCADO ROSCA SOBERBA, CABECA SEXTAVADA, 5/16"" X 200 MM, PARA FIXACAO DE TELHA EM MADEIRA";UN;2.39
MATERIAL;4308;"PARAFUSO ZINCADO ROSCA SOBERBA, CABECA SEXTAVADA, 5/16"" X 230 MM, PARA FIXACAO DE TELHA EM MADEIRA";UN;4.95
MATERIAL;4302;"PARAFUSO ZINCADO ROSCA SOBERBA, CABECA SEXTAVADA, 5/16"" X 250 MM, PARA FIXACAO DE TELHA EM MADEIRA";UN;3.71
MATERIAL;4300;"PARAFUSO ZINCADO ROSCA SOBERBA, CABECA SEXTAVADA, 5/16"" X 50 MM, PARA FIXACAO DE TELHA EM MADEIRA";UN;0.88
MATERIAL;4301;"PARAFUSO ZINCADO ROSCA SOBERBA, CABECA SEXTAVADA, 5/16"" X 85 MM, PARA FIXACAO DE TELHA EM MADEIRA";UN;1.08
MATERIAL;40547;PARAFUSO ZINCADO, AUTO BROCANTE, FLANGEADO, 4,2 MM X 19 MM;CENTO;25.25
MATERIAL;11962;"PARAFUSO ZINCADO, SEXTAVADO, COM ROSCA INTEIRA, DIAMETRO 1/4"", COMPRIMENTO 1/2""";UN;0.2
MATERIAL;4332;"PARAFUSO ZINCADO, SEXTAVADO, COM ROSCA INTEIRA, DIAMETRO 3/8"", COMPRIMENTO 2""";UN;1
MATERIAL;4331;"PARAFUSO ZINCADO, SEXTAVADO, COM ROSCA INTEIRA, DIAMETRO 5/8"", COMPRIMENTO 2 1/4""";UN;3.79
MATERIAL;4336;"PARAFUSO ZINCADO, SEXTAVADO, COM ROSCA INTEIRA, DIAMETRO 5/8"", COMPRIMENTO 3"", COM PORCA E ARRUELA DE PRESSAO MEDIA";UN;4.85
MATERIAL;11948;"PARAFUSO ZINCADO, SEXTAVADO, COM ROSCA SOBERBA, DIAMETRO 5/16"", COMPRIMENTO 40 MM";UN;0.62
MATERIAL;4382;"PARAFUSO ZINCADO, SEXTAVADO, COM ROSCA SOBERBA, DIAMETRO 5/16"", COMPRIMENTO 80 MM";UN;1.04
MATERIAL;4354;"PARAFUSO ZINCADO, SEXTAVADO, GRAU 5, ROSCA INTEIRA, DIAMETRO 1 1/2"", COMPRIMENTO 4""";UN;43.47
MATERIAL;40839;"PARAFUSO, ASTM A307 - GRAU A, SEXTAVADO, ZINCADO, DIAMETRO 3/8"" (9,52 MM), COMPRIMENTO 1"" (25,4 MM)";CENTO;104.61
MATERIAL;40552;"PARAFUSO, AUTOATARRAXANTE, CABECA CHATA, FENDA SIMPLES, EM ACO ZINCADO, 1/4"" (6,35 MM) X 25 MM";CENTO;43.29
MATERIAL;40549;"PARAFUSO, COMUM, ASTM A307, SEXTAVADO, DIAMETRO 1/2"" (12,7 MM), COMPRIMENTO 1"" (25,4 MM)";CENTO;171.35
MATERIAL;43851;"PARAFUSO, EM ACO ZINCADO, CABECA LENTILHA AUTO TRAVANTE DIAMETRO 5/16"" X 1"" COM PORCA";UN;0.48
MATERIAL;43965;"PARAFUSO, EM ACO ZINCADO, CABECA LENTILHA AUTOTRAVANTE DIAMETRO 5/16"" X 1""";UN;0.43
MATERIAL;4385;PARALELEPIPEDO GRANITICO OU BASALTICO, PARA PAVIMENTACAO, SEM FRETE (VARIACAO REGIONAL DE PECAS POR M2);MIL;3250.48
MATERIAL;45236;PASTA ABRASIVA PARA LIMPEZA DE MAOS;KG;23.73
MATERIAL;20078;PASTA LUBRIFICANTE PARA TUBOS E CONEXOES COM JUNTA ELASTICA, EMBALAGEM DE *400* GR (USO EM PVC, ACO, POLIETILENO E OUTROS);UN;27.31
MATERIAL;39897;PASTA PARA SOLDA DE TUBOS E CONEXOES DE COBRE (EMBALAGEM COM 250 G);UN;73.35
MATERIAL;118;PASTA VEDA JUNTAS/ROSCA, EMBALAGEM DE *500* G, PARA INSTALACOES DE AGUA, GAS E OUTROS;UN;57.74
MATERIAL;4396;PASTILHA CERAMICA/PORCELANA, REVEST INT/EXT E PISCINA, CORES BRANCA OU FRIAS, SOLIDAS, SEM MESCLAGEM/MISTURA, ACABAMENTO LISO *2,5 X 2,5* CM;M2;250.77
MATERIAL;36881;PASTILHA CERAMICA/PORCELANA, REVEST INT/EXT E PISCINA, CORES BRANCA OU FRIAS, SOLIDAS, SEM MESCLAGEM/MISTURA, ACABAMENTO LISO *5 X 5* CM;M2;183.07
MATERIAL;4397;PASTILHA CERAMICA/PORCELANA, REVEST INT/EXT E PISCINA, CORES LISAS/SOLIDAS, QUENTES, SEM MESCLAGEM/MISTURA, *2,5 X 2,5* CM;M2;254.95
MATERIAL;36882;PASTILHA CERAMICA/PORCELANA, REVEST INT/EXT E PISCINA, CORES LISAS/SOLIDAS, QUENTES, SEM MESCLAGEM/MISTURA, *5 X 5* CM;M2;186.67
MAO DE OBRA;4751;PASTILHEIRO (HORISTA);H;27.39
MAO DE OBRA;41066;PASTILHEIRO (MENSALISTA);MES;4797.83
MATERIAL;39604;PATCH CORD (CABO DE REDE), CATEGORIA 5 E (CAT 5E) UTP, 24 AWG, 4 PARES, EXTENSAO DE 1,50 M;UN;15.6
MATERIAL;39605;PATCH CORD (CABO DE REDE), CATEGORIA 5 E (CAT 5E) UTP, 24 AWG, 4 PARES, EXTENSAO DE 2,50 M;UN;16.94
MATERIAL;39606;PATCH CORD (CABO DE REDE), CATEGORIA 6 (CAT 6) UTP, 23 AWG, 4 PARES, EXTENSAO DE 1,50 M;UN;29.67
MATERIAL;39607;PATCH CORD (CABO DE REDE), CATEGORIA 6 (CAT 6) UTP, 23 AWG, 4 PARES, EXTENSAO DE 2,50 M;UN;40.14
MATERIAL;39594;"PATCH PANEL, 24 PORTAS, CATEGORIA 5E, PARA FIXACAO EM RACKS DE 19"" DE LARGURA E 1 U DE ALTURA";UN;277.5
MATERIAL;39596;"PATCH PANEL, 24 PORTAS, CATEGORIA 6, PARA FIXACAO EM RACKS DE 19"" DE LARGURA E 1 U DE ALTURA";UN;743.17
MATERIAL;39595;"PATCH PANEL, 48 PORTAS, CATEGORIA 5E, PARA FIXACAO EM RACKS DE 19"" DE LARGURA E 2 U DE ALTURA";UN;1669.79
MATERIAL;39597;"PATCH PANEL, 48 PORTAS, CATEGORIA 6, PARA FIXACAO EM RACKS DE 19"" DE LARGURA E 2 U DE ALTURA";UN;2619.3
MATERIAL;10731;PEDRA ARDOSIA, CINZA, *40 X 40* CM, E= *1 CM;M2;45
MATERIAL;4704;PEDRA ARDOSIA, CINZA, 20 X 40 CM, E= *1 CM;M2;40.61
MATERIAL;10730;PEDRA ARDOSIA, CINZA, 30 X 30, E= *1 CM;M2;43.51
MATERIAL;4720;PEDRA BRITADA N. 0, OU PEDRISCO (4,8 A 9,5 MM) POSTO PEDREIRA/FORNECEDOR, SEM FRETE;M3;100.56
MATERIAL;4721;PEDRA BRITADA N. 1 (9,5 A 19 MM) POSTO PEDREIRA/FORNECEDOR, SEM FRETE;M3;87.1
MATERIAL;4718;PEDRA BRITADA N. 2 (19 A 38 MM) POSTO PEDREIRA/FORNECEDOR, SEM FRETE;M3;87.56
MATERIAL;4722;PEDRA BRITADA N. 3 (38 A 50 MM) POSTO PEDREIRA/FORNECEDOR, SEM FRETE;M3;82.27
MATERIAL;4730;PEDRA DE MAO OU PEDRA RACHAO PARA ARRIMO/FUNDACAO (POSTO PEDREIRA/FORNECEDOR, SEM FRETE);M3;81.87
MATERIAL;13186;PEDRA GRANITICA OU BASALTICA IRREGULAR, FAIXA GRANULOMETRICA 100 A 150 MM PARA PAVIMENTACAO OU CALCAMENTO POLIEDRICO, POSTO PEDREIRA / FORNECEDOR (SEM FRETE);M3;94.46
MATERIAL;10737;PEDRA GRANITICA OU BASALTO, CACO, RETALHO, CAVACO, TIPO MIRACEMA, MADEIRA, PADUANA, RACHINHA, SANTA ISABEL OU OUTRAS SIMILARES, E= *1,0 A *2,0 CM;M2;141.41
MATERIAL;10734;PEDRA GRANITICA, SERRADA, TIPO MIRACEMA, MADEIRA, PADUANA, RACHINHA, SANTA ISABEL OU OUTRAS SIMILARES, *11,5 X *23 CM, E= *1,0 A *2,0 CM;M2;84.12
MATERIAL;4708;PEDRA PORTUGUESA OU PETIT PAVE, BRANCA OU PRETA;M2;163.17
MATERIAL;4712;PEDRA QUARTZITO OU CALCARIO LAMINADO, CACO, TIPO CARIRI, ITACOLOMI, LAGOA SANTA, LUMINARIA, PIRENOPOLIS, SAO TOME OU OUTRAS SIMILARES DA REGIAO, E= *1,5 A *2,5 CM;M2;79.77
MATERIAL;4710;PEDRA QUARTZITO OU CALCARIO LAMINADO, SERRADA, TIPO CARIRI, ITACOLOMI, LAGOA SANTA, LUMINARIA, PIRENOPOLIS, SAO TOME OU OUTRAS SIMILARES DA REGIAO, *20 X *40 CM, E= *1,5 A *2,5 CM;M2;255.82
MAO DE OBRA;4750;PEDREIRO (HORISTA);H;27.39
MAO DE OBRA;41065;PEDREIRO (MENSALISTA);MES;4797.83
MATERIAL;34747;PEITORIL EM MARMORE, POLIDO, BRANCO COMUM, L= *15* CM, E= *2,0* CM, COM PINGADEIRA;M;133.94
MATERIAL;4826;PEITORIL EM MARMORE, POLIDO, BRANCO COMUM, L= *15* CM, E= *3* CM, CORTE RETO;M;144.02
MATERIAL;41975;PEITORIL PRE-MOLDADO EM GRANILITE, MARMORITE OU GRANITINA, L = *15* CM;M2;120.43
MATERIAL;4825;PEITORIL/ SOLEIRA EM MARMORE, POLIDO, BRANCO COMUM, L= *25* CM, E= *3* CM, CORTE RETO;M;199.35
MATERIAL;34744;PELICULA REFLETIVA, GT 7 ANOS PARA SINALIZACAO VERTICAL;M2;40.17
MATERIAL;39430;PENDURAL OU PRESILHA REGULADORA, EM ACO GALVANIZADO, COM CORPO, MOLA E REBITE, PARA PERFIL TIPO CANALETA DE ESTRUTURA EM FORROS DRYWALL;UN;1.61
MATERIAL;39573;PENDURAL OU REGULADOR, COM MOLA, EM ACO GALVANIZADO, PARA PERFIL TIPO T CLICADO DE FORROS REMOVIVEL;UN;1.58
EQUIPAMENTO (AQUISIÇÃO);38410;PENEIRA ROTATIVA COM MOTOR ELETRICO TRIFASICO DE 2 CV, CILINDRO DE 1 M X 0,60 M, COM FUROS DE 3,17 MM;UN;15367.8
MATERIAL;43082;"PERFIL ""I"" OU ""W"" EM ACO LAMINADO, QUAISQUER DIMENSOES";KG;10
MATERIAL;43083;"PERFIL ""U"" ENRIJECIDO, EM CHAPA DOBRADA DE ACO LAMINADO, E = 3,75 MM, H = 200 MM, L = 75 MM (9,94 KG/M)";KG;8.66
MATERIAL;40535;"PERFIL ""U"" SIMPLES, EM CHAPA DOBRADA DE ACO LAMINADO, E = 2,65 MM, H = 75 MM, L = 40 MM (3,04 KG/M)";KG;8.66
MATERIAL;40598;"PERFIL ""U"" SIMPLES, EM CHAPA DOBRADA DE ACO LAMINADO, E = 3 MM, H = 125 MM, L = 50 MM (5,07 KG/M)";KG;8.45
MATERIAL;43692;"PERFIL ""U"" SIMPLES, EM CHAPA DOBRADA DE ACO LAMINADO, E = 3 MM, H = 200 MM, L = 50 MM (6,83 KG/M)";KG;9.12
MATERIAL;43665;"PERFIL ""U"" SIMPLES, EM CHAPA DOBRADA DE ACO LAMINADO, E = 4,75 MM, H = 100 MM, L = 75 MM (8,74 KG/M)";KG;8.59
MATERIAL;10966;"PERFIL ""U"" SIMPLES, EM CHAPA DOBRADA DE ACO LAMINADO, E = 8 MM, H = 150 MM, L = 75 MM (16,97 KG/M)";KG;9.12
MATERIAL;39427;PERFIL CANALETA, FORMATO C, EM ACO ZINCADO, PARA ESTRUTURA FORRO DRYWALL, E = 0,5 MM, *46 X 18* (L X H), COMPRIMENTO 3 M;M;4.27
MATERIAL;39424;PERFIL CANTONEIRA L, LISA, EM ACO, 25 X 30 MM, E = 0,5 MM, PARA ESTRUTURA DRYWALL;M;2.54
MATERIAL;39425;PERFIL CANTONEIRA L, PERFURADA, EM ACO, 23 X 23 MM, E = 0,5 MM, PARA ESTRUTURA DRYWALL;M;2.51
MATERIAL;40664;PERFIL CARTOLA DE ACO GALVANIZADO, *20 X 30 X 10* MM, E = 0,8 MM;KG;17.77
MATERIAL;34360;PERFIL DE ALUMINIO ANODIZADO;KG;47.42
MATERIAL;20259;PERFIL DE BORRACHA EPDM MACICO *12 X 15* MM PARA ESQUADRIAS;M;14
MATERIAL;14077;PERFIL ELASTOMERICO PRE-FORMADO EM EPMD, PARA JUNTA DE DILATACAO DE PISOS COM POUCA SOLICITACAO, 15 MM DE LARGURA, MOVIMENTACAO DE *11 A 19* MM;M;214.28
MATERIAL;3678;PERFIL ELASTOMERICO PRE-FORMADO EM EPMD, PARA JUNTA DE DILATACAO DE USO GERAL EM MEDIAS SOLICITACOES, 8 MM DE LARGURA, MOVIMENTACAO DE *5 A 11* MM;M;96.85
MATERIAL;11552;PERFIL EM ALUMINIO, FORMATO U, ABAS IGUAIS, LARGURA DE 12,70 MM (1/2 POL), ESPESSURA 1,58 MM (1/16 POL) E PESO LINEAR DE APROXIMADAMENTE 0,149 KG/M;M;7.19
MATERIAL;585;"PERFIL EM ALUMINIO, FORMATO U, ABAS IGUAIS, LARGURA DE 25,4 MM (1""), ESPESSURA DE 2,38 MM (3/32"") E PESO LINEAR DE APROXIMADAMENTE 0,460 KG/M";KG;37.93
MATERIAL;39418;PERFIL GUIA, FORMATO U, EM ACO ZINCADO, PARA ESTRUTURA PAREDE DRYWALL, E = 0,5 MM, 48 X 3000 MM (L X C);M;4.76
MATERIAL;39419;PERFIL GUIA, FORMATO U, EM ACO ZINCADO, PARA ESTRUTURA PAREDE DRYWALL, E = 0,5 MM, 70 X 3000 MM (L X C);M;5.81
MATERIAL;39420;PERFIL GUIA, FORMATO U, EM ACO ZINCADO, PARA ESTRUTURA PAREDE DRYWALL, E = 0,5 MM, 90 X 3000 MM (L X C);M;6.41
MATERIAL;39571;PERFIL LONGARINA (PRINCIPAL), T CLICADO, EM ACO, BRANCO NAS FACES APARENTES, PARA FORRO REMOVIVEL, 24 X 32 X 3750 MM (L X H X C;M;3.87
MATERIAL;39421;PERFIL MONTANTE, FORMATO C, EM ACO ZINCADO, PARA ESTRUTURA PAREDE DRYWALL, E = 0,5 MM, 48 X 3000 MM (L X C);M;5.64
MATERIAL;39422;PERFIL MONTANTE, FORMATO C, EM ACO ZINCADO, PARA ESTRUTURA PAREDE DRYWALL, E = 0,5 MM, 70 X 3000 MM (L X C);M;6.59
MATERIAL;39423;PERFIL MONTANTE, FORMATO C, EM ACO ZINCADO, PARA ESTRUTURA PAREDE DRYWALL, E = 0,5 MM, 90 X 3000 MM (L X C);M;7.65
MATERIAL;39426;PERFIL RODAPE DE IMPERMEABILIZACAO, FORMATO L, EM ACO ZINCADO, PARA ESTRUTURA DRYWALL, E = 0,5 MM, 220 X 3000 MM (H X C);M;17.2
MATERIAL;39429;PERFIL TABICA ABERTA, PERFURADA, FORMATO Z, EM ACO GALVANIZADO NATURAL, LARGURA APROXIMADA 40 MM, PARA ESTRUTURA FORRO DRYWALL;M;5.42
MATERIAL;39428;PERFIL TABICA FECHADA, LISA, FORMATO Z, EM ACO GALVANIZADO NATURAL, LARGURA TOTAL NA HORIZONTAL *40* MM, PARA ESTRUTURA FORRO DRYWALL;M;4.14
MATERIAL;39572;PERFIL TIPO CANTONEIRA EM L, EM ACO GALVANIZADO, BRANCO, PARA FORRO REMOVIVEL, *23* X 3000 MM (L X C);M;3.59
MATERIAL;39570;PERFIL TRAVESSA (SECUNDARIO), T CLICADO, EM ACO GALVANIZADO, BRANCO, PARA FORRO REMOVIVEL, 24 X 1250 MM (L X C);M;3.8
MATERIAL;39569;PERFIL TRAVESSA (SECUNDARIO), T CLICADO, EM ACO GALVANIZADO, BRANCO, PARA FORRO REMOVIVEL, 24 X 625 MM (L X C);M;3.76
MATERIAL;39328;PERFILADO PERFURADO 19 X 38 MM, CHAPA 22;M;3.88
MATERIAL;39029;PERFILADO PERFURADO DUPLO 38 X 76 MM, CHAPA 22;M;12.14
MATERIAL;39028;PERFILADO PERFURADO SIMPLES 38 X 38 MM, CHAPA 22;M;7.07
EQUIPAMENTO (AQUISIÇÃO);38541;PERFURATRIZ COM TORRE METALICA PARA EXECUCAO DE ESTACA HELICE CONTINUA, PROFUNDIDADE MAXIMA DE 30 M, DIAMETRO MAXIMO DE 800 MM, POTENCIA INSTALADA DE 268 HP, MESA ROTATIVA COM TORQUE MAXIMO DE 170 KNM;UN;4594594.59
EQUIPAMENTO (AQUISIÇÃO);38542;PERFURATRIZ COM TORRE METALICA PARA EXECUCAO DE ESTACA HELICE CONTINUA, PROFUNDIDADE MAXIMA DE 32 M, DIAMETRO MAXIMO DE 1000 MM, POTENCIA INSTALADA DE 350 HP, MESA ROTATIVA COM TORQUE MAXIMO DE 263 KNM;UN;7045045.05
EQUIPAMENTO (AQUISIÇÃO);45080;PERFURATRIZ DE COROA DIAMANTADA PARA CONCRETO, DIAMETRO ATE 250 MM, MOTOR ELETRICO 220 V, POTENCIA 2.500W;UN;15257.33
EQUIPAMENTO (AQUISIÇÃO);38543;PERFURATRIZ HIDRAULICA COM TRADO CURTO ACOPLADO, PROFUNDIDADE MAXIMA DE 20 M, DIAMETRO MAXIMO DE 1500 MM, POTENCIA INSTALADA DE 137 HP, MESA ROTATIVA COM TORQUE MAXIMO DE 30 KNM (INCLUI MONTAGEM, NAO INCLUI CAMINHAO);UN;1434540.41
EQUIPAMENTO (AQUISIÇÃO);44002;PERFURATRIZ HIDRAULICA SOBRE ESTEIRA, TORQUE MAXIMO 161 KNM, PROFUNDIDADE MAXIMA 54 M, DIAMETRO MAXIMO 1500 MM, POTENCIA MOTOR 268 HP;UN;6700654.63
EQUIPAMENTO (AQUISIÇÃO);43886;PERFURATRIZ HIDRAULICA SOBRE ESTEIRA, TORQUE MAXIMO 98 KNM, PROFUNDIDADE MAXIMA 25 M, DIAMETRO MAXIMO 115 MM, POTENCIA MOTOR 190 HP;UN;3251954.99
EQUIPAMENTO (AQUISIÇÃO);40791;"PERFURATRIZ MANUAL, TORQUE MAXIMO 83 N.M, POTENCIA 5 CV, COM DIAMETRO MAXIMO 4"", PARA SOLO GRAMPEADO (INCLUI SUPORTE OU CHASSI TIPO MESA)";UN;39083.64
EQUIPAMENTO (AQUISIÇÃO);44003;PERFURATRIZ PARA EXECUCAO DE ESTACAS SECANTES, TIPO HELICE CONTINUA COM CABECOTE DUPLO E TUBO METALICO 300 KW;UN;9311711.75
EQUIPAMENTO (AQUISIÇÃO);44548;PERFURATRIZ PARA FURO DIRECIONAL HORIZONTAL (HDD) COM CAPACIDADE ATE 89 KN, POTENCIA 24,8 HP A 80 HP (INCLUSO FERRAMENTAS E LOCALIZADOR), PARA REDE SUBTERRANEA;UN;2847739.95
EQUIPAMENTO (AQUISIÇÃO);44550;PERFURATRIZ PARA FURO DIRECIONAL HORIZONTAL (HDD) COM CAPACIDADE DE 201 KN A 560 KN, POTENCIA 200 HP A 260 HP (INCLUSO FERRAMENTAS E LOCALIZADOR), PARA REDE SUBTERRANEA;UN;8934342.35
EQUIPAMENTO (AQUISIÇÃO);44549;PERFURATRIZ PARA FURO DIRECIONAL HORIZONTAL (HDD) COM CAPACIDADE DE 90 KN A 200 KN, POTENCIA 100 HP A 160 HP (INCLUSO FERRAMENTAS E LOCALIZADOR), PARA REDE SUBTERRANEA;UN;6533237.87
EQUIPAMENTO (AQUISIÇÃO);41982;PERFURATRIZ ROTATIVA SOBRE ESTEIRA, TORQUE MAXIMO 2500 KGM, POTENCIA 110 HP, MOTOR DIESEL;UN;1735735.7
EQUIPAMENTO (AQUISIÇÃO);39012;"PERFURATRIZ SOBRE ESTEIRA, TORQUE MAXIMO 600 KGF, PESO MEDIO 1000 KG, POTENCIA 20 HP, DIAMETRO MAXIMO 10""";UN;1018468.47
EQUIPAMENTO (AQUISIÇÃO);40435;"PERFURATRIZ SOBRE ESTEIRA, TORQUE MAXIMO DE 600 KGF, POTENCIA ENTRE 50 E 60 HP, DIAMETRO MAXIMO DE 10""";UN;1028429.53
MATERIAL;45265;PERNEIRA DE RASPA COM VELCRO;PAR;37.02
EQUIPAMENTO (AQUISIÇÃO);13617;PICAPE CABINE SIMPLES COM MOTOR 1.6 FLEX, CAMBIO MANUAL, POTENCIA 101/104 CV, 2 PORTAS;UN;103321.7
MATERIAL;35274;PILAR QUADRADO NAO APARELHADO *10 X 10* CM, EM MACARANDUBA/MASSARANDUBA, ANGELIM OU EQUIVALENTE DA REGIAO - BRUTA;M;63.56
MATERIAL;35275;PILAR QUADRADO NAO APARELHADO *15 X 15* CM, EM MACARANDUBA/MASSARANDUBA, ANGELIM OU EQUIVALENTE DA REGIAO - BRUTA;M;134.91
MATERIAL;35276;PILAR QUADRADO NAO APARELHADO *20 X 20* CM, EM MACARANDUBA/MASSARANDUBA, ANGELIM OU EQUIVALENTE DA REGIAO - BRUTA;M;234.74
MATERIAL;11091;PINGADEIRA PLASTICA PARA TELHA DE FIBROCIMENTO CANALETE 49/KALHETA OU CANALETE 90/KALHETAO;UN;1.58
MATERIAL;37586;PINO DE ACO COM ARRUELA CONICA, DIAMETRO ARRUELA = *23* MM E COMP HASTE = *27* MM (ACAO INDIRETA);CENTO;54.36
MATERIAL;37395;PINO DE ACO COM FURO, HASTE = 27 MM (ACAO DIRETA);CENTO;46.74
MATERIAL;14147;"PINO DE ACO COM ROSCA 1/4"", COMPRIMENTO DA HASTE = 30 MM E ROSCA = 20 MM (ACAO DIRETA)";CENTO;62
MATERIAL;37396;"PINO DE ACO LISO 1/4"", HASTE = *36,5* MM (ACAO DIRETA)";CENTO;38.25
MATERIAL;37397;"PINO DE ACO LISO 1/4"", HASTE = *53* MM (ACAO DIRETA)";CENTO;40.06
MATERIAL;43606;PINO GUIA RETO, EM LATAO, CHAPA COM 3 MM DE ESPESSURA E GUIA COM ROLETE DE 9 MM;UN;8.61
MATERIAL;444;PINO ROSCA EXTERNA, EM ACO GALVANIZADO, PARA ISOLADOR DE 15KV, DIAMETRO 25 MM, COMPRIMENTO *290* MM;UN;24
MATERIAL;445;PINO ROSCA EXTERNA, EM ACO GALVANIZADO, PARA ISOLADOR DE 25KV, DIAMETRO 35MM, COMPRIMENTO *320* MM;UN;32.85
MAO DE OBRA;4783;PINTOR (HORISTA);H;27.39
MAO DE OBRA;41079;PINTOR (MENSALISTA);MES;4797.83
MAO DE OBRA;12874;PINTOR DE LETREIROS (HORISTA);H;25.24
MAO DE OBRA;41082;PINTOR DE LETREIROS (MENSALISTA);MES;4424.59
MAO DE OBRA;4785;PINTOR PARA TINTA EPOXI (HORISTA);H;27.39
MAO DE OBRA;41081;PINTOR PARA TINTA EPOXI (MENSALISTA);MES;4797.83
MATERIAL;4801;PISO DE BORRACHA CANELADO EM PLACAS 50 X 50 CM, E = *3,5* MM, PARA COLA;M2;77.05
MATERIAL;4794;PISO DE BORRACHA ESPORTIVO EM PLACAS 50 X 50 CM, E = 15 MM, PARA ARGAMASSA, PRETO;M2;350.94
MATERIAL;4796;PISO DE BORRACHA FRISADO OU PASTILHADO, PRETO, EM PLACAS 50 X 50 CM, E = 7 MM, PARA ARGAMASSA;M2;213.15
MATERIAL;4800;PISO DE BORRACHA PASTILHADO EM PLACAS 50 X 50 CM, E = *3,5* MM, PARA COLA, PRETO;M2;58.62
MATERIAL;4795;PISO DE BORRACHA PASTILHADO EM PLACAS 50 X 50 CM, E = 15 MM, PARA ARGAMASSA, PRETO;M2;341.62
MATERIAL;1292;PISO EM CERAMICA ESMALTADA, COR LISA, PEI MAIOR OU IGUAL A 4, FORMATO MAIOR QUE 2025 CM2;M2;37
MATERIAL;1287;PISO EM CERAMICA ESMALTADA, COR LISA, PEI MAIOR OU IGUAL A 4, FORMATO MENOR OU IGUAL A 2025 CM2;M2;29.62
MATERIAL;4786;PISO EM GRANILITE, MARMORITE OU GRANITINA, AGREGADO COR PRETO, CINZA, PALHA OU BRANCO, E= *8* MM (INCLUSO EXECUCAO);M2;138.5
MATERIAL;10840;PISO EM GRANITO, POLIDO, TIPO AMENDOA/ AMARELO CAPRI/ AMARELO DOURADO CARIOCA OU OUTROS EQUIVALENTES DA REGIAO, FORMATO MENOR OU IGUAL A 3025 CM2, E= *2* CM;M2;445
MATERIAL;10841;PISO EM GRANITO, POLIDO, TIPO ANDORINHA/ QUARTZ/ CASTELO/ CORUMBA OU OUTROS EQUIVALENTES DA REGIAO, FORMATO MENOR OU IGUAL A 3025 CM2, E= *2* CM;M2;335.84
MATERIAL;44540;PISO EM GRANITO, POLIDO, TIPO MARFIM, DALLAS, CARAVELAS OU OUTROS EQUIVALENTES DA REGIAO, FORMATO MENOR OU IGUAL A 3025 CM2, E= *2*CM;M2;429.14
MATERIAL;10842;PISO EM GRANITO, POLIDO, TIPO PRETO SAO GABRIEL/ TIJUCA OU OUTROS EQUIVALENTES DA REGIAO, FORMATO MENOR OU IGUAL A 3025 CM2, E= *2* CM;M2;485.11
MATERIAL;45190;PISO EM PORCELANATO, RETIFICADO, LISO, MONOCOLOR, ACETINADO OU POLIDO, FORMATO MAIOR QUE 2500 ATE 6400 CM2;M2;61.1
MATERIAL;45191;PISO EM PORCELANATO,RETIFICADO, LISO, MONOCOLOR, ACETINADO OU POLIDO, FORMATO MAIOR QUE 6400 CM2;M2;103.65
MATERIAL;38180;PISO EM REGUA VINILICA SEMIFLEXIVEL, ENCAIXE CLICADO, E = 4 MM (SEM COLOCACAO);M2;171.61
SERVIÇOS;40648;PISO EPOXI AUTONIVELANTE, ESPESSURA *4* MM (INCLUSO EXECUCAO);M2;265.92
SERVIÇOS;40649;PISO EPOXI MULTILAYER, ESPESSURA *2* MM (INCLUSO EXECUCAO);M2;154.89
MATERIAL;40650;PISO FULGET (GRANITO LAVADO) EM PLACAS DE *40 X 40* CM, E = 2,0 CM (SEM COLOCACAO);M2;199.44
MATERIAL;40651;PISO FULGET (GRANITO LAVADO) EM PLACAS DE *75 X 75* CM, E = 2,0 CM (SEM COLOCACAO);M2;367.85
SERVIÇOS;40652;PISO FULGET (GRANITO LAVADO) MOLDADO IN LOCO (INCLUSO EXECUCAO);M2;197.22
SERVIÇOS;40647;PISO INDUSTRIAL EM CONCRETO ARMADO DE ACABAMENTO POLIDO, ESPESSURA 12 CM (CIMENTO QUEIMADO) (INCLUSO EXECUCAO);M2;217.16
SERVIÇOS;40653;PISO KORODUR (INCLUSO EXECUCAO);M2;166.2
MATERIAL;38135;PISO TATIL / PODOTATIL, LADRILHO HIDRAULICO / CONCRETO, *25 X 25* CM, E= *2,5* CM, PADRAO TATIL ALERTA OU DIRECIONAL, COR AMARELA;M2;121.59
MATERIAL;36178;PISO TATIL / PODOTATIL, LADRILHO HIDRAULICO/CONCRETO, *40 X 40* CM, E= 2,5* CM, PADRAO TATIL ALERTA OU DIRECIONAL, COR NATURAL;UN;20.33
MATERIAL;38181;PISO TATIL ALERTA OU DIRECIONAL, DE BORRACHA, COLORIDO, 25 X 25 CM, E = 5 MM, PARA COLA;M2;234.28
MATERIAL;38182;PISO TATIL DE ALERTA OU DIRECIONAL DE BORRACHA, PRETO, 25 X 25 CM, E = 5 MM, PARA COLA;M2;223.16
MATERIAL;38186;PISO TATIL DE ALERTA OU DIRECIONAL, DE BORRACHA, COLORIDO, 25 X 25 CM, E = 12 MM, PARA ARGAMASSA;M2;580.07
MATERIAL;38185;PISO TATIL DE ALERTA OU DIRECIONAL, DE BORRACHA, PRETO, 25 X 25 CM, E = 12 MM, PARA ARGAMASSA;M2;516.47
SERVIÇOS;40654;PISO URETANO, VERSAO REVESTIMENTO AUTONIVELANTE, ESPESSURA VARIAVEL DE 3 A 4 MM (INCLUSO EXECUCAO);M2;258.16
MATERIAL;44541;PISO/ REVESTIMENTO EM GRANITO, POLIDO, TIPO ANDORINHA/ QUARTZ/ CASTELO/ CORUMBA OU OUTROS EQUIVALENTES DA REGIAO, FORMATO MAIOR OU IGUAL A 3025 CM2, E = *2*CM;M2;354.5
MATERIAL;4822;PISO/ REVESTIMENTO EM MARMORE, POLIDO, BRANCO COMUM, FORMATO MAIOR OU IGUAL A 3025 CM2, E = *2* CM;M2;551.8
MATERIAL;4818;PISO/ REVESTIMENTO EM MARMORE, POLIDO, BRANCO COMUM, FORMATO MENOR OU IGUAL A 3025 CM2, E = *2* CM;M2;567.17
MATERIAL;39567;PLACA / CHAPA DE GESSO ACARTONADO, ACABAMENTO VINILICO LISO EM UMA DAS FACES, COR BRANCA, BORDA QUADRADA, E = 9,5 MM, *625 X 1250* MM (L X C), PARA FORRO REMOVIVEL;M2;43.37
MATERIAL;39566;PLACA / CHAPA DE GESSO ACARTONADO, ACABAMENTO VINILICO LISO EM UMA DAS FACES, COR BRANCA, BORDA QUADRADA, E = 9,5 MM, *625 X 625* MM (L X C), PARA FORRO REMOVIVEL;M2;45.91
MATERIAL;39416;PLACA / CHAPA DE GESSO ACARTONADO, RESISTENTE A UMIDADE (RU), COR VERDE, E = 12,5 MM, 1200 X 1800 MM (L X C);M2;27.98
MATERIAL;39417;PLACA / CHAPA DE GESSO ACARTONADO, RESISTENTE A UMIDADE (RU), COR VERDE, E = 12,5 MM, 1200 X 2400 MM (L X C);M2;27.29
MATERIAL;43742;PLACA / CHAPA DE GESSO ACARTONADO, RESISTENTE A UMIDADE (RU), COR VERDE, E = 15 MM, 1200 X 2400 MM (L X C);M2;29.43
MATERIAL;39414;PLACA / CHAPA DE GESSO ACARTONADO, RESISTENTE AO FOGO (RF), COR ROSA, E = 12,5 MM, 1200 X 1800 MM (L X C);M2;26.5
MATERIAL;39415;PLACA / CHAPA DE GESSO ACARTONADO, RESISTENTE AO FOGO (RF), COR ROSA, E = 12,5 MM, 1200 X 2400 MM (L X C);M2;22.84
MATERIAL;43740;PLACA / CHAPA DE GESSO ACARTONADO, RESISTENTE AO FOGO (RF), COR ROSA, E = 15 MM, 1200 X 2400 MM (L X C);M2;27.89
MATERIAL;39412;PLACA / CHAPA DE GESSO ACARTONADO, STANDARD (ST), COR BRANCA, E = 12,5 MM, 1200 X 1800 MM (L X C);M2;19.13
MATERIAL;39413;PLACA / CHAPA DE GESSO ACARTONADO, STANDARD (ST), COR BRANCA, E = 12,5 MM, 1200 X 2400 MM (L X C);M2;20.68
MATERIAL;43741;PLACA / CHAPA DE GESSO ACARTONADO, STANDARD (ST), COR BRANCA, E = 15 MM, 1200 X 2400 MM (L X C);M2;22.05
MATERIAL;11062;PLACA CIMENTICIA LISA E = 10 MM, DE 1,20 X *2,50* M (SEM AMIANTO);M2;48.32
MATERIAL;11063;PLACA CIMENTICIA LISA E = 6 MM, DE 1,20 X *2,50* M (SEM AMIANTO);M2;29.57
MATERIAL;13521;PLACA DE ACO ESMALTADA PARA IDENTIFICACAO DE RUA, *45 CM X 20* CM;UN;142.56
MATERIAL;10851;PLACA DE ACRILICO TRANSPARENTE ADESIVADA PARA SINALIZACAO DE PORTAS, BORDA POLIDA, DE *25 X 8*, E = 6 MM (NAO INCLUI ACESSORIOS PARA FIXACAO);UN;63.81
MATERIAL;39515;PLACA DE FIBRA MINERAL PARA FORRO, DE 1250 X 625 MM, E = 15 MM, BORDA RETA, COM PINTURA ANTIMOFO (NAO INCLUI PERFIS);UN;58.51
MATERIAL;39516;PLACA DE FIBRA MINERAL PARA FORRO, DE 625 X 625 MM, E = 15 MM, BORDA REBAIXADA PARA PERFIL 24 MM, COM PINTURA ANTIMOFO (NAO INCLUI PERFIS);UN;49.33
MATERIAL;39514;PLACA DE FIBRA MINERAL PARA FORRO, DE 625 X 625 MM, E = 15 MM, BORDA RETA, COM PINTURA ANTIMOFO (NAO INCLUI PERFIS);UN;30.69
MATERIAL;4812;PLACA DE GESSO PARA FORRO, *60 X 60* CM, ESPESSURA DE 12 MM (SEM COLOCACAO);M2;11.47
MATERIAL;10849;PLACA DE INAUGURACAO EM BRONZE *35X 50*CM;UN;2073.62
MATERIAL;10848;PLACA DE INAUGURACAO METALICA, *40* CM X *60* CM;UN;1302.49
MATERIAL;4813;PLACA DE OBRA (PARA CONSTRUCAO CIVIL) EM CHAPA GALVANIZADA *N. 22*, ADESIVADA, DE *2,4 X 1,2* M (SEM POSTES PARA FIXACAO);M2;432
MATERIAL;37560;PLACA DE SINALIZACAO DE SEGURANCA CONTRA INCENDIO - ALERTA, TRIANGULAR, BASE DE *30* CM, EM PVC *2* MM ANTI-CHAMAS (SIMBOLOS, CORES E PICTOGRAMAS CONFORME NBR 16820);UN;70.02
MATERIAL;37557;PLACA DE SINALIZACAO DE SEGURANCA CONTRA INCENDIO, FOTOLUMINESCENTE, QUADRADA, *14 X 14* CM, EM PVC *2* MM ANTI-CHAMAS (SIMBOLOS, CORES E PICTOGRAMAS CONFORME NBR 16820);UN;21.26
MATERIAL;37556;PLACA DE SINALIZACAO DE SEGURANCA CONTRA INCENDIO, FOTOLUMINESCENTE, QUADRADA, *20 X 20* CM, EM PVC *2* MM ANTI-CHAMAS (SIMBOLOS, CORES E PICTOGRAMAS CONFORME NBR 16820);UN;41.14
MATERIAL;37559;PLACA DE SINALIZACAO DE SEGURANCA CONTRA INCENDIO, FOTOLUMINESCENTE, RETANGULAR, *12 X 40* CM, EM PVC *2* MM ANTI-CHAMAS (SIMBOLOS, CORES E PICTOGRAMAS CONFORME NBR 16820);UN;50.47
MATERIAL;37539;PLACA DE SINALIZACAO DE SEGURANCA CONTRA INCENDIO, FOTOLUMINESCENTE, RETANGULAR, *13 X 26* CM, EM PVC *2* MM ANTI-CHAMAS (SIMBOLOS, CORES E PICTOGRAMAS CONFORME NBR 16820);UN;35.57
MATERIAL;37558;PLACA DE SINALIZACAO DE SEGURANCA CONTRA INCENDIO, FOTOLUMINESCENTE, RETANGULAR, *20 X 40* CM, EM PVC *2* MM ANTI-CHAMAS (SIMBOLOS, CORES E PICTOGRAMAS CONFORME NBR 16820);UN;66.32
MATERIAL;34723;PLACA DE SINALIZACAO EM CHAPA DE ACO NUM 16 COM PINTURA REFLETIVA;M2;997.92
MATERIAL;34721;PLACA DE SINALIZACAO EM CHAPA DE ALUMINIO COM PINTURA REFLETIVA, E = 2 MM;M2;1244.17
MATERIAL;4309;PLACA DE VENTILACAO PARA TELHA DE FIBROCIMENTO CANALETE 49 KALHETA;UN;7.11
MATERIAL;4307;PLACA DE VENTILACAO PARA TELHA DE FIBROCIMENTO, CANALETE 90 OU KALHETAO;UN;12.17
MATERIAL;10850;PLACA NUMERACAO RESIDENCIAL EM CHAPA GALVANIZADA ESMALTADA 12 X 18 CM;UN;64.8
MATERIAL;42438;PLACA ORIENTATIVA SOBRE EXERCICIOS, 2,00 M X 1,00 M (CHAPA GALVANIZADA #20), ESTRUTURA EM TUBOS REDONDOS DE ACO CARBONO, PINTURA NO PROCESSO ELETROSTATICO, ADESIVO FRENTE E VERSO - PARA ACADEMIA AO AR LIVRE / ACADEMIA DA TERCEIRA IDADE - ATI;UN;2090.75
MATERIAL;4792;PLACA VINILICA SEMIFLEXIVEL PARA PISOS, E = 3,2 MM, 30 X 30 CM (SEM COLOCACAO);M2;164.74
MATERIAL;4790;PLACA VINILICA SEMIFLEXIVEL PARA REVESTIMENTO DE PISOS E PAREDES, E = 2 MM (SEM COLOCACAO);M2;99.05
MATERIAL;40671;PLACA/PISO DE CONCRETO POROSO/ PAVIMENTO PERMEAVEL/BLOCO DRENANTE DE CONCRETO, *40 X 40* CM, E = 6 CM, COR NATURAL;M2;126.75
MATERIAL;7552;"PLACA/TAMPA CEGA EM LATAO ESCOVADO PARA CONDULETE EM LIGA DE ALUMINIO 4 X 4""";UN;23.7
MATERIAL;4893;"PLUG OU BUJAO DE FERRO GALVANIZADO, DE 1 1/2""";UN;15.27
MATERIAL;4894;"PLUG OU BUJAO DE FERRO GALVANIZADO, DE 1 1/4""";UN;13.1
MATERIAL;4890;"PLUG OU BUJAO DE FERRO GALVANIZADO, DE 1""";UN;8.39
MATERIAL;4888;"PLUG OU BUJAO DE FERRO GALVANIZADO, DE 1/2""";UN;4.46
MATERIAL;12411;"PLUG OU BUJAO DE FERRO GALVANIZADO, DE 2 1/2""";UN;45.16
MATERIAL;4891;"PLUG OU BUJAO DE FERRO GALVANIZADO, DE 2""";UN;22.58
MATERIAL;4892;"PLUG OU BUJAO DE FERRO GALVANIZADO, DE 3""";UN;63.24
MATERIAL;4889;"PLUG OU BUJAO DE FERRO GALVANIZADO, DE 3/4""";UN;6.03
MATERIAL;12412;"PLUG OU BUJAO DE FERRO GALVANIZADO, DE 4""";UN;117.54
MATERIAL;4907;PLUG PVC, JE, DN 100 MM, PARA REDE COLETORA ESGOTO;UN;28.34
MATERIAL;4902;PLUG PVC, JE, DN 150 MM, PARA REDE COLETORA ESGOTO;UN;73.5
MATERIAL;4741;PO DE PEDRA (POSTO PEDREIRA/FORNECEDOR, SEM FRETE);M3;82.27
MAO DE OBRA;4752;POCEIRO / ESCAVADOR DE VALAS E TUBULOES (HORISTA);H;27.28
MAO DE OBRA;41091;POCEIRO / ESCAVADOR DE VALAS E TUBULOES (MENSALISTA);MES;4779.8
EQUIPAMENTO (AQUISIÇÃO);13954;POLIDORA DE PISO (POLITRIZ) ELETRICA, MOTOR MONOFASICO DE 4 HP, PESO DE 100 KG, DIAMETRO DO TRABALHO DE 450 MM;UN;8461.64
MATERIAL;3411;POLIESTIRENO EXPANDIDO/EPS (ISOPOR), PEROLAS, PARA CONCRETO LEVE;KG;76.28
MATERIAL;39995;POLIESTIRENO EXPANDIDO/EPS (ISOPOR), TIPO 2F, BLOCO;M3;586.86
MATERIAL;11615;POLIESTIRENO EXPANDIDO/EPS (ISOPOR), TIPO 2F, PLACA, ISOLAMENTO TERMOACUSTICO, E = 10 MM, 1000 X 500 MM;M2;4.98
MATERIAL;3408;POLIESTIRENO EXPANDIDO/EPS (ISOPOR), TIPO 2F, PLACA, ISOLAMENTO TERMOACUSTICO, E = 20 MM, 1000 X 500 MM;M2;13.22
MATERIAL;3409;POLIESTIRENO EXPANDIDO/EPS (ISOPOR), TIPO 2F, PLACA, ISOLAMENTO TERMOACUSTICO, E = 50 MM, 1000 X 500 MM;M2;33.05
MATERIAL;11427;POLVORA NEGRA;KG;152.33
MATERIAL;4491;PONTALETE *7,5 X 7,5* CM EM PINUS, MISTA OU EQUIVALENTE DA REGIAO - BRUTA;M;8.25
MATERIAL;2745;PONTALETE ROLICO SEM TRATAMENTO, D = 8 A 11 CM, H = 3 M, EM EUCALIPTO OU EQUIVALENTE DA REGIAO - BRUTA (PARA ESCORAMENTO);M;4.22
MATERIAL;14439;PONTALETE ROLICO SEM TRATAMENTO, D = 8 A 11 CM, H = 6 M, EM EUCALIPTO OU EQUIVALENTE DA REGIAO - BRUTA (PARA ESCORAMENTO);M;5.24
MATERIAL;45238;"PONTEIRO DE ACO, LISO, REDONDO, 3/4"" X 10""";UN;24.72
MATERIAL;44496;PONTEIRO PARA MARTELO ROMPEDOR, DIAMETRO = *28* MM, COMPRIMENTO = *520* MM, ENCAIXE SEXTAVADO;UN;169.07
MATERIAL;12362;PORCA OLHAL EM ACO GALVANIZADO, ESPESSURA 16MM, ABERTURA 21MM;UN;13.04
MATERIAL;421;PORCA OLHAL M 16, EM ACO GALVANIZADO, DIAMETRO = 16 MM;UN;17.52
MATERIAL;14148;"PORCA UNIAO/JUNCAO ZINCADA SEXTAVADA 1/4"", CHAVE 7/16"", COMPRIMENTO = 25 MM";UN;1.05
MATERIAL;4341;"PORCA ZINCADA, QUADRADA, DIAMETRO 3/8""";UN;0.93
MATERIAL;4337;"PORCA ZINCADA, QUADRADA, DIAMETRO 5/8""";UN;2.36
MATERIAL;11971;"PORCA ZINCADA, SEXTAVADA, DIAMETRO 1""";UN;3.91
MATERIAL;4339;"PORCA ZINCADA, SEXTAVADA, DIAMETRO 1/2""";UN;0.5
MATERIAL;39997;"PORCA ZINCADA, SEXTAVADA, DIAMETRO 1/4""";UN;0.28
MATERIAL;4342;"PORCA ZINCADA, SEXTAVADA, DIAMETRO 3/8""";UN;0.2
MATERIAL;4330;"PORCA ZINCADA, SEXTAVADA, DIAMETRO 5/16""";UN;0.13
MATERIAL;4340;"PORCA ZINCADA, SEXTAVADA, DIAMETRO 5/8""";UN;1.09
MATERIAL;5088;"PORTA CADEADO EM ACO GALVANIZADO, COMPRIMENTO DE 3 1/2""";UN;6.72
MATERIAL;11154;PORTA CORTA-FOGO SIMPLES PARA SAIDA DE EMERGENCIA, 1 FOLHA DE ABRIR, 5 CM, ACABAMENTO NATURAL / SEM PINTURA, COM FECHADURA TIPO TRINCO, DOBRADICAS E BATENTE, VAO LUZ DE 90 X 210 CM, CLASSE P-90 (NBR 11742);UN;1397.43
MATERIAL;4989;PORTA DE ABRIR / GIRO, DE MADEIRA FOLHA MEDIA (NBR 15930) DE 1000 X 2100 MM, DE 35 MM A 40 MM DE ESPESSURA, NUCLEO SEMI-SOLIDO (SARRAFEADO), CAPA LISA EM HDF, ACABAMENTO EM LAMINADO NATURAL PARA VERNIZ;UN;391.87
MATERIAL;4982;PORTA DE ABRIR / GIRO, DE MADEIRA FOLHA MEDIA (NBR 15930) DE 1000 X 2100 MM, DE 35 MM A 40 MM DE ESPESSURA, NUCLEO SEMI-SOLIDO (SARRAFEADO), CAPA LISA EM HDF, ACABAMENTO EM PRIMER PARA PINTURA;UN;367.55
MATERIAL;4962;PORTA DE ABRIR / GIRO, DE MADEIRA FOLHA MEDIA (NBR 15930) DE 700 X 2100 MM, DE 35 MM A 40 MM DE ESPESSURA, NUCLEO SEMI-SOLIDO (SARRAFEADO), CAPA FRISADA EM HDF, ACABAMENTO MELAMINICO EM PADRAO MADEIRA;UN;289.86
MATERIAL;4981;PORTA DE ABRIR / GIRO, DE MADEIRA FOLHA MEDIA (NBR 15930) DE 700 X 2100 MM, DE 35 MM A 40 MM DE ESPESSURA, NUCLEO SEMI-SOLIDO (SARRAFEADO), CAPA LISA EM HDF, ACABAMENTO EM LAMINADO NATURAL PARA VERNIZ;UN;258.05
MATERIAL;4964;PORTA DE ABRIR / GIRO, DE MADEIRA FOLHA MEDIA (NBR 15930) DE 800 X 2100 MM, DE 35 MM A 40 MM DE ESPESSURA, NUCLEO SEMI-SOLIDO (SARRAFEADO), CAPA FRISADA EM HDF, ACABAMENTO MELAMINICO EM PADRAO MADEIRA;UN;327.37
MATERIAL;4992;PORTA DE ABRIR / GIRO, DE MADEIRA FOLHA MEDIA (NBR 15930) DE 800 X 2100 MM, DE 35 MM A 40 MM DE ESPESSURA, NUCLEO SEMI-SOLIDO (SARRAFEADO), CAPA LISA EM HDF, ACABAMENTO EM LAMINADO NATURAL PARA VERNIZ;UN;319.78
MATERIAL;4987;PORTA DE ABRIR / GIRO, DE MADEIRA FOLHA MEDIA (NBR 15930) DE 900 X 2100 MM, DE 35 MM A 40 MM DE ESPESSURA, NUCLEO SEMI-SOLIDO (SARRAFEADO), CAPA LISA EM HDF, ACABAMENTO EM LAMINADO NATURAL PARA VERNIZ;UN;365.85
MATERIAL;4930;"PORTA DE ABRIR / GIRO, EM GRADIL FERRO, COM BARRA CHATA 3 CM X 1/4"", COM REQUADRO E GUARNICAO - COMPLETO - ACABAMENTO NATURAL";M2;591.9
MATERIAL;4998;PORTA DE ABRIR / GIRO, EM MADEIRA MACICA (ANGELIM OU EQUIVALENTE REGIONAL), QUALQUER DESENHO (VERTICAL/DIAGONAL/HORIZ.), E = *3,5* CM, DIMENSOES 2,10 X 0,70 (SOMENTE FOLHA DE PORTA, ACABAMENTO NATURAL);M2;654.92
MATERIAL;39021;PORTA DE ABRIR EM ACO, COM DIVISAO HORIZONTAL PARA VIDROS, 90 X 210 CM, COM FUNDO ANTICORROSIVO/PRIMER DE PROTECAO, INCLUI FECHADURA, MACANETA E PARAFUSO, SEM GUARNICAO/ALIZAR/VISTA, VIDROS NAO INCLUSOS;UN;629.34
MATERIAL;39022;PORTA DE ABRIR EM ACO, TIPO VENEZIANA, 90 X 210 CM, COM FUNDO ANTICORROSIVO / PRIMER DE PROTECAO, INCLUI FECHADURA, MACANETA E PARAFUSOS, SEM GUARNICAO/ALIZAR/VISTA;UN;563.72
MATERIAL;39024;PORTA DE ABRIR EM ALUMINIO COM DIVISAO HORIZONTAL PARA VIDROS, ACABAMENTO ANODIZADO NATURAL, VIDROS INCLUSOS, SEM GUARNICAO/ALIZAR/VISTA, 87 CM X 210 CM;UN;810.46
MATERIAL;4914;PORTA DE ABRIR EM ALUMINIO COM LAMBRI HORIZONTAL/LAMINADA, ACABAMENTO ANODIZADO NATURAL, SEM GUARNICAO/ALIZAR/VISTA;M2;657.14
MATERIAL;4917;PORTA DE ABRIR EM ALUMINIO TIPO VENEZIANA, ACABAMENTO ANODIZADO NATURAL, SEM GUARNICAO/ALIZAR/VISTA;M2;453.83
MATERIAL;39025;PORTA DE ABRIR, TIPO VENEZIANA, EM ALUMINIO, ACABAMENTO ANODIZADO NATURAL, 90 CM X 210 CM (LARGURA X ALTURA), SEM GUARNICAO/ALIZAR/VISTA;UN;831.05
MATERIAL;4922;PORTA DE CORRER EM ALUMINIO, DUAS FOLHAS MOVEIS COM VIDRO, FECHADURA E PUXADOR EMBUTIDO, ACABAMENTO ANODIZADO NATURAL, SEM GUARNICAO/ALIZAR/VISTA;M2;420.97
MATERIAL;4911;PORTA DE ENROLAR MANUAL COMPLETA, ARTICULADA RAIADA LARGA, EM ACO GALVANIZADO NATURAL, CHAPA NUMERO 24 (SEM INSTALACAO);M2;319.76
MATERIAL;37518;"PORTA DE ENROLAR MANUAL COMPLETA, PERFIL MEIA CANA CEGA, EM ACO GALVANIZADO COM PINTURA ELETROSTATICA, CHAPA NUMERO 24"" (SEM INSTALACAO)";M2;519.61
MATERIAL;4910;PORTA DE ENROLAR MANUAL COMPLETA, PERFIL MEIA CANA CEGA, EM ACO GALVANIZADO NATURAL, CHAPA NUMERO 24 (SEM INSTALACAO);M2;438.03
MATERIAL;4943;PORTA DE ENROLAR MANUAL COMPLETA, PERFIL MEIA CANA VAZADA TIJOLINHO, EM ACO GALVANIZADO NATURAL, CHAPA NUMERO 24 (SEM INSTALACAO);M2;652.57
MATERIAL;5002;PORTA DE MADEIRA QUADRICULADA PARA VIDRO, DE CORRER (EUCALIPTO OU EQUIVALENTE REGIONAL), E = *3,5* CM;M2;477.42
MATERIAL;4977;PORTA DE MADEIRA TIPO VENEZIANA (EUCALIPTO OU EQUIVALENTE REGIONAL), E = *3,5* CM;M2;322.28
MATERIAL;11364;PORTA DE MADEIRA, FOLHA LEVE (NBR 15930) DE 600 X 2100 MM, DE 35 MM A 40 MM DE ESPESSURA, NUCLEO COLMEIA, CAPA LISA EM HDF, ACABAMENTO EM PRIMER PARA PINTURA;UN;221.69
MATERIAL;11365;PORTA DE MADEIRA, FOLHA LEVE (NBR 15930) DE 700 X 2100 MM, DE 35 MM A 40 MM DE ESPESSURA, NUCLEO COLMEIA, CAPA LISA EM HDF, ACABAMENTO EM PRIMER PARA PINTURA;UN;230.06
MATERIAL;11366;PORTA DE MADEIRA, FOLHA LEVE (NBR 15930) DE 800 X 2100 MM, DE 35 MM A 40 MM DE ESPESSURA, NUCLEO COLMEIA, CAPA LISA EM HDF, ACABAMENTO EM PRIMER PARA PINTURA;UN;244.55
MATERIAL;43777;PORTA DE MADEIRA, FOLHA LEVE (NBR 15930), DE 600 X 2100 MM, E = 35 MM, NUCLEO COLMEIA, CAPA LISA EM HDF, ACABAMENTO MELAMINICO EM PADRAO MADEIRA;UN;287.26
MATERIAL;20322;PORTA DE MADEIRA, FOLHA MEDIA (NBR 15930) DE 600 X 2100 MM, DE 35 MM A 40 MM DE ESPESSURA, NUCLEO SEMI-SOLIDO (SARRAFEADO), CAPA FRISADA EM HDF, ACABAMENTO MELAMINICO EM PADRAO MADEIRA;UN;266.66
MATERIAL;10553;PORTA DE MADEIRA, FOLHA MEDIA (NBR 15930) DE 600 X 2100 MM, DE 35 MM A 40 MM DE ESPESSURA, NUCLEO SEMI-SOLIDO (SARRAFEADO), CAPA LISA EM HDF, ACABAMENTO EM PRIMER PARA PINTURA;UN;242.13
MATERIAL;5020;PORTA DE MADEIRA, FOLHA MEDIA (NBR 15930) DE 600 X 2100 MM, DE 35 MM A 40 MM DE ESPESSURA, NUCLEO SEMI-SOLIDO (SARRAFEADO), CAPA LISA EM HDF, ACABAMENTO LAMINADO NATURAL PARA VERNIZ;UN;255.28
MATERIAL;10554;PORTA DE MADEIRA, FOLHA MEDIA (NBR 15930) DE 700 X 2100 MM, DE 35 MM A 40 MM DE ESPESSURA, NUCLEO SEMI-SOLIDO (SARRAFEADO), CAPA LISA EM HDF, ACABAMENTO EM PRIMER PARA PINTURA;UN;244.28
MATERIAL;10555;PORTA DE MADEIRA, FOLHA MEDIA (NBR 15930) DE 800 X 2100 MM, DE 35 MM A 40 MM DE ESPESSURA, NUCLEO SEMI-SOLIDO (SARRAFEADO), CAPA LISA EM HDF, ACABAMENTO EM PRIMER PARA PINTURA;UN;266.39
MATERIAL;10556;PORTA DE MADEIRA, FOLHA MEDIA (NBR 15930) DE 900 X 2100 MM, DE 35 MM A 40 MM DE ESPESSURA, NUCLEO SEMI-SOLIDO (SARRAFEADO), CAPA LISA EM HDF, ACABAMENTO EM PRIMER PARA PINTURA;UN;354.2
MATERIAL;39502;PORTA DE MADEIRA, FOLHA PESADA (NBR 15930) DE 800 X 2100 MM, DE 40 MM A 45 MM DE ESPESSURA, NUCLEO SOLIDO, CAPA LISA EM HDF, ACABAMENTO EM LAMINADO NATURAL PARA VERNIZ;UN;497.37
MATERIAL;39504;PORTA DE MADEIRA, FOLHA PESADA (NBR 15930) DE 800 X 2100 MM, DE 40 MM A 45 MM DE ESPESSURA, NUCLEO SOLIDO, CAPA LISA EM HDF, ACABAMENTO EM PRIMER PARA PINTURA;UN;550
MATERIAL;39503;PORTA DE MADEIRA, FOLHA PESADA (NBR 15930) DE 900 X 2100 MM, DE 40 MM A 45 MM DE ESPESSURA, NUCLEO SOLIDO, CAPA LISA EM HDF, ACABAMENTO EM LAMINADO NATURAL PARA VERNIZ;UN;578.86
MATERIAL;39505;PORTA DE MADEIRA, FOLHA PESADA (NBR 15930) DE 900 X 2100 MM, DE 40 MM A 45 MM DE ESPESSURA, NUCLEO SOLIDO, CAPA LISA EM HDF, ACABAMENTO EM PRIMER PARA PINTURA;UN;623.8
MATERIAL;5028;PORTA DE MADEIRA-DE-LEI QUADRICULADA PARA VIDRO, DE CORRER (ANGELIM OU EQUIVALENTE REGIONAL), E = *3,5* CM;M2;788.56
MATERIAL;4969;PORTA DE MADEIRA-DE-LEI TIPO VENEZIANA (ANGELIM OU EQUIVALENTE REGIONAL), E = *3,5* CM;M2;455.8
EQUIPAMENTO (AQUISIÇÃO);44471;PORTA DENTE PARA FRESADORA;UN;530.5
MATERIAL;4944;"PORTA GRADE DE ENROLAR MANUAL COMPLETA, PERFIL TUBULAR TIJOLINHO 3/4"", EM ACO GALVANIZADO NATURAL (SEM INSTALACAO)";M2;975.59
MATERIAL;21102;PORTA TOALHA BANHO EM METAL CROMADO, TIPO BARRA;UN;55.5
MATERIAL;21101;PORTA TOALHA ROSTO EM METAL CROMADO, TIPO ARGOLA;UN;35.64
MATERIAL;34713;PORTA VIDRO TEMPERADO INCOLOR, 2 FOLHAS DE CORRER, E = 10 MM (SEM FERRAGENS E SEM COLOCACAO);M2;469.25
MATERIAL;37563;PORTAO BASCULANTE, MANUAL, EM ACO GALVANIZADO, CHAPA 26, TIPO LAMBRIL, COM REQUADRO, ACABAMENTO NATURAL;M2;651.31
MATERIAL;4948;"PORTAO DE ABRIR / GIRO, EM GRADIL DE METALON REDONDO DE 3/4"" VERTICAL, COM REQUADRO, ACABAMENTO NATURAL - COMPLETO";M2;566.65
MATERIAL;37561;PORTAO DE CORRER EM CHAPA TIPO PAINEL LAMBRIL QUADRADO, COM PORTA SOCIAL COMPLETA INCLUIDA, COM REQUADRO, ACABAMENTO NATURAL, COM TRILHOS E ROLDANAS;M2;528.48
MATERIAL;37562;"PORTAO DE CORRER EM GRADIL FIXO DE BARRA DE FERRO CHATA DE 3 X 1/4"" NA VERTICAL, SEM REQUADRO, ACABAMENTO NATURAL, COM TRILHOS E ROLDANAS";M2;692.9
MATERIAL;14164;POSTE CONICO CONTINUO EM ACO GALVANIZADO, CURVO, BRACO DUPLO, ENGASTADO, H = 9 M, DIAMETRO INFERIOR/BASE = *135* MM;UN;1752.99
MATERIAL;14163;POSTE CONICO CONTINUO EM ACO GALVANIZADO, CURVO, BRACO DUPLO, FLANGEADO, H = 9 M, DIAMETRO INFERIOR = *135* MM;UN;1992.39
MATERIAL;5051;POSTE CONICO CONTINUO EM ACO GALVANIZADO, CURVO, BRACO SIMPLES, ENGASTADO, H = 9 M, DIAMETRO INFERIOR = *135* MM;UN;1694.5
MATERIAL;5052;POSTE CONICO CONTINUO EM ACO GALVANIZADO, CURVO, BRACO SIMPLES, FLANGEADO, H = 7 M, DIAMETRO INFERIOR = *125* MM;UN;1262.5
MATERIAL;14162;POSTE CONICO CONTINUO EM ACO GALVANIZADO, CURVO, BRACO SIMPLES, FLANGEADO, H = 9 M, DIAMETRO INFERIOR = *135* MM;UN;1692.04
MATERIAL;14166;POSTE CONICO CONTINUO EM ACO GALVANIZADO, RETO, ENGASTADO, H = 7 M, DIAMETRO INFERIOR = *125* MM;UN;1278.53
MATERIAL;14165;POSTE CONICO CONTINUO EM ACO GALVANIZADO, RETO, ENGASTADO, H = 9 M, DIAMETRO INFERIOR = *145* MM;UN;1771.22
MATERIAL;5050;POSTE CONICO CONTINUO EM ACO GALVANIZADO, RETO, FLANGEADO, H = 3 M, DIAMETRO INFERIOR = *95* MM;UN;435.94
MATERIAL;12366;POSTE DE CONCRETO ARMADO DE SECAO CIRCULAR, EXTENSAO DE 10,00 M, RESISTENCIA DE 150 A 200 DAN, TIPO C-14;UN;1178.64
MATERIAL;5045;POSTE DE CONCRETO ARMADO DE SECAO CIRCULAR, EXTENSAO DE 11,00 M, RESISTENCIA DE 200 A 300 DAN, TIPO C-14;UN;1628.22
MATERIAL;5035;POSTE DE CONCRETO ARMADO DE SECAO CIRCULAR, EXTENSAO DE 11,00 M, RESISTENCIA DE 300 A 400 DAN, TIPO C-17;UN;1872.06
MATERIAL;41180;POSTE DE CONCRETO ARMADO DE SECAO CIRCULAR, EXTENSAO DE 13,00 M, RESISTENCIA DE 1000 DAN, TIPO C-23;UN;4208.37
MATERIAL;41181;POSTE DE CONCRETO ARMADO DE SECAO CIRCULAR, EXTENSAO DE 13,00 M, RESISTENCIA DE 1500 DAN, TIPO C-29;UN;5571.75
MATERIAL;41182;POSTE DE CONCRETO ARMADO DE SECAO CIRCULAR, EXTENSAO DE 13,00 M, RESISTENCIA DE 2000 DAN, TIPO C-29;UN;7993.14
MATERIAL;41183;POSTE DE CONCRETO ARMADO DE SECAO CIRCULAR, EXTENSAO DE 13,00 M, RESISTENCIA DE 2500 DAN, TIPO C-29;UN;9979.6
MATERIAL;41184;POSTE DE CONCRETO ARMADO DE SECAO CIRCULAR, EXTENSAO DE 13,00 M, RESISTENCIA DE 3000 DAN, TIPO C-29;UN;15194.56
MATERIAL;41185;POSTE DE CONCRETO ARMADO DE SECAO CIRCULAR, EXTENSAO DE 14,00 M, RESISTENCIA DE 1000 DAN, TIPO C-23;UN;5634.82
MATERIAL;41186;POSTE DE CONCRETO ARMADO DE SECAO CIRCULAR, EXTENSAO DE 14,00 M, RESISTENCIA DE 1500 DAN, TIPO C-29;UN;7896.55
MATERIAL;41187;POSTE DE CONCRETO ARMADO DE SECAO CIRCULAR, EXTENSAO DE 14,00 M, RESISTENCIA DE 2000 DAN, TIPO C-29;UN;10589.93
MATERIAL;41188;POSTE DE CONCRETO ARMADO DE SECAO CIRCULAR, EXTENSAO DE 14,00 M, RESISTENCIA DE 2500 DAN, TIPO C-29;UN;13542.17
MATERIAL;5036;POSTE DE CONCRETO ARMADO DE SECAO CIRCULAR, EXTENSAO DE 14,00 M, RESISTENCIA DE 300 A 400 DAN, TIPO C-17;UN;2872.09
MATERIAL;41189;POSTE DE CONCRETO ARMADO DE SECAO CIRCULAR, EXTENSAO DE 14,00 M, RESISTENCIA DE 3000 DAN, TIPO C-29;UN;17409.87
MATERIAL;41190;POSTE DE CONCRETO ARMADO DE SECAO CIRCULAR, EXTENSAO DE 15,00 M, RESISTENCIA DE 1000 DAN, TIPO C-23;UN;6054.54
MATERIAL;41191;POSTE DE CONCRETO ARMADO DE SECAO CIRCULAR, EXTENSAO DE 15,00 M, RESISTENCIA DE 1500 DAN, TIPO C-29;UN;9284.41
MATERIAL;41192;POSTE DE CONCRETO ARMADO DE SECAO CIRCULAR, EXTENSAO DE 15,00 M, RESISTENCIA DE 2000 DAN, TIPO C-29;UN;9678.93
MATERIAL;41193;POSTE DE CONCRETO ARMADO DE SECAO CIRCULAR, EXTENSAO DE 15,00 M, RESISTENCIA DE 2500 DAN, TIPO C-29;UN;15815.05
MATERIAL;41194;POSTE DE CONCRETO ARMADO DE SECAO CIRCULAR, EXTENSAO DE 15,00 M, RESISTENCIA DE 3000 DAN, TIPO C-29;UN;18870.94
MATERIAL;5044;POSTE DE CONCRETO ARMADO DE SECAO CIRCULAR, EXTENSAO DE 9,00 M, RESISTENCIA DE 200 A 300 DAN, TIPO C-14;UN;1015.45
MATERIAL;5059;POSTE DE CONCRETO ARMADO DE SECAO CIRCULAR, EXTENSAO DE 9,00 M, RESISTENCIA DE 300 A 400 DAN, TIPO C-17;UN;1214.35
MATERIAL;41201;POSTE DE CONCRETO ARMADO DE SECAO DUPLO T, EXTENSAO DE 10,00 M, RESISTENCIA DE 1000 DAN, TIPO B-1,5;UN;2464.43
MATERIAL;41199;POSTE DE CONCRETO ARMADO DE SECAO DUPLO T, EXTENSAO DE 10,00 M, RESISTENCIA DE 150 DAN, TIPO D;UN;791.91
MATERIAL;5057;POSTE DE CONCRETO ARMADO DE SECAO DUPLO T, EXTENSAO DE 10,00 M, RESISTENCIA DE 300 A 400 DAN, TIPO B OU D;UN;1072.1
MATERIAL;41200;POSTE DE CONCRETO ARMADO DE SECAO DUPLO T, EXTENSAO DE 10,00 M, RESISTENCIA DE 600 DAN, TIPO B;UN;1541.34
MATERIAL;41205;POSTE DE CONCRETO ARMADO DE SECAO DUPLO T, EXTENSAO DE 11,00 M, RESISTENCIA DE 1000 DAN, TIPO B-1,5;UN;2856.08
MATERIAL;41202;POSTE DE CONCRETO ARMADO DE SECAO DUPLO T, EXTENSAO DE 11,00 M, RESISTENCIA DE 150 DAN, TIPO D;UN;833.42
MATERIAL;41206;POSTE DE CONCRETO ARMADO DE SECAO DUPLO T, EXTENSAO DE 11,00 M, RESISTENCIA DE 1500 DAN, TIPO B-3,0;UN;3765.61
MATERIAL;12372;POSTE DE CONCRETO ARMADO DE SECAO DUPLO T, EXTENSAO DE 11,00 M, RESISTENCIA DE 200 DAN, TIPO D;UN;875.1
MATERIAL;41207;POSTE DE CONCRETO ARMADO DE SECAO DUPLO T, EXTENSAO DE 11,00 M, RESISTENCIA DE 2000 DAN, TIPO B-4,5;UN;5069.26
MATERIAL;41203;POSTE DE CONCRETO ARMADO DE SECAO DUPLO T, EXTENSAO DE 11,00 M, RESISTENCIA DE 300 DAN, TIPO B;UN;1335.05
MATERIAL;41204;POSTE DE CONCRETO ARMADO DE SECAO DUPLO T, EXTENSAO DE 11,00 M, RESISTENCIA DE 600 DAN, TIPO B;UN;1887.42
MATERIAL;41210;POSTE DE CONCRETO ARMADO DE SECAO DUPLO T, EXTENSAO DE 12,00 M, RESISTENCIA DE 1000 DAN, TIPO B-1,5;UN;3152.89
MATERIAL;41208;POSTE DE CONCRETO ARMADO DE SECAO DUPLO T, EXTENSAO DE 12,00 M, RESISTENCIA DE 150 DAN, TIPO D;UN;1103.69
MATERIAL;41211;POSTE DE CONCRETO ARMADO DE SECAO DUPLO T, EXTENSAO DE 12,00 M, RESISTENCIA DE 1500 DAN, TIPO B-3,0;UN;4442.38
MATERIAL;13339;POSTE DE CONCRETO ARMADO DE SECAO DUPLO T, EXTENSAO DE 12,00 M, RESISTENCIA DE 300 A 400 DAN, TIPO B OU D;UN;1495.77
MATERIAL;41213;POSTE DE CONCRETO ARMADO DE SECAO DUPLO T, EXTENSAO DE 12,00 M, RESISTENCIA DE 3000 DAN, TIPO B-6,0;UN;9207.96
MATERIAL;41209;POSTE DE CONCRETO ARMADO DE SECAO DUPLO T, EXTENSAO DE 12,00 M, RESISTENCIA DE 600 DAN, TIPO B;UN;2058
MATERIAL;41216;POSTE DE CONCRETO ARMADO DE SECAO DUPLO T, EXTENSAO DE 13,00 M, RESISTENCIA DE 1000 DAN, TIPO B-1,5;UN;3854.9
MATERIAL;41217;POSTE DE CONCRETO ARMADO DE SECAO DUPLO T, EXTENSAO DE 13,00 M, RESISTENCIA DE 1500 DAN, TIPO B-3,0;UN;6180.78
MATERIAL;41218;POSTE DE CONCRETO ARMADO DE SECAO DUPLO T, EXTENSAO DE 13,00 M, RESISTENCIA DE 2000 DAN, TIPO B-4,5;UN;8288.62
MATERIAL;41214;POSTE DE CONCRETO ARMADO DE SECAO DUPLO T, EXTENSAO DE 13,00 M, RESISTENCIA DE 300 DAN, TIPO B;UN;1747.64
MATERIAL;41215;POSTE DE CONCRETO ARMADO DE SECAO DUPLO T, EXTENSAO DE 13,00 M, RESISTENCIA DE 600 DAN, TIPO B;UN;2631.31
MATERIAL;41221;POSTE DE CONCRETO ARMADO DE SECAO DUPLO T, EXTENSAO DE 15,00 M, RESISTENCIA DE 1500 DAN, TIPO B-3,0;UN;7618.99
MATERIAL;41222;POSTE DE CONCRETO ARMADO DE SECAO DUPLO T, EXTENSAO DE 15,00 M, RESISTENCIA DE 2000 DAN, TIPO B-4,5;UN;10902.87
MATERIAL;41195;POSTE DE CONCRETO ARMADO DE SECAO DUPLO T, EXTENSAO DE 8,00 M, RESISTENCIA DE 150 DAN, TIPO D;UN;560.37
MATERIAL;41198;POSTE DE CONCRETO ARMADO DE SECAO DUPLO T, EXTENSAO DE 9,00 M, RESISTENCIA DE 1000 DAN, TIPO B-1,5;UN;2189.82
MATERIAL;41196;POSTE DE CONCRETO ARMADO DE SECAO DUPLO T, EXTENSAO DE 9,00 M, RESISTENCIA DE 150 DAN, TIPO D;UN;694.62
MATERIAL;5033;POSTE DE CONCRETO ARMADO DE SECAO DUPLO T, EXTENSAO DE 9,00 M, RESISTENCIA DE 300 A 400 DAN, TIPO B OU D;UN;912
MATERIAL;41197;POSTE DE CONCRETO ARMADO DE SECAO DUPLO T, EXTENSAO DE 9,00 M, RESISTENCIA DE 600 DAN, TIPO B;UN;1354.66
MATERIAL;12388;POSTE DECORATIVO PARA JARDIM EM ACO TUBULAR, SEM LUMINARIA, H = *2,5* M;UN;258.04
MATERIAL;2731;POSTE ROLICO DE MADEIRA TRATADA, D = 20 A 25 CM, H = 12,00 M, EM EUCALIPTO OU EQUIVALENTE DA REGIAO;M;120.63
MATERIAL;41457;POSTES METALICOS AUTOPORTANTES, CONICO OU TELESCOPICO, PARA SPDA, ALTURA 10 METROS LIVRES;UN;1524.83
MATERIAL;41458;POSTES METALICOS AUTOPORTANTES, CONICO OU TELESCOPICO, PARA SPDA, ALTURA 12 METROS LIVRES;UN;2128.73
MATERIAL;41459;POSTES METALICOS AUTOPORTANTES, CONICO OU TELESCOPICO, PARA SPDA, ALTURA 15 METROS LIVRES;UN;2969.42
MATERIAL;41461;POSTES METALICOS AUTOPORTANTES, CONICO OU TELESCOPICO, PARA SPDA, ALTURA 20 METROS LIVRES;UN;4048.65
MATERIAL;44537;POZOLANA DE CLASSE C;T;337.5
MATERIAL;11844;PRANCHA APARELHADA *4 X 30* CM, EM MACARANDUBA/MASSARANDUBA, ANGELIM OU EQUIVALENTE DA REGIAO;M;66.56
MATERIAL;4465;PRANCHA NAO APARELHADA *6 X 25* CM, EM MACARANDUBA/MASSARANDUBA, ANGELIM OU EQUIVALENTE DA REGIAO - BRUTA;M;55.31
MATERIAL;35273;PRANCHA NAO APARELHADA *6 X 30* CM, EM MACARANDUBA/MASSARANDUBA, ANGELIM OU EQUIVALENTE DA REGIAO - BRUTA;M;66.34
MATERIAL;4470;PRANCHA NAO APARELHADA *6 X 40* CM, EM MACARANDUBA/MASSARANDUBA, ANGELIM OU EQUIVALENTE DA REGIAO - BRUTA;M;153.09
MATERIAL;20204;PRANCHAO APARELHADO *7,5 X 23* CM, EM MACARANDUBA/MASSARANDUBA, ANGELIM OU EQUIVALENTE DA REGIAO;M;102.06
MATERIAL;20208;PRANCHAO APARELHADO *8 X 30* CM, EM MACARANDUBA/MASSARANDUBA, ANGELIM OU EQUIVALENTE DA REGIAO;M;137.78
MATERIAL;4437;PRANCHAO NAO APARELHADO *7,5 X 23* CM, EM MACARANDUBA/MASSARANDUBA, ANGELIM OU EQUIVALENTE DA REGIAO - BRUTA;M;114.82
MATERIAL;14580;PRANCHAO NAO APARELHADO *8 X 30* CM, EM MACARANDUBA/MASSARANDUBA, ANGELIM OU EQUIVALENTE DA REGIAO - BRUTA;M;114.82
MATERIAL;5065;PREGO DE ACO POLIDO COM CABECA 10 X 10 (7/8 X 17);KG;22.6
MATERIAL;5072;PREGO DE ACO POLIDO COM CABECA 10 X 11 (1 X 17);KG;20.9
MATERIAL;5066;PREGO DE ACO POLIDO COM CABECA 12 X 12;KG;15.65
MATERIAL;5063;PREGO DE ACO POLIDO COM CABECA 14 X 18 (1 1/2 X 14);KG;14.17
MATERIAL;20247;PREGO DE ACO POLIDO COM CABECA 15 X 15 (1 1/4 X 13);KG;13.15
MATERIAL;5074;PREGO DE ACO POLIDO COM CABECA 15 X 18 (1 1/2 X 13);KG;13.31
MATERIAL;5067;PREGO DE ACO POLIDO COM CABECA 16 X 24 (2 1/4 X 12);KG;12.66
MATERIAL;5078;PREGO DE ACO POLIDO COM CABECA 16 X 27 (2 1/2 X 12);KG;12.52
MATERIAL;5068;PREGO DE ACO POLIDO COM CABECA 17 X 21 (2 X 11);KG;11.88
MATERIAL;5073;PREGO DE ACO POLIDO COM CABECA 17 X 24 (2 1/4 X 11);KG;12.11
MATERIAL;5069;PREGO DE ACO POLIDO COM CABECA 17 X 27 (2 1/2 X 11);KG;12.11
MATERIAL;5070;PREGO DE ACO POLIDO COM CABECA 17 X 30 (2 3/4 X 11);KG;12.24
MATERIAL;5071;PREGO DE ACO POLIDO COM CABECA 18 X 24 (2 1/4 X 10);KG;11.88
MATERIAL;5061;PREGO DE ACO POLIDO COM CABECA 18 X 27 (2 1/2 X 10);KG;11.68
MATERIAL;5075;PREGO DE ACO POLIDO COM CABECA 18 X 30 (2 3/4 X 10);KG;11.88
MATERIAL;5062;PREGO DE ACO POLIDO COM CABECA 19 X 33 (3 X 9);KG;12.04
MATERIAL;39027;PREGO DE ACO POLIDO COM CABECA 19 X 36 (3 1/4 X 9);KG;11.87
MATERIAL;40568;PREGO DE ACO POLIDO COM CABECA 22 X 48 (4 1/4 X 5);KG;11.97
MATERIAL;40304;PREGO DE ACO POLIDO COM CABECA DUPLA 17 X 27 (2 1/2 X 11);KG;14.66
MATERIAL;39026;PREGO DE ACO POLIDO SEM CABECA 15 X 15 (1 1/4 X 13);KG;13.36
MATERIAL;42431;PRESSAO DE PERNAS TRIPLO, EM TUBO DE ACO CARBONO, PINTURA NO PROCESSO ELETROSTATICO - EQUIPAMENTO DE GINASTICA PARA ACADEMIA AO AR LIVRE / ACADEMIA DA TERCEIRA IDADE - ATI;UN;3957.85
MATERIAL;44074;PRIMER DE POLIURETANO;L;539.08
MATERIAL;44072;PRIMER EPOXI / EPOXIDICO;L;130.37
MATERIAL;511;PRIMER PARA MANTA ASFALTICA A BASE DE ASFALTO MODIFICADO DILUIDO EM SOLVENTE, APLICACAO A FRIO;L;18.5
EQUIPAMENTO (AQUISIÇÃO);37540;PROJETOR DE ARGAMASSA, CAPACIDADE DE PROJECAO 1,5 M3/H, ALCANCE DA PROJECAO 30 ATE 60 M, MOTOR ELETRICO TRIFASICO;UN;85391.39
EQUIPAMENTO (AQUISIÇÃO);37548;PROJETOR DE ARGAMASSA, CAPACIDADE DE PROJECAO 2,0 M3/H, ALCANCE DA PROJECAO ATE 50 M, MOTOR ELETRICO TRIFASICO;UN;113185.85
EQUIPAMENTO (AQUISIÇÃO);39828;PROJETOR PNEUMATICO DE ARGAMASSA PARA CHAPISCO E REBOCO COM RECIPIENTE ACOPLADO, TIPO CANEQUINHA, COM VOLUME DE 1,50 L, SEM COMPRESSOR;UN;679
MATERIAL;38392;PROLONGADOR/ EXTENSOR TELESCOPICO, EM CHAPA METALICA, COM 3 METROS, PARA ROLO DE PINTURA;UN;71.23
MATERIAL;11735;PROLONGAMENTO / PROLONGADOR PARA CAIXA SIFONADA, PVC, 100 MM X 200 MM (NBR 5688);UN;10.99
MATERIAL;11737;PROLONGAMENTO / PROLONGADOR PARA CAIXA SIFONADA, PVC, 150 MM X 150 MM (NBR 5688);UN;15.59
MATERIAL;11738;PROLONGAMENTO / PROLONGADOR PARA CAIXA SIFONADA, PVC, 150 MM X 200 MM (NBR 5688);UN;19.65
MATERIAL;36143;PROTETOR AUDITIVO TIPO CONCHA COM ABAFADOR DE RUIDOS, ATENUACAO ACIMA DE 22 DB;UN;95.44
MATERIAL;36142;PROTETOR AUDITIVO TIPO PLUG DE INSERCAO COM CORDAO, ATENUACAO SUPERIOR A 15 DB;UN;2.35
MATERIAL;45227;PROTETOR FACIAL ARCO ELETRICO, COM QUEIXEIRA E LENTE EM POLICARBONATO, CAPACETE INCLUIDO;UN;909.39
MATERIAL;45209;PROTETOR FACIAL DE POLICARBONATO, 200 MM X *390* MM, COM COROA E CARNEIRA;UN;39.83
MATERIAL;36146;PROTETOR SOLAR FPS 30, EMBALAGEM 2 LITROS;UN;252.54
MATERIAL;39015;"PROTETOR/PONTEIRA PLASTICA PARA PONTA DE VERGALHAO DE ATE 1"", TIPO PROTETOR DE ESPERA";UN;1
MATERIAL;38377;PRUMO DE CENTRO EM ACO *400* G, COM CORDAO EM NYLON E CALCO GUIA EM ACO OU MADEIRA;UN;30.12
MATERIAL;38376;PRUMO DE PAREDE EM ACO 700 A 750 G, COM CORDAO EM NYLON E TACO;UN;34.83
MATERIAL;38116;PULSADOR CAMPAINHA 10A, 250V (APENAS MODULO);UN;6.2
MATERIAL;38066;"PULSADOR CAMPAINHA 10A, 250V, CONJUNTO MONTADO PARA EMBUTIR 4"" X 2"" (PLACA + SUPORTE + MODULO)";UN;10.24
MATERIAL;38117;PULSADOR MINUTERIA 10A, 250V (APENAS MODULO);UN;10.56
MATERIAL;38067;"PULSADOR MINUTERIA 10A, 250V, CONJUNTO MONTADO PARA EMBUTIR 4"" X 2"" (PLACA + SUPORTE + MODULO)";UN;14.41
EQUIPAMENTO (AQUISIÇÃO);44313;"PUNHO PARA PERFURATRIZ DE ESTEIRA T38, D = 1 1/2"" (38 MM), C = 380 MM";UN;976.39
MATERIAL;11522;PUXADOR DE EMBUTIR TIPO CONCHA, COM FURO PARA CHAVE, EM LATAO CROMADO, COMPRIMENTO DE APROX *100* MM E LARGURA DE APROX *40* MM;UN;13.02
MATERIAL;43600;PUXADOR TIPO ALCA, EM ZAMAC CROMADO, COM COMPRIMENTO DE APROX 150 MM, COM ROSETA PARA PORTAS DE MADEIRAS, INCLUINDO PARAFUSOS;UN;52.2
MATERIAL;5080;PUXADOR TIPO ALCA, EM ZAMAC CROMADO, COM ROSETAS, COMPRIMENTO DE APROX *100* MM, PARA PORTAS E JANELAS DE MADEIRA, INCLUINDO PARAFUSOS;UN;20.35
MATERIAL;38168;"PUXADOR TUBULAR RETO DUPLO, EM ALUMINIO CROMADO, COMPRIMENTO DE APROX 400 MM E DIAMETRO DE 25 MM (1"")";UN;142.11
MATERIAL;43601;PUXADOR TUBULAR RETO SIMPLES, EM ALUMINIO CROMADO, COM COMPRIMENTO DE APROX 400 MM E DIAMETRO DE 25 MM;UN;71.05
MATERIAL;13393;QUADRO DE DISTRIBUICAO COM BARRAMENTO TRIFASICO, DE EMBUTIR, EM CHAPA DE ACO GALVANIZADO, PARA 12 DISJUNTORES DIN, 100 A;UN;331.78
MATERIAL;13395;QUADRO DE DISTRIBUICAO COM BARRAMENTO TRIFASICO, DE EMBUTIR, EM CHAPA DE ACO GALVANIZADO, PARA 18 DISJUNTORES DIN, 100 A;UN;464.95
MATERIAL;12039;QUADRO DE DISTRIBUICAO COM BARRAMENTO TRIFASICO, DE EMBUTIR, EM CHAPA DE ACO GALVANIZADO, PARA 24 DISJUNTORES DIN, 100 A;UN;488.62
MATERIAL;13396;QUADRO DE DISTRIBUICAO COM BARRAMENTO TRIFASICO, DE EMBUTIR, EM CHAPA DE ACO GALVANIZADO, PARA 28 DISJUNTORES DIN, 100 A;UN;686.23
MATERIAL;12041;QUADRO DE DISTRIBUICAO COM BARRAMENTO TRIFASICO, DE EMBUTIR, EM CHAPA DE ACO GALVANIZADO, PARA 30 DISJUNTORES DIN, 150 A;UN;560.35
MATERIAL;12043;QUADRO DE DISTRIBUICAO COM BARRAMENTO TRIFASICO, DE EMBUTIR, EM CHAPA DE ACO GALVANIZADO, PARA 30 DISJUNTORES DIN, 225 A;UN;1183.09
MATERIAL;39762;QUADRO DE DISTRIBUICAO COM BARRAMENTO TRIFASICO, DE EMBUTIR, EM CHAPA DE ACO GALVANIZADO, PARA 36 DISJUNTORES DIN, 100 A;UN;563.18
MATERIAL;12042;QUADRO DE DISTRIBUICAO COM BARRAMENTO TRIFASICO, DE EMBUTIR, EM CHAPA DE ACO GALVANIZADO, PARA 40 DISJUNTORES DIN, 100 A;UN;822.23
MATERIAL;39763;QUADRO DE DISTRIBUICAO COM BARRAMENTO TRIFASICO, DE EMBUTIR, EM CHAPA DE ACO GALVANIZADO, PARA 48 DISJUNTORES DIN, 100 A;UN;962.31
MATERIAL;39760;QUADRO DE DISTRIBUICAO COM BARRAMENTO TRIFASICO, DE SOBREPOR, EM CHAPA DE ACO GALVANIZADO, PARA *42* DISJUNTORES DIN, 100 A;UN;959.14
MATERIAL;39756;QUADRO DE DISTRIBUICAO COM BARRAMENTO TRIFASICO, DE SOBREPOR, EM CHAPA DE ACO GALVANIZADO, PARA 12 DISJUNTORES DIN, 100 A;UN;344.39
MATERIAL;12038;QUADRO DE DISTRIBUICAO COM BARRAMENTO TRIFASICO, DE SOBREPOR, EM CHAPA DE ACO GALVANIZADO, PARA 18 DISJUNTORES DIN, 100 A;UN;430.33
MATERIAL;39757;QUADRO DE DISTRIBUICAO COM BARRAMENTO TRIFASICO, DE SOBREPOR, EM CHAPA DE ACO GALVANIZADO, PARA 28 DISJUNTORES DIN, 100 A;UN;397.92
MATERIAL;39758;QUADRO DE DISTRIBUICAO COM BARRAMENTO TRIFASICO, DE SOBREPOR, EM CHAPA DE ACO GALVANIZADO, PARA 30 DISJUNTORES DIN, 100 A;UN;579.91
MATERIAL;39759;QUADRO DE DISTRIBUICAO COM BARRAMENTO TRIFASICO, DE SOBREPOR, EM CHAPA DE ACO GALVANIZADO, PARA 36 DISJUNTORES DIN, 100 A;UN;716.19
MATERIAL;39761;QUADRO DE DISTRIBUICAO COM BARRAMENTO TRIFASICO, DE SOBREPOR, EM CHAPA DE ACO GALVANIZADO, PARA 48 DISJUNTORES DIN, 100 A;UN;860.88
MATERIAL;39805;QUADRO DE DISTRIBUICAO, EM PVC, DE EMBUTIR, COM BARRAMENTO TERRA / NEUTRO, PARA 12 DISJUNTORES NEMA OU 16 DISJUNTORES DIN;UN;137
MATERIAL;39806;QUADRO DE DISTRIBUICAO, EM PVC, DE EMBUTIR, COM BARRAMENTO TERRA / NEUTRO, PARA 18 DISJUNTORES NEMA OU 24 DISJUNTORES DIN;UN;253.83
MATERIAL;39807;QUADRO DE DISTRIBUICAO, EM PVC, DE EMBUTIR, COM BARRAMENTO TERRA / NEUTRO, PARA 27 DISJUNTORES NEMA OU 36 DISJUNTORES DIN;UN;550.1
MATERIAL;43100;QUADRO DE DISTRIBUICAO, EM PVC, DE EMBUTIR, COM BARRAMENTO TERRA / NEUTRO, PARA 48 DISJUNTORES DIN;UN;430.06
MATERIAL;39804;QUADRO DE DISTRIBUICAO, EM PVC, DE EMBUTIR, COM BARRAMENTO TERRA / NEUTRO, PARA 6 DISJUNTORES NEMA OU 8 DISJUNTORES DIN;UN;80.45
MATERIAL;39796;QUADRO DE DISTRIBUICAO, SEM BARRAMENTO, EM PVC, DE EMBUTIR, PARA 12 DISJUNTORES NEMA OU 16 DISJUNTORES DIN;UN;83.32
MATERIAL;39797;QUADRO DE DISTRIBUICAO, SEM BARRAMENTO, EM PVC, DE EMBUTIR, PARA 18 DISJUNTORES NEMA OU 24 DISJUNTORES DIN;UN;130.8
MATERIAL;39798;QUADRO DE DISTRIBUICAO, SEM BARRAMENTO, EM PVC, DE EMBUTIR, PARA 27 DISJUNTORES NEMA OU 36 DISJUNTORES DIN;UN;224.36
MATERIAL;39794;QUADRO DE DISTRIBUICAO, SEM BARRAMENTO, EM PVC, DE EMBUTIR, PARA 3 DISJUNTORES NEMA OU 4 DISJUNTORES DIN;UN;35.37
MATERIAL;39795;QUADRO DE DISTRIBUICAO, SEM BARRAMENTO, EM PVC, DE EMBUTIR, PARA 6 DISJUNTORES NEMA OU 8 DISJUNTORES DIN;UN;55.87
MATERIAL;39801;QUADRO DE DISTRIBUICAO, SEM BARRAMENTO, EM PVC, DE SOBREPOR, PARA 12 DISJUNTORES NEMA OU 16 DISJUNTORES DIN;UN;117.99
MATERIAL;39802;QUADRO DE DISTRIBUICAO, SEM BARRAMENTO, EM PVC, DE SOBREPOR, PARA 18 DISJUNTORES NEMA OU 24 DISJUNTORES DIN;UN;172.95
MATERIAL;39803;QUADRO DE DISTRIBUICAO, SEM BARRAMENTO, EM PVC, DE SOBREPOR, PARA 27 DISJUNTORES NEMA OU 36 DISJUNTORES DIN;UN;241.27
MATERIAL;39799;QUADRO DE DISTRIBUICAO, SEM BARRAMENTO, EM PVC, DE SOBREPOR, PARA 3 DISJUNTORES NEMA OU 4 DISJUNTORES DIN;UN;41.22
MATERIAL;39800;QUADRO DE DISTRIBUICAO, SEM BARRAMENTO, EM PVC, DE SOBREPOR, PARA 6 DISJUNTORES NEMA OU 8 DISJUNTORES DIN;UN;70.23
MATERIAL;43837;RACK DE PISO PARA SERVIDOR, ABERTO, EM COLUNA, 44U X *570* MM;UN;1109.8
MATERIAL;43836;RACK DE PISO PARA SERVIDOR, FECHADO, 44U, COM PORTA, 44U X *570* MM;UN;2258.24
MATERIAL;21059;RALO FOFO COM REQUADRO, QUADRADO 150 X 150 MM;UN;52.15
MATERIAL;11234;RALO FOFO COM REQUADRO, QUADRADO 200 X 200 MM;UN;78.6
MATERIAL;21060;RALO FOFO COM REQUADRO, QUADRADO 250 X 250 MM;UN;96.74
MATERIAL;21061;RALO FOFO COM REQUADRO, QUADRADO 300 X 300 MM;UN;120.93
MATERIAL;21062;RALO FOFO COM REQUADRO, QUADRADO 400 X 400 MM;UN;190.46
MATERIAL;11708;RALO FOFO SEMIESFERICO, 100 MM, PARA LAJES/ CALHAS;UN;20.78
MATERIAL;11709;RALO FOFO SEMIESFERICO, 150 MM, PARA LAJES/ CALHAS;UN;48.82
MATERIAL;11710;RALO FOFO SEMIESFERICO, 200 MM, PARA LAJES/ CALHAS;UN;112.23
MATERIAL;11707;RALO FOFO SEMIESFERICO, 75 MM, PARA LAJES/ CALHAS;UN;15.56
MATERIAL;5102;RALO SECO / RALO DE PASSAGEM EM PVC, QUADRADO, 100 X 100 X 53 MM, SAIDA 40 MM, COM GRELHA BRANCA;UN;15.44
MATERIAL;11711;RALO SECO CONICO, PVC, 100 X 40 MM, COM GRELHA QUADRADA BRANCA;UN;12.87
MATERIAL;11739;RALO SECO CONICO, PVC, 100 X 40 MM, COM GRELHA REDONDA BRANCA;UN;11
MATERIAL;11741;RALO SIFONADO CILINDRICO, PVC, 100 X 40 MM, COM GRELHA REDONDA BRANCA;UN;14.01
MATERIAL;11745;RALO SIFONADO QUADRADO, PVC, 100 X 53 MM, SAIDA 40 MM, COM GRELHA QUADRADA BRANCA;UN;18.46
MATERIAL;11743;RALO SIFONADO REDONDO CONICO, PVC, 100 X 40 MM, COM GRELHA REDONDA BRANCA;UN;11.76
MATERIAL;5104;REBITE DE REPUXO EM ALUMINIO VAZADO, DIAMETRO 3,2 X 8 MM DE COMPRIMENTO (1KG = 1025 UNIDADES);KG;77.31
MATERIAL;44530;"REBOLO ABRASIVO RETO DE USO GERAL GRAO 36, DE 6 X 1"" (DIAMETRO X ESPESSURA)";UN;65.35
MATERIAL;2710;"REBOLO ABRASIVO RETO DE USO GERAL GRAO 36, DE 6 X 3/4"" (DIAMETRO X ESPESSURA)";UN;56.4
EQUIPAMENTO (AQUISIÇÃO);14575;RECICLADORA DE ASFALTO A FRIO SOBRE RODAS, LARG. FRESAGEM 2,00 M, POT. 315 KW/422 HP;UN;5358484.85
MATERIAL;44048;REDUCAO CONCENTRICA PARA ELETROCALHA, PERFURADA, EM CHAPA DE ACO GALVANIZADO ESPESSURA #14, (700 X 600 MM) X 50 MM, SEM VIROLA, SEM TAMPA;UN;80.13
MATERIAL;44026;REDUCAO CONCENTRICA PARA ELETROCALHA, PERFURADA, EM CHAPA DE ACO GALVANIZADO ESPESSURA #14, (800 X 700 MM) X 50 MM, SEM VIROLA, SEM TAMPA;UN;99.51
MATERIAL;44024;REDUCAO CONCENTRICA PARA ELETROCALHA, PERFURADA, EM CHAPA DE ACO GALVANIZADO ESPESSURA #16, (500 X 400 MM) X 50 MM (L X A), SEM VIROLA, SEM TAMPA;UN;47.9
MATERIAL;44025;REDUCAO CONCENTRICA PARA ELETROCALHA, PERFURADA, EM CHAPA DE ACO GALVANIZADO ESPESSURA #16, (600 X 500 MM) X 50 MM, SEM VIROLA, SEM TAMPA;UN;55.83
MATERIAL;44022;REDUCAO CONCENTRICA PARA ELETROCALHA, PERFURADA, EM CHAPA DE ACO GALVANIZADO ESPESSURA #18, (300 X 250 MM) X 50 MM (L X A), SEM VIROLA, SEM TAMPA;UN;28.52
MATERIAL;44023;REDUCAO CONCENTRICA PARA ELETROCALHA, PERFURADA, EM CHAPA DE ACO GALVANIZADO ESPESSURA #18, (400 X 300 MM) X 50 MM (L X A), SEM VIROLA, SEM TAMPA;UN;38.61
MATERIAL;43966;REDUCAO CONCENTRICA PARA ELETROCALHA, PERFURADA, EM CHAPA DE ACO GALVANIZADO ESPESSURA #22, (100 X 75 MM) X 50 MM (L X A), SEM VIROLA, SEM TAMPA;UN;9.64
MATERIAL;43967;REDUCAO CONCENTRICA PARA ELETROCALHA, PERFURADA, EM CHAPA DE ACO GALVANIZADO ESPESSURA #22, (125 X100 MM) X 50 MM (L X A), SEM VIROLA, SEM TAMPA;UN;11.21
MATERIAL;43968;REDUCAO CONCENTRICA PARA ELETROCALHA, PERFURADA, EM CHAPA DE ACO GALVANIZADO ESPESSURA #22, (150 X125 MM) X 50 MM (L X A), SEM VIROLA, SEM TAMPA;UN;12.49
MATERIAL;43969;REDUCAO CONCENTRICA PARA ELETROCALHA, PERFURADA, EM CHAPA DE ACO GALVANIZADO ESPESSURA #22, (200 X 150 MM) X 50 MM (L X A), SEM VIROLA, SEM TAMPA;UN;14.7
MATERIAL;44021;REDUCAO CONCENTRICA PARA ELETROCALHA, PERFURADA, EM CHAPA DE ACO GALVANIZADO ESPESSURA #22, (250 X 200 MM) X 50 MM (L X A), SEM VIROLA, SEM TAMPA;UN;16.85
MATERIAL;43970;REDUCAO CONCENTRICA PARA ELETROCALHA, PERFURADA, EM CHAPA DE ACO GALVANIZADO ESPESSURA #22, (75 X 50 MM) X 50 MM (L X A), SEM VIROLA, SEM TAMPA;UN;8.55
MATERIAL;20043;REDUCAO EXCENTRICA PVC, DN 100 X 50 MM, PARA ESGOTO PREDIAL;UN;11.93
MATERIAL;20044;REDUCAO EXCENTRICA PVC, DN 100 X 75 MM, PARA ESGOTO PREDIAL;UN;13.84
MATERIAL;20042;REDUCAO EXCENTRICA PVC, DN 75 X 50 MM, PARA ESGOTO PREDIAL;UN;10.35
MATERIAL;20046;REDUCAO EXCENTRICA PVC, SERIE R, DN 100 X 75 MM, PARA ESGOTO PREDIAL;UN;24.5
MATERIAL;20047;REDUCAO EXCENTRICA PVC, SERIE R, DN 150 X 100 MM, PARA ESGOTO PREDIAL;UN;73.48
MATERIAL;20045;REDUCAO EXCENTRICA PVC, SERIE R, DN 75 X 50 MM, PARA ESGOTO PREDIAL;UN;12.4
MATERIAL;20972;"REDUCAO FIXA TIPO STORZ, ENGATE RAPIDO 2.1/2"" X 1.1/2"", EM LATAO, PARA INSTALACAO PREDIAL COMBATE A INCENDIO PREDIAL";UN;262.85
MATERIAL;11321;REDUCAO PVC PBA, JE, PB, DN 100 X 50 / DE 110 X 60 MM, PARA REDE DE AGUA;UN;32.08
MATERIAL;11323;REDUCAO PVC PBA, JE, PB, DN 100 X 75 / DE 110 X 85 MM, PARA REDE DE AGUA;UN;36.89
MATERIAL;20327;REDUCAO PVC PBA, JE, PB, DN 75 X 50 / DE 85 X 60 MM, PARA REDE DE AGUA;UN;20.94
MATERIAL;6034;REGISTRO DE ESFERA DE PASSEIO, PVC PARA POLIETILENO, 20 MM;UN;14.1
MATERIAL;6036;"REGISTRO DE ESFERA PVC, COM BORBOLETA, COM ROSCA EXTERNA, DE 1/2""";UN;19.21
MATERIAL;6031;"REGISTRO DE ESFERA PVC, COM BORBOLETA, COM ROSCA EXTERNA, DE 3/4""";UN;22.57
MATERIAL;6029;"REGISTRO DE ESFERA PVC, COM CABECA QUADRADA, COM ROSCA EXTERNA, 1/2""";UN;22.81
MATERIAL;6033;"REGISTRO DE ESFERA PVC, COM CABECA QUADRADA, COM ROSCA EXTERNA, 3/4""";UN;30.06
MATERIAL;11672;"REGISTRO DE ESFERA, PVC, COM VOLANTE, VS, ROSCAVEL, DN 1 1/2"", COM CORPO DIVIDIDO";UN;65.39
MATERIAL;11669;"REGISTRO DE ESFERA, PVC, COM VOLANTE, VS, ROSCAVEL, DN 1 1/4"", COM CORPO DIVIDIDO";UN;62.28
MATERIAL;20055;"REGISTRO DE ESFERA, PVC, COM VOLANTE, VS, ROSCAVEL, DN 1"", COM CORPO DIVIDIDO";UN;46.64
MATERIAL;11670;"REGISTRO DE ESFERA, PVC, COM VOLANTE, VS, ROSCAVEL, DN 1/2"", COM CORPO DIVIDIDO";UN;23.85
MATERIAL;11671;"REGISTRO DE ESFERA, PVC, COM VOLANTE, VS, ROSCAVEL, DN 2"", COM CORPO DIVIDIDO";UN;100.08
MATERIAL;6032;"REGISTRO DE ESFERA, PVC, COM VOLANTE, VS, ROSCAVEL, DN 3/4"", COM CORPO DIVIDIDO";UN;28.58
MATERIAL;11673;REGISTRO DE ESFERA, PVC, COM VOLANTE, VS, SOLDAVEL, DN 20 MM, COM CORPO DIVIDIDO;UN;22.51
MATERIAL;11674;REGISTRO DE ESFERA, PVC, COM VOLANTE, VS, SOLDAVEL, DN 25 MM, COM CORPO DIVIDIDO;UN;28.99
MATERIAL;11675;REGISTRO DE ESFERA, PVC, COM VOLANTE, VS, SOLDAVEL, DN 32 MM, COM CORPO DIVIDIDO;UN;46.02
MATERIAL;11676;REGISTRO DE ESFERA, PVC, COM VOLANTE, VS, SOLDAVEL, DN 40 MM, COM CORPO DIVIDIDO;UN;61.55
MATERIAL;11677;REGISTRO DE ESFERA, PVC, COM VOLANTE, VS, SOLDAVEL, DN 50 MM, COM CORPO DIVIDIDO;UN;63.57
MATERIAL;11678;REGISTRO DE ESFERA, PVC, COM VOLANTE, VS, SOLDAVEL, DN 60 MM, COM CORPO DIVIDIDO;UN;116.42
MATERIAL;6038;"REGISTRO DE PRESSAO PVC, ROSCAVEL, VOLANTE SIMPLES, DE 1/2""";UN;7.38
MATERIAL;11718;"REGISTRO DE PRESSAO PVC, ROSCAVEL, VOLANTE SIMPLES, DE 3/4""";UN;21.06
MATERIAL;6037;REGISTRO DE PRESSAO PVC, SOLDAVEL, VOLANTE SIMPLES, DE 20 MM;UN;15.36
MATERIAL;11719;REGISTRO DE PRESSAO PVC, SOLDAVEL, VOLANTE SIMPLES, DE 25 MM;UN;17.08
MATERIAL;6010;"REGISTRO GAVETA BRUTO EM LATAO FORJADO, BITOLA 1 1/2""";UN;74.59
MATERIAL;6017;"REGISTRO GAVETA BRUTO EM LATAO FORJADO, BITOLA 1 1/4""";UN;59.08
MATERIAL;6019;"REGISTRO GAVETA BRUTO EM LATAO FORJADO, BITOLA 1""";UN;43.35
MATERIAL;6020;"REGISTRO GAVETA BRUTO EM LATAO FORJADO, BITOLA 1/2""";UN;26.03
MATERIAL;6011;"REGISTRO GAVETA BRUTO EM LATAO FORJADO, BITOLA 2 1/2""";UN;215.46
MATERIAL;6028;"REGISTRO GAVETA BRUTO EM LATAO FORJADO, BITOLA 2""";UN;103.89
MATERIAL;6012;"REGISTRO GAVETA BRUTO EM LATAO FORJADO, BITOLA 3""";UN;260.85
MATERIAL;6016;"REGISTRO GAVETA BRUTO EM LATAO FORJADO, BITOLA 3/4""";UN;27.46
MATERIAL;6027;"REGISTRO GAVETA BRUTO EM LATAO FORJADO, BITOLA 4""";UN;543.53
MATERIAL;6015;"REGISTRO GAVETA COM ACABAMENTO E CANOPLA CROMADOS, SIMPLES, BITOLA 1 1/2""";UN;119.27
MATERIAL;6014;"REGISTRO GAVETA COM ACABAMENTO E CANOPLA CROMADOS, SIMPLES, BITOLA 1 1/4""";UN;114.03
MATERIAL;6013;"REGISTRO GAVETA COM ACABAMENTO E CANOPLA CROMADOS, SIMPLES, BITOLA 1""";UN;82.01
MATERIAL;6006;"REGISTRO GAVETA COM ACABAMENTO E CANOPLA CROMADOS, SIMPLES, BITOLA 1/2""";UN;59.39
MATERIAL;6005;"REGISTRO GAVETA COM ACABAMENTO E CANOPLA CROMADOS, SIMPLES, BITOLA 3/4""";UN;67
MATERIAL;11756;REGISTRO OU REGULADOR DE GAS COZINHA, VAZAO DE 2 KG/H, 2,8 KPA;UN;32
MATERIAL;10904;"REGISTRO OU VALVULA GLOBO ANGULAR EM LATAO, PARA HIDRANTES EM INSTALACAO PREDIAL DE INCENDIO, 45 GRAUS, DIAMETRO DE 2 1/2"", COM VOLANTE, CLASSE DE PRESSAO DE ATE 200 PSI";UN;368
MATERIAL;11752;"REGISTRO PRESSAO BRUTO EM LATAO FORJADO, BITOLA 1/2""";UN;18.45
MATERIAL;11753;"REGISTRO PRESSAO BRUTO EM LATAO FORJADO, BITOLA 3/4""";UN;22.03
MATERIAL;6021;"REGISTRO PRESSAO COM ACABAMENTO E CANOPLA CROMADA, SIMPLES, BITOLA 1/2""";UN;61.13
MATERIAL;6024;"REGISTRO PRESSAO COM ACABAMENTO E CANOPLA CROMADA, SIMPLES, BITOLA 3/4""";UN;63.19
MATERIAL;45394;REGUA DE ALUMINIO PARA PEDREIRO 2 M X *25,5* MM;UN;38.34
EQUIPAMENTO (AQUISIÇÃO);13897;REGUA VIBRADORA DUPLA PARA CONCRETO A GASOLINA 5,5 HP, PESO DE 60 KG, COMPRIMENTO 4 M;UN;7717.01
MATERIAL;34357;REJUNTE CIMENTICIO, QUALQUER COR;KG;4.22
MATERIAL;37329;REJUNTE EPOXI, QUALQUER COR;KG;89.04
MATERIAL;2510;RELE FOTOELETRICO INTERNO E EXTERNO BIVOLT 1000 W, DE CONECTOR, SEM BASE;UN;27.23
MATERIAL;12359;RELE TERMICO BIMETAL PARA USO EM MOTORES TRIFASICOS, TENSAO 380 V, POTENCIA ATE 15 CV, CORRENTE NOMINAL MAXIMA 22 A;UN;130.8
MATERIAL;7353;RESINA ACRILICA PREMIUM BASE AGUA - COR BRANCA;L;35.75
MATERIAL;45264;RESPIRADOR / MASCARA SEMI FACIAL COM UMA VALVULA DE INALACAO E DUAS DE EXALACAO, PROTECAO CONTRA VAPORES ORGANICOS E GASES ACIDOS (1 FILTRO INCLUIDO);UN;29.72
MATERIAL;36144;RESPIRADOR DESCARTAVEL SEM VALVULA DE EXALACAO, PFF 1;UN;1.85
MATERIAL;10518;RETARDO PARA CORDEL DETONANTE;UN;137.38
EQUIPAMENTO (AQUISIÇÃO);36530;RETROESCAVADEIRA SOBRE RODAS COM CARREGADEIRA, TRACAO 4 X 2, POTENCIA LIQUIDA 79 HP, PESO OPERACIONAL MINIMO DE 6570 KG, CAPACIDADE DA CARREGADEIRA DE 1,00 M3 E DA RETROESCAVADEIRA MINIMA DE 0,20 M3, PROFUNDIDADE DE ESCAVACAO MAXIMA DE 4,37 M;UN;414878.04
EQUIPAMENTO (AQUISIÇÃO);6046;RETROESCAVADEIRA SOBRE RODAS COM CARREGADEIRA, TRACAO 4 X 4, POTENCIA LIQUIDA 72 HP, PESO OPERACIONAL MINIMO DE 7140 KG, CAPACIDADE MINIMA DA CARREGADEIRA DE 0,79 M3 E DA RETROESCAVADEIRA MINIMA DE 0,18 M3, PROFUNDIDADE DE ESCAVACAO MAXIMA DE 4,50 M;UN;450000
EQUIPAMENTO (AQUISIÇÃO);36531;RETROESCAVADEIRA SOBRE RODAS COM CARREGADEIRA, TRACAO 4 X 4, POTENCIA LIQUIDA 88 HP, PESO OPERACIONAL MINIMO DE 6674 KG, CAPACIDADE DA CARREGADEIRA DE 1,00 M3 E DA RETROESCAVADEIRA MINIMA DE 0,26 M3, PROFUNDIDADE DE ESCAVACAO MAXIMA DE 4,37 M;UN;466463.38
SERVIÇOS;34684;REVESTIMENTO DE PAREDE EM GRANILITE, MARMORITE OU GRANITINA - ESP = 5 MM (INCLUSO EXECUCAO);M2;327.58
SERVIÇOS;34683;REVESTIMENTO DE PAREDE EM GRANILITE, MARMORITE OU GRANITINA COLORIDO - ESP = 5 MM (INCLUSO EXECUCAO);M2;204.73
MATERIAL;44954;REVESTIMENTO EM CERAMICA ESMALTADA PARA FACHADAS, PECAS NO FORMATO APROX. *5 X 15* CM, FORNECIDAS EM PLACAS COM PECAS UNIDAS EM PONTOS;M2;98.55
MATERIAL;44955;REVESTIMENTO EM CERAMICA ESMALTADA PARA FACHADAS, PECAS NO FORMATO APROX. *7 X 26* CM, FORNECIDAS EM PLACAS COM PECAS UNIDAS EM PONTOS;M2;144.01
MATERIAL;10515;REVESTIMENTO EM CERAMICA ESMALTADA, FORMATO MAIOR A 2025 CM2;M2;48.92
MATERIAL;153;REVESTIMENTO EPOXI DE ALTA RESISTENCIA QUIMICA, ISENTO DE SOLVENTES, BICOMPONENTE;L;93.47
SERVIÇOS;34682;REVESTIMENTO PARA ESCADA EM GRANILITE, MARMORITE OU GRANITINA ESP = 8 MM (INCLUSO EXECUCAO);M2;156.56
MATERIAL;536;REVESTIMENTO PARA PAREDE, EM CERAMICA ESMALTADA, FORMATO MENOR OU IGUAL A 2025 CM2;M2;27.55
MATERIAL;20205;RIPA APARELHADA *1,5 X 5* CM, EM MACARANDUBA/MASSARANDUBA, ANGELIM OU EQUIVALENTE DA REGIAO;M;4.25
MATERIAL;4412;RIPA NAO APARELHADA *1 X 3* CM, EM MACARANDUBA/MASSARANDUBA, ANGELIM OU EQUIVALENTE DA REGIAO - BRUTA;M;2.55
MATERIAL;4408;RIPA NAO APARELHADA, *1,5 X 5* CM, EM MACARANDUBA/MASSARANDUBA, ANGELIM OU EQUIVALENTE DA REGIAO - BRUTA;M;3.18
MATERIAL;45213;RISCADOR DE FORMICA COM COMPRIMENTO *16* CM E ALTURA *5* CM;UN;35.29
MATERIAL;36250;RODAFORRO EM PVC, PARA FORRO DE PVC, COMPRIMENTO 6 M;M;5.91
MATERIAL;10857;RODAPE ARDOSIA, CINZA, 10 CM, E= *1CM;M;17.53
MATERIAL;4803;RODAPE DE BORRACHA LISO, H = *70* MM, E = *2* MM, PARA ARGAMASSA, PRETO;M;31.33
MATERIAL;6186;RODAPE DE MADEIRA MACICA CUMARU/IPE CHAMPANHE OU EQUIVALENTE DA REGIAO, *1,5 X 7 CM;M;28.01
MATERIAL;4829;RODAPE EM MARMORE, POLIDO, BRANCO COMUM, L= *7* CM, E= *2* CM, CORTE RETO;M;67.52
MATERIAL;39829;RODAPE EM POLIESTIRENO, BRANCO, H = *5* CM, E = *1,5* CM;M;40.11
MATERIAL;20231;RODAPE OU RODABANCADA EM GRANITO, POLIDO, TIPO ANDORINHA/ QUARTZ/ CASTELO/ CORUMBA OU OUTROS EQUIVALENTES DA REGIAO, H= 10 CM, E= *2,0* CM;M;66.23
MATERIAL;4804;RODAPE PLANO PARA PISO VINILICO, H = 5 CM;M;24.05
MATERIAL;34680;RODAPE PRE-MOLDADO DE GRANILITE, MARMORITE OU GRANITINA L = 10 CM;M;48.17
MATERIAL;11573;RODIZIO TIPO NAPOLEAO PARA JANELAS DE CORRER, EM ZAMAC, COMPRIMENTO DE APROX 60 CM, COM ROLAMENTO EM ACO;UN;5.83
MATERIAL;38401;RODO PARA CHAO 40 CM, COM BORRACHA DUPLA E CABO;UN;64.91
MATERIAL;11575;ROLDANA CONCAVA DUPLA, 4 RODAS, EM ZAMAC COM CHAPA DE LATAO, ROLAMENTOS EM ACO, PARA PORTAS E JANELAS DE CORRER;UN;56.21
MATERIAL;38179;ROLDANA CONCAVA DUPLA, 4 RODAS, PARA PORTA DE CORRER, EM ZAMAC COM CHAPA DE ACO, ROLAMENTO INTERNO BLINDADO DE ACO REVESTIDO EM NYLON;UN;46.48
MATERIAL;20256;ROLDANA PLASTICA COM PREGO, TAMANHO 30 X 30 MM, PARA INSTALACAO ELETRICA APARENTE;UN;0.37
EQUIPAMENTO (AQUISIÇÃO);14511;ROLO COMPACTADOR DE PNEUS, ESTATICO, PRESSAO VARIAVEL, POTENCIA 110 HP, PESO SEM/COM LASTRO 10,8/27 T, LARGURA DE ROLAGEM 2,30 M;UN;943847.3
EQUIPAMENTO (AQUISIÇÃO);10642;ROLO COMPACTADOR DE PNEUS, ESTATICO, PRESSAO VARIAVEL, POTENCIA 111 HP, PESO SEM/COM LASTRO 9,5/26,0 T, LARGURA DE ROLAGEM 1,90 M;UN;889150
EQUIPAMENTO (AQUISIÇÃO);14489;ROLO COMPACTADOR PE DE CARNEIRO VIBRATORIO, POTENCIA 125 HP, PESO OPERACIONAL SEM/COM LASTRO 11,95/13,30 T, IMPACTO DINAMICO 38,5/22,5 T, LARGURA DE TRABALHO 2,15 M;UN;788659.51
EQUIPAMENTO (AQUISIÇÃO);14513;ROLO COMPACTADOR PE DE CARNEIRO VIBRATORIO, POTENCIA 80 HP, PESO OPERACIONAL SEM/COM LASTRO 7,4/8,8 T, LARGURA DE TRABALHO 1,68 M;UN;591513.35
EQUIPAMENTO (AQUISIÇÃO);10646;ROLO COMPACTADOR VIBRATORIO DE UM CILINDRO, ACO LISO, POTENCIA 80 HP, PESO OPERACIONAL MAXIMO 8,1 T, IMPACTO DINAMICO 16,15/9,5 T, LARGURA TRABALHO 1,68 M;UN;568928.76
EQUIPAMENTO (AQUISIÇÃO);6070;ROLO COMPACTADOR VIBRATORIO PE DE CARNEIRO, COM CONTROLE REMOTO POR RADIO, POTENCIA 12,5 KW, PESO OPERACIONAL DE 1,675 T, LARGURA DE TRABALHO 0,85 M;UN;777371.13
EQUIPAMENTO (AQUISIÇÃO);6069;ROLO COMPACTADOR VIBRATORIO REBOCAVEL, CILINDRO DE ACO LISO, POTENCIA DE TRACAO DE 65 CV, PESO DE 4,7 T, IMPACTO DINAMICO TOTAL DE 18,3 T, LARGURA DO ROLO 1,67 M;UN;171733
EQUIPAMENTO (AQUISIÇÃO);14626;ROLO COMPACTADOR VIBRATORIO TANDEM, ACO LISO, POTENCIA 125 HP, PESO SEM/COM LASTRO 10,20/11,65 T, LARGURA DE TRABALHO 1,73 M;UN;851043.6
EQUIPAMENTO (AQUISIÇÃO);6067;ROLO COMPACTADOR VIBRATORIO TANDEM, ACO LISO, POTENCIA 58 CV, PESO SEM/COM LASTRO 6,5/9,4 T, LARGURA DE TRABALHO 1,20 M;UN;698617.86
MATERIAL;38393;ROLO DE ESPUMA POLIESTER, 23 CM X 68 MM (COMPRIMENTO X DIAMETRO), SEM CABO;UN;22.8
MATERIAL;45233;ROLO DE ESPUMA POLIESTER, 9 CM X 10 MM, COM CABO;UN;9.78
MATERIAL;38390;ROLO DE LA DE CARNEIRO 25 MM X 23 CM (ALTURA DA LA X COMPRIMENTO), SEM CABO;UN;56.01
MATERIAL;11578;ROSETA QUADRADA, SEM FUROS, EM ACO INOX POLIDO, LARGURA APROXIMADA DE 50 MM, PARA FECHADURA DE PORTA - PARAFUSOS INCLUIDOS;UN;12.13
MATERIAL;11577;ROSETA REDONDA DE SOBREPOR, SEM FUROS, EM ACO INOX POLIDO, DIAMETRO APROXIMADO DE 50 MM, PARA FECHADURA DE PORTA - PARAFUSOS INCLUIDOS;UN;11.58
MATERIAL;42432;ROTACAO DIAGONAL DUPLA, APARELHO TRIPLO, EM TUBO DE ACO CARBONO, PINTURA NO PROCESSO ELETROSTATICO - EQUIPAMENTO DE GINASTICA PARA ACADEMIA AO AR LIVRE / ACADEMIA DA TERCEIRA IDADE - ATI;UN;2424.64
MATERIAL;42437;ROTACAO VERTICAL DUPLO, EM TUBO DE ACO CARBONO, PINTURA NO PROCESSO ELETROSTATICO - EQUIPAMENTO DE GINASTICA PARA ACADEMIA AO AR LIVRE / ACADEMIA DA TERCEIRA IDADE - ATI;UN;1843.37
MATERIAL;1116;RUFO EXTERNO DE CHAPA DE ACO GALVANIZADA NUM 26, CORTE 25 CM;M;19.06
MATERIAL;1115;RUFO EXTERNO DE CHAPA DE ACO GALVANIZADA NUM 26, CORTE 28 CM;M;22.84
MATERIAL;1113;RUFO EXTERNO/INTERNO DE CHAPA DE ACO GALVANIZADA NUM 26, CORTE 33 CM;M;26.7
MATERIAL;1114;RUFO INTERNO DE CHAPA DE ACO GALVANIZADA NUM 26, CORTE 50 CM;M;31.81
MATERIAL;40873;RUFO INTERNO/EXTERNO DE CHAPA DE ACO GALVANIZADA NUM 24, CORTE 25 CM;M;24.89
MATERIAL;20214;RUFO PARA TELHA ESTRUTURAL DE FIBROCIMENTO 1 ABA (SEM AMIANTO);UN;54.2
MATERIAL;7237;RUFO PARA TELHA ONDULADA DE FIBROCIMENTO, E = 6 MM, ABA *260* MM, COMPRIMENTO 1100 MM (SEM AMIANTO);UN;53.06
MATERIAL;11757;SABONETEIRA DE PAREDE EM METAL CROMADO;UN;45.48
MATERIAL;11758;SABONETEIRA PLASTICA TIPO DISPENSER PARA SABONETE LIQUIDO COM RESERVATORIO 800 A 1500 ML;UN;55.33
MATERIAL;37526;SACO DE RAFIA PARA ENTULHO, NOVO, LISO (SEM CLICHE), *60 X 90* CM;UN;5.18
MATERIAL;6076;SAIBRO PARA ARGAMASSA (COLETADO NO COMERCIO);M3;71
MATERIAL;13109;SAPATA DE PVC ADITIVADO NERVURADO D = 6 POLEGADAS;UN;204.57
MATERIAL;13110;SAPATA DE PVC ADITIVADO NERVURADO D = 8 POLEGADAS;UN;269.22
MATERIAL;7581;"SAPATILHA EM ACO GALVANIZADO PARA CABOS COM DIAMETRO NOMINAL ATE 5/8""";UN;3.44
MATERIAL;4509;SARRAFO *2,5 X 10* CM EM PINUS, MISTA OU EQUIVALENTE DA REGIAO - BRUTA;M;4.19
MATERIAL;4512;SARRAFO *2,5 X 5* CM EM PINUS, MISTA OU EQUIVALENTE DA REGIAO - BRUTA;M;2
MATERIAL;4517;SARRAFO *2,5 X 7,5* CM EM PINUS, MISTA OU EQUIVALENTE DA REGIAO - BRUTA;M;2.89
MATERIAL;20206;SARRAFO APARELHADO *2 X 10* CM, EM MACARANDUBA/MASSARANDUBA, ANGELIM OU EQUIVALENTE DA REGIAO;M;11.48
MATERIAL;4460;SARRAFO NAO APARELHADO *2,5 X 10* CM, EM MACARANDUBA/MASSARANDUBA, ANGELIM OU EQUIVALENTE DA REGIAO - BRUTA;M;11.78
MATERIAL;4415;SARRAFO NAO APARELHADO *2,5 X 5* CM, EM MACARANDUBA/MASSARANDUBA, ANGELIM, PEROBA-ROSA OU EQUIVALENTE DA REGIAO - BRUTA;M;6.31
MATERIAL;4417;SARRAFO NAO APARELHADO *2,5 X 7* CM, EM MACARANDUBA/MASSARANDUBA, ANGELIM, PEROBA-ROSA OU EQUIVALENTE DA REGIAO - BRUTA;M;9.08
ENCARGOS COMPLEMENTARES;37373;SEGURO - HORISTA (COLETADO CAIXA - ENCARGOS COMPLEMENTARES);H;0.11
ENCARGOS COMPLEMENTARES;40864;SEGURO - MENSALISTA (COLETADO CAIXA - ENCARGOS COMPLEMENTARES);MES;18.28
MATERIAL;4734;SEIXO ROLADO PARA APLICACAO EM CONCRETO (POSTO PEDREIRA/FORNECEDOR, SEM FRETE);M3;286.32
MATERIAL;6085;SELADOR ACRILICO OPACO PREMIUM INTERIOR/EXTERIOR;L;11.34
MATERIAL;38396;"SELADOR HORIZONTAL PARA FITA DE ACO 1"" (25 MM)";UN;865.24
MATERIAL;11622;SELANTE A BASE DE ALCATRAO E POLIURETANO PARA JUNTAS HORIZONTAIS;KG;70.43
MATERIAL;43143;SELANTE ACRILICO PARA TRATAMENTO / ACABAMENTO SUPERFICIAL DE CONCRETO ESTAMPADO, APARENTE, PEDRAS E OUTROS;L;26.6
MATERIAL;7317;SELANTE DE BASE ASFALTICA PARA VEDACAO;KG;40.38
MATERIAL;142;SELANTE ELASTICO MONOCOMPONENTE A BASE DE POLIURETANO (PU) PARA JUNTAS DIVERSAS;310ML;33.23
MATERIAL;43142;SELANTE MONOCOMPONENTE A BASE DE SILICONE DE BAIXO MODULO, PARA JUNTAS DE PAVIMENTACAO;L;150.96
MATERIAL;38123;SELANTE TIPO VEDA CALHA PARA METAL E FIBROCIMENTO;KG;71.69
MATERIAL;42699;SELIM PVC, COM TRAVA, JE, 90 GRAUS, DN 125 X 100 MM OU 150 X 100 MM, PARA REDE COLETORA ESGOTO;UN;42.93
EQUIPAMENTO (AQUISIÇÃO);37743;SEMIRREBOQUE COM DOIS EIXOS EM TANDEM TIPO BASCULANTE COM CACAMBA METALICA 14 M3 (INCLUI MONTAGEM, NAO INCLUI CAVALO MECANICO);UN;236779.76
EQUIPAMENTO (AQUISIÇÃO);37744;SEMIRREBOQUE COM TRES EIXOS EM TANDEM TIPO BASCULANTE COM CACAMBA METALICA 18 M3 (INCLUI MONTAGEM, NAO INCLUI CAVALO MECANICO);UN;278408.45
EQUIPAMENTO (AQUISIÇÃO);37741;SEMIRREBOQUE COM TRES EIXOS, PARA TRANSPORTE DE CARGA SECA, DIMENSOES APROXIMADAS 2,60 X 12,50 X 0,50 M (NAO INCLUI CAVALO MECANICO);UN;215302.53
MATERIAL;39396;SENSOR DE PRESENCA BIVOLT COM FOTOCELULA PARA QUALQUER TIPO DE LAMPADA, POTENCIA MAXIMA *1000* W, USO EXTERNO;UN;53.32
MATERIAL;39392;SENSOR DE PRESENCA BIVOLT DE PAREDE COM FOTOCELULA PARA QUALQUER TIPO DE LAMPADA POTENCIA MAXIMA *1000* W, USO INTERNO;UN;60.15
MATERIAL;39393;SENSOR DE PRESENCA BIVOLT DE PAREDE SEM FOTOCELULA PARA QUALQUER TIPO DE LAMPADA POTENCIA MAXIMA *1000* W, USO INTERNO;UN;37.19
MATERIAL;39394;SENSOR DE PRESENCA BIVOLT DE TETO COM FOTOCELULA PARA QUALQUER TIPO DE LAMPADA POTENCIA MAXIMA *1000* W, USO INTERNO;UN;41.86
MATERIAL;39395;SENSOR DE PRESENCA BIVOLT DE TETO SEM FOTOCELULA PARA QUALQUER TIPO DE LAMPADA POTENCIA MAXIMA *900* W, USO INTERNO;UN;38.93
EQUIPAMENTO (AQUISIÇÃO);14618;"SERRA CIRCULAR DE BANCADA COM MOTOR ELETRICO, POTENCIA DE *1600* W, PARA DISCO DE DIAMETRO DE 10"" (250 MM)";UN;1258.62
MAO DE OBRA;6110;SERRALHEIRO (HORISTA);H;28.12
MAO DE OBRA;40910;SERRALHEIRO (MENSALISTA);MES;4927.02
MATERIAL;45255;"SERROTE PROFISSIONAL EM ACO TEMPERADO 20"", CABO DE MADEIRA";UN;40.2
MAO DE OBRA;6111;SERVENTE DE OBRAS (HORISTA);H;22.51
MAO DE OBRA;41084;SERVENTE DE OBRAS (MENSALISTA);MES;3942.96
SERVIÇOS;44535;SERVICO DE BOMBEAMENTO DE CONCRETO COM CONSUMO MINIMO DE 40 M3, (DISPONIBILIZACAO DE BOMBA), SEM O LANCAMENTO;M3;49.61
MATERIAL;44945;SIFAO / TUBO SINFONADO EXTENSIVEL/SANFONADO, UNIVERSAL/ SIMPLES, ENTRE *50 A 70* CM, DE PLASTICO BRANCO;UN;10.49
MATERIAL;38637;"SIFAO EM METAL CROMADO PARA PIA AMERICANA, 1.1/2 X 1.1/2""";UN;230.06
MATERIAL;6150;"SIFAO EM METAL CROMADO PARA PIA AMERICANA, 1.1/2 X 2""";UN;232.87
MATERIAL;6136;"SIFAO EM METAL CROMADO PARA PIA OU LAVATORIO, 1 X 1.1/2""";UN;183.05
MATERIAL;38638;"SIFAO EM METAL CROMADO PARA TANQUE, 1.1/4 X 1.1/2""";UN;193.86
MATERIAL;20262;SIFAO PLASTICO EXTENSIVEL UNIVERSAL, TIPO COPO;UN;19.21
MATERIAL;6145;"SIFAO PLASTICO TIPO COPO PARA PIA AMERICANA 1.1/2 X 1.1/2""";UN;21.22
MATERIAL;6149;"SIFAO PLASTICO TIPO COPO PARA PIA OU LAVATORIO, 1 X 1.1/2""";UN;14.03
MATERIAL;6146;"SIFAO PLASTICO TIPO COPO PARA TANQUE, 1.1/4 X 1.1/2""";UN;20.16
MATERIAL;44536;SILICA ATIVA PARA ADICAO EM CONCRETO E ARGAMASSA;KG;2.79
MATERIAL;39961;SILICONE ACETICO USO GERAL INCOLOR 280 G;UN;21.96
MATERIAL;42433;SIMULADOR DE CAMINHADA TRIPLO, EM TUBO DE ACO CARBONO, PINTURA NO PROCESSO ELETROSTATICO - EQUIPAMENTO DE GINASTICA PARA ACADEMIA AO AR LIVRE / ACADEMIA DA TERCEIRA IDADE - ATI;UN;4789.18
MATERIAL;42434;SIMULADOR DE CAVALGADA TRIPLO, EM TUBO DE ACO CARBONO, PINTURA NO PROCESSO ELETROSTATICO - EQUIPAMENTO DE GINASTICA PARA ACADEMIA AO AR LIVRE / ACADEMIA DA TERCEIRA IDADE - ATI;UN;5175.4
MATERIAL;42435;SIMULADOR DE REMO INDIVIDUAL, EM TUBO DE ACO CARBONO, PINTURA NO PROCESSO ELETROSTATICO - EQUIPAMENTO DE GINASTICA PARA ACADEMIA AO AR LIVRE / ACADEMIA DA TERCEIRA IDADE - ATI;UN;2580.78
MATERIAL;38061;SINALIZADOR NOTURNO SIMPLES PARA PARA-RAIOS, SEM RELE FOTOELETRICO;UN;46.11
MATERIAL;20250;SISAL EM FIBRA / ESTOPA SISAL PARA GESSO;KG;23.34
MATERIAL;13388;SOLDA EM BARRA DE ESTANHO-CHUMBO 50/50;KG;227.94
MATERIAL;39914;SOLDA EM VARETA FOSCOPER, D = *2,5* MM X COMPRIMENTO 500 MM;KG;346.77
MATERIAL;12732;SOLDA ESTANHO/COBRE PARA CONEXOES DE COBRE, FIO 2,5 MM, CARRETEL 500 GR (SEM CHUMBO);UN;400.12
MAO DE OBRA;6160;SOLDADOR (HORISTA);H;33.43
MAO DE OBRA;41087;SOLDADOR (MENSALISTA);MES;5856.06
MAO DE OBRA;6166;"SOLDADOR ELETRICO (PARA SOLDA A SER TESTADA COM RAIOS ""X"") (HORISTA)";H;36.01
MAO DE OBRA;41088;"SOLDADOR ELETRICO (PARA SOLDA A SER TESTADA COM RAIOS ""X"") (MENSALISTA)";MES;6310.91
MATERIAL;20232;SOLEIRA EM GRANITO, POLIDO, TIPO ANDORINHA/ QUARTZ/ CASTELO/ CORUMBA OU OUTROS EQUIVALENTES DA REGIAO, L= *15* CM, E= *2,0* CM;M;93.75
MATERIAL;10856;SOLEIRA PRE-MOLDADA EM GRANILITE, MARMORITE OU GRANITINA, L = *15 CM;M;132.47
MATERIAL;4828;SOLEIRA/ PEITORIL EM MARMORE, POLIDO, BRANCO COMUM, L= *15* CM, E= *2* CM, CORTE RETO;M;100.78
MATERIAL;20249;SOLEIRA/ TABEIRA EM MARMORE, POLIDO, BRANCO COMUM, L= 5 CM, E= *2,0* CM;M;55.19
MATERIAL;11609;SOLUCAO ASFALTICA ELASTOMERICA PARA IMPRIMACAO, APLICACAO A FRIO;L;11.7
MATERIAL;20083;SOLUCAO PREPARADORA / LIMPADORA PARA PVC, FRASCO COM 1000 CM3;UN;74.97
MATERIAL;12295;SOQUETE DE BAQUELITE BASE E27, PARA LAMPADAS;UN;3.19
MATERIAL;12296;SOQUETE DE PORCELANA BASE E27, FIXO DE TETO, PARA LAMPADAS;UN;4.12
MATERIAL;12294;SOQUETE DE PORCELANA BASE E27, PARA USO AO TEMPO, PARA LAMPADAS;UN;9.9
MATERIAL;14543;SOQUETE DE PVC / TERMOPLASTICO BASE E27, COM CHAVE, PARA LAMPADAS;UN;7.07
MATERIAL;13329;SOQUETE DE PVC / TERMOPLASTICO BASE E27, COM RABICHO, PARA LAMPADAS;UN;4.15
MATERIAL;21047;"SPRINKLER TIPO PENDENTE, BULBO AMARELO DE RESPOSTA RAPIDA, 79 GRAUS CELSIUS, ACABAMENTO CROMADO, D = 20 MM (3/4"")";UN;55.22
MATERIAL;21042;"SPRINKLER TIPO PENDENTE, BULBO AMARELO DE RESPOSTA RAPIDA, 79 GRAUS CELSIUS, ACABAMENTO NATURAL OU CROMADO, D = 15 MM (1/2"")";UN;42.56
MATERIAL;21043;"SPRINKLER TIPO PENDENTE, BULBO AMARELO DE RESPOSTA RAPIDA, 79 GRAUS CELSIUS, ACABAMENTO NATURAL, D = 20 MM (3/4"")";UN;53.76
MATERIAL;21044;"SPRINKLER TIPO PENDENTE, BULBO VERMELHO DE RESPOSTA RAPIDA, 68 GRAUS CELSIUS, ACABAMENTO CROMADO, D = 15 MM (1/2"")";UN;37.45
MATERIAL;21045;"SPRINKLER TIPO PENDENTE, BULBO VERMELHO DE RESPOSTA RAPIDA, 68 GRAUS CELSIUS, ACABAMENTO CROMADO, D = 20 MM (3/4"")";UN;51.3
MATERIAL;21041;"SPRINKLER TIPO PENDENTE, BULBO VERMELHO DE RESPOSTA RAPIDA, 68 GRAUS CELSIUS, ACABAMENTO NATURAL, D = 20 MM (3/4"")";UN;44.24
MATERIAL;21040;"SPRINKLER TIPO PENDENTE, BULBO VERMELHO RESPOSTA RAPIDA, 68 GRAUS CELSIUS, ACABAMENTO NATURAL, D = 15 MM (1/2"")";UN;36.65
MATERIAL;14149;"SUPORTE ""Y"" PARA FITA PERFURADA";CENTO;220.65
MATERIAL;38099;"SUPORTE DE FIXACAO PARA ESPELHO / PLACA 4"" X 2"", PARA 3 MODULOS, PARA INSTALACAO DE TOMADAS E INTERRUPTORES (SOMENTE SUPORTE)";UN;1.63
MATERIAL;38100;"SUPORTE DE FIXACAO PARA ESPELHO / PLACA 4"" X 4"", PARA 6 MODULOS, PARA INSTALACAO DE TOMADAS E INTERRUPTORES (SOMENTE SUPORTE)";UN;2.66
MATERIAL;7576;"SUPORTE EM ACO GALVANIZADO PARA TRANSFORMADOR PARA POSTE DUPLO T 185 X 95 MM, CHAPA DE 5/16""";UN;141.3
MATERIAL;3384;SUPORTE GUIA SIMPLES COM ROLDANA EM POLIPROPILENO PARA CHUMBAR, H = 20 CM;UN;8.24
MATERIAL;7572;"SUPORTE ISOLADOR REFORCADO DIAMETRO NOMINAL 5/16"", COM ROSCA SOBERBA E BUCHA";UN;7.54
MATERIAL;3396;"SUPORTE ISOLADOR SIMPLES DIAMETRO NOMINAL 5/16"", COM ROSCA SOBERBA E BUCHA";UN;5.09
MATERIAL;45230;SUPORTE MANUAL PARA LIXA, PLASTICO, COM 230 X 80 MM (COMPRIMENTO X LARGURA);UN;46.21
MATERIAL;37590;SUPORTE MAO-FRANCESA EM ACO, ABAS IGUAIS 30 CM, CAPACIDADE MINIMA 60 KG, BRANCO;UN;16.86
MATERIAL;37591;SUPORTE MAO-FRANCESA EM ACO, ABAS IGUAIS 40 CM, CAPACIDADE MINIMA 70 KG, BRANCO;UN;20.27
MATERIAL;12626;SUPORTE METALICO PARA CALHA PLUVIAL, ZINCADO, DOBRADO, DIAMETRO ENTRE 119 E 170 MM, PARA DRENAGEM PLUVIAL PREDIAL;UN;54.31
MATERIAL;11033;SUPORTE PARA CALHA DE 150 MM EM ACO GALVANIZADO;UN;6.8
MATERIAL;44188;"SUPORTE PARA FIXACAO CORRIMAO TUBULAR NA PAREDE EM, ACO INOX POLIDO, PARA APOIO BARRA CURVA DE 1/2"" E BERCO, COM CANOPLA";UN;24.75
MATERIAL;390;"SUPORTE PARA TUBO DIAMETRO NOMINAL 2"", COM ROSCA MECANICA";UN;9.22
MATERIAL;44187;"SUPORTE PINO, REDONDO, DE PAREDE, PARA FIXACAO DE CORRIMAO POR SOLDAGEM, EM ACO GALVANIZADO, COM BARRA DE 1/2""";UN;6.24
MATERIAL;44190;SUPORTE TRADICIONAL PARA FIXACAO DE CORRIMAO NA PAREDE, EM ALUMINIO;UN;8.42
MATERIAL;42436;SURF DUPLO, EM TUBO DE ACO CARBONO, PINTURA NO PROCESSO ELETROSTATICO - EQUIPAMENTO DE GINASTICA PARA ACADEMIA AO AR LIVRE / ACADEMIA DA TERCEIRA IDADE - ATI;UN;2701.34
MATERIAL;6194;TABUA *2,5 X 15 CM EM PINUS, MISTA OU EQUIVALENTE DA REGIAO - BRUTA;M;5.89
MATERIAL;10567;TABUA *2,5 X 23* CM EM PINUS, MISTA OU EQUIVALENTE DA REGIAO - BRUTA;M;9.33
MATERIAL;6212;TABUA *2,5 X 30 CM EM PINUS, MISTA OU EQUIVALENTE DA REGIAO - BRUTA;M;13.69
MATERIAL;3993;TABUA APARELHADA *2,5 X 15* CM, EM MACARANDUBA/MASSARANDUBA, ANGELIM OU EQUIVALENTE DA REGIAO;M2;152.54
MATERIAL;3990;TABUA APARELHADA *2,5 X 25* CM, EM MACARANDUBA/MASSARANDUBA, ANGELIM OU EQUIVALENTE DA REGIAO;M;28.7
MATERIAL;3992;TABUA APARELHADA *2,5 X 30* CM, EM MACARANDUBA/MASSARANDUBA, ANGELIM OU EQUIVALENTE DA REGIAO;M;38.75
MATERIAL;6178;TABUA DE MADEIRA PARA PISO, CUMARU/IPE CHAMPANHE OU EQUIVALENTE DA REGIAO, ENCAIXE MACHO/FEMEA, *10 X 2* CM;M2;467.16
MATERIAL;6180;TABUA DE MADEIRA PARA PISO, CUMARU/IPE CHAMPANHE OU EQUIVALENTE DA REGIAO, ENCAIXE MACHO/FEMEA, *15 X 2* CM;M2;504.19
MATERIAL;6182;TABUA DE MADEIRA PARA PISO, IPE (CERNE) OU EQUIVALENTE DA REGIAO, ENCAIXE MACHO/FEMEA, *20 X 2* CM;M2;625.83
MATERIAL;43614;TABUA NAO APARELHADA *2,5 X 15* CM, EM MACARANDUBA/MASSARANDUBA, ANGELIM OU EQUIVALENTE DA REGIAO - BRUTA;M;19.39
MATERIAL;6193;TABUA NAO APARELHADA *2,5 X 20* CM, EM MACARANDUBA/MASSARANDUBA, ANGELIM OU EQUIVALENTE DA REGIAO - BRUTA;M;23.6
MATERIAL;6189;TABUA NAO APARELHADA *2,5 X 30* CM, EM MACARANDUBA/MASSARANDUBA, ANGELIM OU EQUIVALENTE DA REGIAO - BRUTA;M;34.44
MATERIAL;6214;TACO DE MADEIRA PARA PISO, IPE (CERNE) OU EQUIVALENTE DA REGIAO, 7 X 42 CM, E = 2 CM;M2;292.64
MATERIAL;44027;TALA PARA EMENDA DE ELETROCALHA, SIMPLES / RETA, LISA OU PERFURADA, EM CHAPA DE ACO GALVANIZADO #22, ALTURA 50 MM;UN;1.16
MATERIAL;36153;TALABARTE DE SEGURANCA, 2 MOSQUETOES TRAVA DUPLA *53* MM DE ABERTURA, COM ABSORVEDOR DE ENERGIA;UN;223.39
EQUIPAMENTO (AQUISIÇÃO);10742;TALHA MANUAL DE CORRENTE, CAPACIDADE DE 2 T COM ELEVACAO DE 3 M;UN;862.84
MATERIAL;45239;"TALHADEIRA CHATA, DE ACO, 10""";UN;26.28
MATERIAL;38465;TALHADEIRA COM PUNHO DE PROTECAO *20 X 250* MM;UN;72.62
MATERIAL;7543;"TAMPA CEGA EM PVC PARA CONDULETE 4 X 2""";UN;4.53
MATERIAL;43427;TAMPA DE CONCRETO ARMADO PARA FOSSA SEPTICA, DIAMETRO NOMINAL DE 3,00 M E ESPESSURA MINIMA DE 100 MM;UN;2180.25
MATERIAL;41613;TAMPA DE CONCRETO ARMADO PARA FOSSA, D = *0,90* M, E = 0,05 M;UN;140.15
MATERIAL;41614;TAMPA DE CONCRETO ARMADO PARA FOSSA, D = *1,10* M, E = 0,05 M;UN;178.57
MATERIAL;41615;TAMPA DE CONCRETO ARMADO PARA FOSSA, D = *1,35* M, E = 0,05 M;UN;276
MATERIAL;41616;TAMPA DE CONCRETO ARMADO PARA FOSSA, D = 1,50 M, E = 0,05 M;UN;412.39
MATERIAL;41617;TAMPA DE CONCRETO ARMADO PARA FOSSA, D = 2,00 M, E = 0,05 M;UN;819.99
MATERIAL;41618;TAMPA DE CONCRETO ARMADO PARA FOSSA, D = 2,50 M, E = 0,05 M;UN;1509.56
MATERIAL;43428;TAMPA DE CONCRETO ARMADO PARA POCO DE INSPECAO, COM FURO E TAMPINHA, DIAMETRO NOMINAL DE 3,00 M E ESPESSURA MINIMA DE 100 MM;UN;2651.57
MATERIAL;41619;TAMPA DE CONCRETO ARMADO PARA POCO, COM FURO E TAMPINHA, D = *0,90* M, E = 0,05 M;UN;171.79
MATERIAL;41620;TAMPA DE CONCRETO ARMADO PARA POCO, COM FURO E TAMPINHA, D = *1,10* M, E = 0,05 M;UN;217
MATERIAL;41622;TAMPA DE CONCRETO ARMADO PARA POCO, COM FURO E TAMPINHA, D = *1,35* M, E = 0,05 M;UN;376.37
MATERIAL;41623;TAMPA DE CONCRETO ARMADO PARA POCO, COM FURO E TAMPINHA, D = 1,50 M, E = 0,05 M;UN;578.68
MATERIAL;41624;TAMPA DE CONCRETO ARMADO PARA POCO, COM FURO E TAMPINHA, D = 2,00 M, E = 0,05 M;UN;1085.04
MATERIAL;41625;TAMPA DE CONCRETO ARMADO PARA POCO, COM FURO E TAMPINHA, D = 2,50 M, E = 0,05 M;UN;1669.38
MATERIAL;39346;TAMPA PARA CONDULETE, EM PVC, PARA 1 INTERRUPTOR;UN;2.79
MATERIAL;39350;TAMPA PARA CONDULETE, EM PVC, PARA 1 MODULO RJ;UN;3.01
MATERIAL;39351;TAMPA PARA CONDULETE, EM PVC, PARA 2 MODULOS RJ;UN;3.48
MATERIAL;39352;TAMPA PARA CONDULETE, EM PVC, PARA TOMADA HEXAGONAL;UN;2.79
MATERIAL;38837;"TAMPAO / CAP, ROSCA MACHO, DN 1"", PARA TUBO PEX PARA INST. AGUA QUENTE/FRIA";UN;8.81
MATERIAL;38836;"TAMPAO / CAP, ROSCA MACHO, DN 3/4"", PARA TUBO PEX PARA INST. AGUA QUENTE/FRIA";UN;6.15
MATERIAL;2666;"TAMPAO / TERMINAL / PLUG, D = 1 1/4"", PARA DUTO CORRUGADO PEAD (CABEAMENTO SUBTERRANEO)";UN;6
MATERIAL;2668;"TAMPAO / TERMINAL / PLUG, D = 2"", PARA DUTO CORRUGADO PEAD (CABEAMENTO SUBTERRANEO)";UN;6.86
MATERIAL;2664;"TAMPAO / TERMINAL / PLUG, D = 3"", PARA DUTO CORRUGADO PEAD (CABEAMENTO SUBTERRANEO)";UN;10.11
MATERIAL;2662;"TAMPAO / TERMINAL / PLUG, D = 4"", PARA DUTO CORRUGADO PEAD (CABEAMENTO SUBTERRANEO)";UN;12.41
MATERIAL;20964;"TAMPAO COM CORRENTE, EM LATAO, ENGATE RAPIDO 1 1/2"", PARA INSTALACAO PREDIAL DE COMBATE A INCENDIO";UN;143.69
MATERIAL;10905;"TAMPAO COM CORRENTE, EM LATAO, ENGATE RAPIDO 2 1/2"", PARA INSTALACAO PREDIAL DE COMBATE A INCENDIO";UN;192.76
MATERIAL;11289;TAMPAO FOFO ARTICULADO P/ REGISTRO, COM BASE / REQUADRO, CLASSE A15 CARGA MAX 1,5 T, *200 X 200* MM (COM INSCRICAO EM RELEVO DO TIPO DE REDE);UN;84.65
MATERIAL;11241;TAMPAO FOFO ARTICULADO P/ REGISTRO, COM BASE / REQUADRO, CLASSE A15 CARGA MAXIMA 1,5 T, *400 X 400* MM (COM INSCRICAO EM RELEVO DO TIPO DE REDE);UN;211.62
MATERIAL;11301;TAMPAO FOFO ARTICULADO, COM BASE / REQUADRO, CLASSE B125 CARGA MAX 12,5 T, REDONDO, TAMPA 600 MM (COM INSCRICAO EM RELEVO DO TIPO DE REDE);UN;536.62
MATERIAL;21090;TAMPAO FOFO ARTICULADO, COM BASE / REQUADRO, CLASSE D400 CARGA MAX 40 T, REDONDO, TAMPA 600 MM (COM INSCRICAO EM RELEVO DO TIPO DE REDE);UN;657.55
MATERIAL;11315;TAMPAO FOFO SIMPLES COM BASE / REQUADRO, CLASSE A15 CARGA MAX. 1,5 T, 300 X 300 MM (COM INSCRICAO EM RELEVO DO TIPO DE REDE);UN;128.48
MATERIAL;21071;TAMPAO FOFO SIMPLES COM BASE / REQUADRO, CLASSE A15 CARGA MAX. 1,5 T, 400 X 400 MM (COM INSCRICAO EM RELEVO DO TIPO DE REDE);UN;196.51
MATERIAL;14112;TAMPAO FOFO SIMPLES COM BASE / REQUADRO, CLASSE A15 CARGA MAX. 1,5 T, 400 X 600 MM (COM INSCRICAO EM RELEVO DO TIPO DE REDE);UN;274.36
MATERIAL;11316;TAMPAO FOFO SIMPLES COM BASE / REQUADRO, CLASSE B125 CARGA MAX. 12,5 T, REDONDO, TAMPA 500 MM (COM INSCRICAO EM RELEVO DO TIPO DE REDE);UN;423.25
MATERIAL;6243;TAMPAO FOFO SIMPLES COM BASE / REQUADRO, CLASSE B125 CARGA MAX. 12,5 T, REDONDO, TAMPA 600 MM (COM INSCRICAO EM RELEVO DO TIPO DE REDE);UN;487.5
MATERIAL;6240;TAMPAO FOFO SIMPLES COM BASE / REQUADRO, CLASSE D400 CARGA MAX. 40 T, REDONDO, TAMPA 600 MM (COM INSCRICAO EM RELEVO DO TIPO DE REDE);UN;645.46
MATERIAL;11296;TAMPAO FOFO SIMPLES COM BASE / REQUADRO, CLASSE D400 CARGA MAX. 40 T, REDONDO, TAMPA 900 MM (COM INSCRICAO EM RELEVO DO TIPO DE REDE);UN;2056.56
MATERIAL;11299;TAMPAO FOFO SIMPLES COM BASE / REQUADRO, R-2, CLASSE A15 CARGA MAX. 1,5 T, 550 X 1100 MM (COM INSCRICAO EM RELEVO DO TIPO DE REDE);UN;696.1
MATERIAL;11688;TANQUE ACO INOXIDAVEL (ACO 304) COM ESFREGADOR E VALVULA, DE *50 X 40 X 22* CM;UN;498.65
EQUIPAMENTO (AQUISIÇÃO);37736;TANQUE DE ACO CARBONO NAO REVESTIDO, PARA TRANSPORTE DE AGUA COM CAPACIDADE DE 10 M3, COM BOMBA CENTRIFUGA POR TOMADA DE FORCA, VAZAO MAXIMA *75* M3/H (INCLUI MONTAGEM, NAO INCLUI CAMINHAO);UN;91750
EQUIPAMENTO (AQUISIÇÃO);37739;TANQUE DE ACO PARA TRANSPORTE DE AGUA COM CAPACIDADE DE 14 M3 (INCLUI MONTAGEM, NAO INCLUI CAMINHAO);UN;112923.07
EQUIPAMENTO (AQUISIÇÃO);37738;TANQUE DE ACO PARA TRANSPORTE DE AGUA COM CAPACIDADE DE 6 M3 (INCLUI MONTAGEM, NAO INCLUI CAMINHAO);UN;76560.62
EQUIPAMENTO (AQUISIÇÃO);25014;TANQUE DE ASFALTO ESTACIONARIO COM MACARICO, CAPACIDADE 20.000 L;UN;127575.45
EQUIPAMENTO (AQUISIÇÃO);14405;TANQUE DE ASFALTO ESTACIONARIO COM SERPENTINA, CAPACIDADE 30.000 L;UN;156956.93
MATERIAL;20271;TANQUE DE LOUCA BRANCA, COM COLUNA, *30* L;UN;668.64
MATERIAL;10423;TANQUE DE LOUCA BRANCA, SUSPENSO, *20* L;UN;490.93
MATERIAL;36790;TANQUE DUPLO EM MARMORE SINTETICO COM CUBA LISA E ESFREGADOR, *110 X 60* CM;UN;476.24
MATERIAL;37589;TANQUE SIMPLES EM MARMORE SINTETICO COM COLUNA, CAPACIDADE *22* L, *60 X 46* CM;UN;583.52
MATERIAL;11690;TANQUE SIMPLES EM MARMORE SINTETICO DE FIXAR NA PAREDE, CAPACIDADE *22* L, *60 X 46* CM;UN;309.98
MATERIAL;20234;TANQUE SIMPLES EM MARMORE SINTETICO SUSPENSO, CAPACIDADE *38* L, *60 X 60* CM;UN;392.29
ESPECIAIS;44480;"TARIFA ""A"" ENTRE 0 E 20M3 FORNECIMENTO D'AGUA";M3;16.84
MATERIAL;11457;TARJETA LIVRE / OCUPADO PARA PORTA DE BANHEIRO, CORPO EM ZAMAC E ESPELHO EM LATAO;UN;45.95
MATERIAL;44073;TARUGO DELIMITADOR DE PROFUNDIDADE EM ESPUMA DE POLIETILENO DE BAIXA DENSIDADE 10 MM, CINZA;M;0.96
MATERIAL;3593;"TE 45 GRAUS DE FERRO GALVANIZADO, COM ROSCA BSP, DE 1 1/2""";UN;98.47
MATERIAL;3588;"TE 45 GRAUS DE FERRO GALVANIZADO, COM ROSCA BSP, DE 1 1/4""";UN;75.9
MATERIAL;3587;"TE 45 GRAUS DE FERRO GALVANIZADO, COM ROSCA BSP, DE 1""";UN;47.1
MATERIAL;3585;"TE 45 GRAUS DE FERRO GALVANIZADO, COM ROSCA BSP, DE 1/2""";UN;23.44
MATERIAL;3590;"TE 45 GRAUS DE FERRO GALVANIZADO, COM ROSCA BSP, DE 2 1/2""";UN;279.59
MATERIAL;3589;"TE 45 GRAUS DE FERRO GALVANIZADO, COM ROSCA BSP, DE 2""";UN;150.07
MATERIAL;3592;"TE 45 GRAUS DE FERRO GALVANIZADO, COM ROSCA BSP, DE 3""";UN;441.96
MATERIAL;3586;"TE 45 GRAUS DE FERRO GALVANIZADO, COM ROSCA BSP, DE 3/4""";UN;30.71
MATERIAL;3591;"TE 45 GRAUS DE FERRO GALVANIZADO, COM ROSCA BSP, DE 4""";UN;708.48
MATERIAL;40396;"TE 90 GRAUS EM ACO CARBONO, SOLDAVEL, PRESSAO 3.000 LBS, DN 1 1/2""";UN;132.28
MATERIAL;40395;"TE 90 GRAUS EM ACO CARBONO, SOLDAVEL, PRESSAO 3.000 LBS, DN 1 1/4""";UN;101.52
MATERIAL;40394;"TE 90 GRAUS EM ACO CARBONO, SOLDAVEL, PRESSAO 3.000 LBS, DN 1""";UN;66.09
MATERIAL;40392;"TE 90 GRAUS EM ACO CARBONO, SOLDAVEL, PRESSAO 3.000 LBS, DN 1/2""";UN;32.66
MATERIAL;40398;"TE 90 GRAUS EM ACO CARBONO, SOLDAVEL, PRESSAO 3.000 LBS, DN 2 1/2""";UN;424.39
MATERIAL;40397;"TE 90 GRAUS EM ACO CARBONO, SOLDAVEL, PRESSAO 3.000 LBS, DN 2""";UN;217.34
MATERIAL;40399;"TE 90 GRAUS EM ACO CARBONO, SOLDAVEL, PRESSAO 3.000 LBS, DN 3""";UN;694.3
MATERIAL;40393;"TE 90 GRAUS EM ACO CARBONO, SOLDAVEL, PRESSAO 3.000 LBS, DN 3/4""";UN;42.07
MATERIAL;44253;TE CPVC, SOLDAVEL, 90 GRAUS, 114 MM, PARA AGUA QUENTE PREDIAL;UN;286.66
MATERIAL;21121;TE CPVC, SOLDAVEL, 90 GRAUS, 15 MM, PARA AGUA QUENTE PREDIAL;UN;4.11
MATERIAL;38010;TE CPVC, SOLDAVEL, 90 GRAUS, 22 MM, PARA AGUA QUENTE PREDIAL;UN;5.12
MATERIAL;38011;TE CPVC, SOLDAVEL, 90 GRAUS, 28 MM, PARA AGUA QUENTE PREDIAL;UN;10.26
MATERIAL;38012;TE CPVC, SOLDAVEL, 90 GRAUS, 35 MM, PARA AGUA QUENTE PREDIAL;UN;39.13
MATERIAL;38013;TE CPVC, SOLDAVEL, 90 GRAUS, 42 MM, PARA AGUA QUENTE PREDIAL;UN;50.27
MATERIAL;38014;TE CPVC, SOLDAVEL, 90 GRAUS, 54 MM, PARA AGUA QUENTE PREDIAL;UN;83.95
MATERIAL;38015;TE CPVC, SOLDAVEL, 90 GRAUS, 73 MM, PARA AGUA QUENTE PREDIAL;UN;197.36
MATERIAL;38016;TE CPVC, SOLDAVEL, 90 GRAUS, 89 MM, PARA AGUA QUENTE PREDIAL;UN;229.51
MATERIAL;12741;TE DE COBRE SEM ANEL DE SOLDA, BOLSA X BOLSA X BOLSA, 104 MM;UN;1921.27
MATERIAL;12733;TE DE COBRE SEM ANEL DE SOLDA, BOLSA X BOLSA X BOLSA, 15 MM;UN;9.66
MATERIAL;12734;TE DE COBRE SEM ANEL DE SOLDA, BOLSA X BOLSA X BOLSA, 22 MM;UN;20.6
MATERIAL;12735;TE DE COBRE SEM ANEL DE SOLDA, BOLSA X BOLSA X BOLSA, 28 MM;UN;33.89
MATERIAL;12736;TE DE COBRE SEM ANEL DE SOLDA, BOLSA X BOLSA X BOLSA, 35 MM;UN;77.49
MATERIAL;12737;TE DE COBRE SEM ANEL DE SOLDA, BOLSA X BOLSA X BOLSA, 42 MM;UN;99.83
MATERIAL;12738;TE DE COBRE SEM ANEL DE SOLDA, BOLSA X BOLSA X BOLSA, 54 MM;UN;197.3
MATERIAL;12739;TE DE COBRE SEM ANEL DE SOLDA, BOLSA X BOLSA X BOLSA, 66 MM;UN;561.64
MATERIAL;12740;TE DE COBRE SEM ANEL DE SOLDA, BOLSA X BOLSA X BOLSA, 79 MM;UN;878.72
MATERIAL;6297;"TE DE FERRO GALVANIZADO, DE 1 1/2""";UN;45.37
MATERIAL;6296;"TE DE FERRO GALVANIZADO, DE 1 1/4""";UN;35.81
MATERIAL;6323;"TE DE FERRO GALVANIZADO, DE 1""";UN;23.4
MATERIAL;6294;"TE DE FERRO GALVANIZADO, DE 1/2""";UN;10.21
MATERIAL;6299;"TE DE FERRO GALVANIZADO, DE 2 1/2""";UN;136.46
MATERIAL;6298;"TE DE FERRO GALVANIZADO, DE 2""";UN;71.87
MATERIAL;6322;"TE DE FERRO GALVANIZADO, DE 3""";UN;182.77
MATERIAL;6295;"TE DE FERRO GALVANIZADO, DE 3/4""";UN;14.54
MATERIAL;6300;"TE DE FERRO GALVANIZADO, DE 4""";UN;336.97
MATERIAL;6321;"TE DE FERRO GALVANIZADO, DE 5""";UN;481.34
MATERIAL;6301;"TE DE FERRO GALVANIZADO, DE 6""";UN;1128.2
MATERIAL;7105;TE DE INSPECAO, PVC, 100 X 75 MM, SERIE NORMAL PARA ESGOTO PREDIAL;UN;54.57
MATERIAL;20183;TE DE INSPECAO, PVC, SERIE R, 100 X 75 MM, PARA ESGOTO PREDIAL;UN;67.24
MATERIAL;38448;TE DE INSPECAO, PVC, SERIE R, 150 X 100 MM, PARA ESGOTO PREDIAL;UN;305.12
MATERIAL;20182;TE DE INSPECAO, PVC, SERIE R, 75 X 75 MM, PARA ESGOTO PREDIAL;UN;39.09
MATERIAL;7119;"TE DE REDUCAO COM ROSCA, PVC, 90 GRAUS, 1 X 3/4"", PARA AGUA FRIA PREDIAL";UN;14.17
MATERIAL;7126;"TE DE REDUCAO COM ROSCA, PVC, 90 GRAUS, 1.1/2"" X 3/4"", AGUA FRIA PREDIAL";UN;28.92
MATERIAL;7120;"TE DE REDUCAO COM ROSCA, PVC, 90 GRAUS, 3/4 X 1/2"", PARA AGUA FRIA PREDIAL";UN;10.87
MATERIAL;6319;"TE DE REDUCAO DE FERRO GALVANIZADO, COM ROSCA BSP, DE 1 1/2"" X 1""";UN;53.3
MATERIAL;6304;"TE DE REDUCAO DE FERRO GALVANIZADO, COM ROSCA BSP, DE 1 1/2"" X 3/4""";UN;53.3
MATERIAL;21116;"TE DE REDUCAO DE FERRO GALVANIZADO, COM ROSCA BSP, DE 1 1/4"" X 3/4""";UN;40.36
MATERIAL;6320;"TE DE REDUCAO DE FERRO GALVANIZADO, COM ROSCA BSP, DE 1"" X 1/2""";UN;27.45
MATERIAL;6303;"TE DE REDUCAO DE FERRO GALVANIZADO, COM ROSCA BSP, DE 1"" X 3/4""";UN;27.45
MATERIAL;6308;"TE DE REDUCAO DE FERRO GALVANIZADO, COM ROSCA BSP, DE 2 1/2"" X 1 1/2""";UN;147.5
MATERIAL;6317;"TE DE REDUCAO DE FERRO GALVANIZADO, COM ROSCA BSP, DE 2 1/2"" X 1 1/4""";UN;147.5
MATERIAL;6307;"TE DE REDUCAO DE FERRO GALVANIZADO, COM ROSCA BSP, DE 2 1/2"" X 1""";UN;147.5
MATERIAL;6309;"TE DE REDUCAO DE FERRO GALVANIZADO, COM ROSCA BSP, DE 2 1/2"" X 2""";UN;151.78
MATERIAL;6318;"TE DE REDUCAO DE FERRO GALVANIZADO, COM ROSCA BSP, DE 2"" X 1 1/2""";UN;79.56
MATERIAL;6306;"TE DE REDUCAO DE FERRO GALVANIZADO, COM ROSCA BSP, DE 2"" X 1 1/4""";UN;79.56
MATERIAL;6305;"TE DE REDUCAO DE FERRO GALVANIZADO, COM ROSCA BSP, DE 2"" X 1""";UN;79.56
MATERIAL;6312;"TE DE REDUCAO DE FERRO GALVANIZADO, COM ROSCA BSP, DE 3"" X 1 1/2""";UN;212.16
MATERIAL;6311;"TE DE REDUCAO DE FERRO GALVANIZADO, COM ROSCA BSP, DE 3"" X 1 1/4""";UN;212.16
MATERIAL;6310;"TE DE REDUCAO DE FERRO GALVANIZADO, COM ROSCA BSP, DE 3"" X 1""";UN;212.16
MATERIAL;6314;"TE DE REDUCAO DE FERRO GALVANIZADO, COM ROSCA BSP, DE 3"" X 2 1/2""";UN;212.16
MATERIAL;6313;"TE DE REDUCAO DE FERRO GALVANIZADO, COM ROSCA BSP, DE 3"" X 2""";UN;212.16
MATERIAL;6302;"TE DE REDUCAO DE FERRO GALVANIZADO, COM ROSCA BSP, DE 3/4"" X 1/2""";UN;16.87
MATERIAL;6315;"TE DE REDUCAO DE FERRO GALVANIZADO, COM ROSCA BSP, DE 4"" X 2""";UN;401.72
MATERIAL;6316;"TE DE REDUCAO DE FERRO GALVANIZADO, COM ROSCA BSP, DE 4"" X 3""";UN;401.72
MATERIAL;39324;TE DE REDUCAO, CPVC, 22 X 15 MM, PARA AGUA QUENTE PREDIAL;UN;5.35
MATERIAL;39325;TE DE REDUCAO, CPVC, 28 X 22 MM, PARA AGUA QUENTE PREDIAL;UN;8.06
MATERIAL;39326;TE DE REDUCAO, CPVC, 35 X 28 MM, PARA AGUA QUENTE PREDIAL;UN;28.94
MATERIAL;39327;TE DE REDUCAO, CPVC, 42 X 35 MM, PARA AGUA QUENTE PREDIAL;UN;43.66
MATERIAL;11378;TE DE REDUCAO, PVC PBA, BBB, JE, DN 100 X 50 / DE 110 X 60 MM, PARA REDE DE AGUA;UN;100.34
MATERIAL;11379;TE DE REDUCAO, PVC PBA, BBB, JE, DN 100 X 75 / DE 110 X 85 MM, PARA REDE DE AGUA;UN;84.79
MATERIAL;11493;TE DE REDUCAO, PVC PBA, BBB, JE, DN 75 X 50 / DE 85 X 60 MM, PARA REDE DE AGUA;UN;48.91
MATERIAL;7106;TE DE REDUCAO, PVC, SOLDAVEL, 90 GRAUS, 110 MM X 60 MM, PARA AGUA FRIA PREDIAL;UN;178.97
MATERIAL;7104;TE DE REDUCAO, PVC, SOLDAVEL, 90 GRAUS, 25 MM X 20 MM, PARA AGUA FRIA PREDIAL;UN;4.82
MATERIAL;7136;TE DE REDUCAO, PVC, SOLDAVEL, 90 GRAUS, 32 MM X 25 MM, PARA AGUA FRIA PREDIAL;UN;8.4
MATERIAL;7128;TE DE REDUCAO, PVC, SOLDAVEL, 90 GRAUS, 40 MM X 32 MM, PARA AGUA FRIA PREDIAL;UN;10.9
MATERIAL;7108;TE DE REDUCAO, PVC, SOLDAVEL, 90 GRAUS, 50 MM X 20 MM, PARA AGUA FRIA PREDIAL;UN;10.87
MATERIAL;7129;TE DE REDUCAO, PVC, SOLDAVEL, 90 GRAUS, 50 MM X 25 MM, PARA AGUA FRIA PREDIAL;UN;12.8
MATERIAL;7130;TE DE REDUCAO, PVC, SOLDAVEL, 90 GRAUS, 50 MM X 32 MM, PARA AGUA FRIA PREDIAL;UN;18.59
MATERIAL;7131;TE DE REDUCAO, PVC, SOLDAVEL, 90 GRAUS, 50 MM X 40 MM, PARA AGUA FRIA PREDIAL;UN;22.74
MATERIAL;7132;TE DE REDUCAO, PVC, SOLDAVEL, 90 GRAUS, 75 MM X 50 MM, PARA AGUA FRIA PREDIAL;UN;53.53
MATERIAL;7133;TE DE REDUCAO, PVC, SOLDAVEL, 90 GRAUS, 85 MM X 60 MM, PARA AGUA FRIA PREDIAL;UN;123.7
MATERIAL;37422;TE DE SERVICO INTEGRADO, EM POLIPROPILENO (PP), PARA TUBOS EM PEAD, 63 X 20 MM - LIGACAO PREDIAL DE AGUA;UN;59.7
MATERIAL;37420;TE DE SERVICO INTEGRADO, EM POLIPROPILENO (PP), PARA TUBOS EM PEAD/PVC, 60 X 20 MM - LIGACAO PREDIAL DE AGUA;UN;46.67
MATERIAL;37421;TE DE SERVICO INTEGRADO, EM POLIPROPILENO (PP), PARA TUBOS EM PEAD/PVC, 60 X 32 MM - LIGACAO PREDIAL DE AGUA;UN;63.78
MATERIAL;37443;TE DE SERVICO, PEAD PE 100, DE 125 X 20 MM, PARA ELETROFUSAO;UN;211.28
MATERIAL;37444;TE DE SERVICO, PEAD PE 100, DE 125 X 32 MM, PARA ELETROFUSAO;UN;214.87
MATERIAL;37445;TE DE SERVICO, PEAD PE 100, DE 125 X 63 MM, PARA ELETROFUSAO;UN;325.68
MATERIAL;37446;TE DE SERVICO, PEAD PE 100, DE 200 X 20 MM, PARA ELETROFUSAO;UN;355.04
MATERIAL;37447;TE DE SERVICO, PEAD PE 100, DE 200 X 32 MM, PARA ELETROFUSAO;UN;360.6
MATERIAL;37448;TE DE SERVICO, PEAD PE 100, DE 200 X 63 MM, PARA ELETROFUSAO;UN;494.62
MATERIAL;37440;TE DE SERVICO, PEAD PE 100, DE 63 X 20 MM, PARA ELETROFUSAO;UN;167.7
MATERIAL;37441;TE DE SERVICO, PEAD PE 100, DE 63 X 32 MM, PARA ELETROFUSAO;UN;167.7
MATERIAL;37442;TE DE SERVICO, PEAD PE 100, DE 63 X 63 MM, PARA ELETROFUSAO;UN;201.99
MATERIAL;38017;"TE DE TRANSICAO, CPVC, SOLDAVEL, 15 MM X 1/2"", PARA AGUA QUENTE";UN;10.94
MATERIAL;38018;"TE DE TRANSICAO, CPVC, SOLDAVEL, 22 MM X 1/2"", PARA AGUA QUENTE";UN;12.3
MATERIAL;39895;"TE DUPLA CURVA BRONZE/LATAO SEM ANEL DE SOLDA, ROSCA F X BOLSA X ROSCA F, 1/2"" X 15 X 1/2""";UN;69.79
MATERIAL;39896;"TE DUPLA CURVA BRONZE/LATAO SEM ANEL DE SOLDA, ROSCA F X BOLSA X ROSCA F, 3/4"" X 22 X 3/4""";UN;102.29
MATERIAL;44038;TE HORIZONTAL 90 GRAUS, PARA ELETROCALHA, EM CHAPA DE ACO GALVANIZADO, ESPESSURA #14, 700 X 50 MM (L X A), SEM VIROLA, SEM TAMPA;UN;232.72
MATERIAL;44040;TE HORIZONTAL 90 GRAUS, PARA ELETROCALHA, EM CHAPA DE ACO GALVANIZADO, ESPESSURA #14, 800 X 50 MM (L X A), SEM VIROLA, SEM TAMPA;UN;296.93
MATERIAL;44035;TE HORIZONTAL 90 GRAUS, PARA ELETROCALHA, EM CHAPA DE ACO GALVANIZADO, ESPESSURA #16, 500 X 50 MM (L X A), SEM VIROLA, SEM TAMPA;UN;138.46
MATERIAL;44037;TE HORIZONTAL 90 GRAUS, PARA ELETROCALHA, EM CHAPA DE ACO GALVANIZADO, ESPESSURA #16, 600 X 50 MM (L X A), SEM VIROLA, SEM TAMPA;UN;176.17
MATERIAL;44033;TE HORIZONTAL 90 GRAUS, PARA ELETROCALHA, EM CHAPA DE ACO GALVANIZADO, ESPESSURA #18, 300 X 50 MM (L X A), SEM VIROLA, SEM TAMPA;UN;54.76
MATERIAL;44034;TE HORIZONTAL 90 GRAUS, PARA ELETROCALHA, EM CHAPA DE ACO GALVANIZADO, ESPESSURA #18, 400 X 50 MM (L X A), SEM VIROLA, SEM TAMPA;UN;75.27
MATERIAL;44028;TE HORIZONTAL 90 GRAUS, PARA ELETROCALHA, EM CHAPA DE ACO GALVANIZADO, ESPESSURA #22, 100 X 50 MM (L X A), SEM VIROLA, SEM TAMPA;UN;21.98
MATERIAL;44029;TE HORIZONTAL 90 GRAUS, PARA ELETROCALHA, EM CHAPA DE ACO GALVANIZADO, ESPESSURA #22, 125 X 50 MM (L X A), SEM VIROLA, SEM TAMPA;UN;23.36
MATERIAL;44030;TE HORIZONTAL 90 GRAUS, PARA ELETROCALHA, EM CHAPA DE ACO GALVANIZADO, ESPESSURA #22, 150 X 50 MM (L X A), SEM VIROLA, SEM TAMPA;UN;28.06
MATERIAL;44031;TE HORIZONTAL 90 GRAUS, PARA ELETROCALHA, EM CHAPA DE ACO GALVANIZADO, ESPESSURA #22, 200 X 50 MM (L X A), SEM VIROLA, SEM TAMPA;UN;34.45
MATERIAL;44032;TE HORIZONTAL 90 GRAUS, PARA ELETROCALHA, EM CHAPA DE ACO GALVANIZADO, ESPESSURA #22, 250 X 50 MM (L X A), SEM VIROLA, SEM TAMPA;UN;39.09
MATERIAL;44036;TE HORIZONTAL 90 GRAUS, PARA ELETROCALHA, EM CHAPA DE ACO GALVANIZADO, ESPESSURA #22, 50 X 50 MM (L X A), SEM VIROLA, SEM TAMPA;UN;16.14
MATERIAL;44039;TE HORIZONTAL 90 GRAUS, PARA ELETROCALHA, EM CHAPA DE ACO GALVANIZADO, ESPESSURA #22, 75 X 50 MM (L X A), SEM VIROLA, SEM TAMPA;UN;19.64
MATERIAL;38873;TE METALICO, PARA CONEXAO COM ANEL DESLIZANTE, DN 16 MM, EM TUBO PEX PARA INST. AGUA QUENTE/FRIA;UN;16.77
MATERIAL;38874;TE METALICO, PARA CONEXAO COM ANEL DESLIZANTE, DN 20 MM, EM TUBO PEX PARA INST. AGUA QUENTE/FRIA;UN;21.24
MATERIAL;38875;TE METALICO, PARA CONEXAO COM ANEL DESLIZANTE, DN 25 MM, EM TUBO PEX PARA INST. AGUA QUENTE/FRIA;UN;33.66
MATERIAL;38876;TE METALICO, PARA CONEXAO COM ANEL DESLIZANTE, DN 32 MM, EM TUBO PEX PARA INST. AGUA QUENTE/FRIA;UN;45.23
MATERIAL;39000;"TE MISTURADOR COM INSERTO METALICO, FEMEA, PPR, DN 25 MM X 3/4"", PARA AGUA QUENTE E FRIA PREDIAL";UN;38.85
MATERIAL;38674;"TE MISTURADOR DE TRANSICAO, CPVC, COM ROSCA, 22 MM X 3/4"", PARA AGUA QUENTE";UN;36.82
MATERIAL;38019;TE MISTURADOR, CPVC, SOLDAVEL, 15 MM, PARA AGUA QUENTE;UN;7.79
MATERIAL;38020;TE MISTURADOR, CPVC, SOLDAVEL, 22 MM, PARA AGUA QUENTE;UN;9.59
MATERIAL;38454;TE MISTURADOR, PPR, F/M/M, DN 20 X 20 MM, PARA AGUA QUENTE PREDIAL;UN;14.57
MATERIAL;38455;TE MISTURADOR, PPR, F/M/M, DN 25 X 25 MM, PARA AGUA QUENTE PREDIAL;UN;19.5
MATERIAL;38462;TE NORMAL, PPR, F/F/F, SOLDAVEL, 90 GRAUS, DN 110 X 110 X 110 MM, PARA AGUA QUENTE PREDIAL;UN;314.43
MATERIAL;36362;TE NORMAL, PPR, F/F/F, SOLDAVEL, 90 GRAUS, DN 20 X 20 X 20 MM, PARA AGUA QUENTE PREDIAL;UN;4.34
MATERIAL;36298;TE NORMAL, PPR, F/F/F, SOLDAVEL, 90 GRAUS, DN 25 X 25 X 25 MM, PARA AGUA QUENTE PREDIAL;UN;3.74
MATERIAL;38456;TE NORMAL, PPR, F/F/F, SOLDAVEL, 90 GRAUS, DN 32 X 32 X 32 MM, PARA AGUA QUENTE PREDIAL;UN;9.3
MATERIAL;38457;TE NORMAL, PPR, F/F/F, SOLDAVEL, 90 GRAUS, DN 40 X 40 X 40 MM, PARA AGUA QUENTE PREDIAL;UN;16.94
MATERIAL;38458;TE NORMAL, PPR, F/F/F, SOLDAVEL, 90 GRAUS, DN 50 X 50 X 50 MM, PARA AGUA QUENTE PREDIAL;UN;32.64
MATERIAL;38459;TE NORMAL, PPR, F/F/F, SOLDAVEL, 90 GRAUS, DN 63 X 63 X 63 MM, PARA AGUA QUENTE PREDIAL;UN;51.31
MATERIAL;38460;TE NORMAL, PPR, F/F/F, SOLDAVEL, 90 GRAUS, DN 75 X 75 X 75 MM, PARA AGUA QUENTE PREDIAL;UN;110.07
MATERIAL;38461;TE NORMAL, PPR, F/F/F, SOLDAVEL, 90 GRAUS, DN 90 X 90 X 90 MM, PARA AGUA QUENTE PREDIAL;UN;147.7
MATERIAL;7094;"TE PVC ROSCAVEL 90 GRAUS, 1"", PARA AGUA FRIA PREDIAL";UN;15.75
MATERIAL;7116;TE PVC SOLDAVEL, BBB, 90 GRAUS, DN 40 MM, PARA ESGOTO SECUNDARIO PREDIAL;UN;4.89
MATERIAL;7118;"TE PVC, ROSCAVEL, 90 GRAUS, 1 1/2"", AGUA FRIA PREDIAL";UN;32.39
MATERIAL;7098;"TE PVC, ROSCAVEL, 90 GRAUS, 1/2"", AGUA FRIA PREDIAL";UN;4.81
MATERIAL;7110;"TE PVC, ROSCAVEL, 90 GRAUS, 2"", AGUA FRIA PREDIAL";UN;61.57
MATERIAL;7123;"TE PVC, ROSCAVEL, 90 GRAUS, 3/4"", AGUA FRIA PREDIAL";UN;5.82
MATERIAL;7121;"TE PVC, SOLDAVEL, COM BUCHA DE LATAO NA BOLSA CENTRAL, 90 GRAUS, 20 MM X 1/2"", PARA AGUA FRIA PREDIAL";UN;11.51
MATERIAL;7137;"TE PVC, SOLDAVEL, COM BUCHA DE LATAO NA BOLSA CENTRAL, 90 GRAUS, 25 MM X 1/2"", PARA AGUA FRIA PREDIAL";UN;12.58
MATERIAL;7122;"TE PVC, SOLDAVEL, COM BUCHA DE LATAO NA BOLSA CENTRAL, 90 GRAUS, 25 MM X 3/4"", PARA AGUA FRIA PREDIAL";UN;13.84
MATERIAL;7114;"TE PVC, SOLDAVEL, COM BUCHA DE LATAO NA BOLSA CENTRAL, 90 GRAUS, 32 MM X 3/4"", PARA AGUA FRIA PREDIAL";UN;16.1
MATERIAL;7109;"TE PVC, SOLDAVEL, COM ROSCA NA BOLSA CENTRAL, 90 GRAUS, 20 MM X 1/2"", PARA AGUA FRIA PREDIAL";UN;3.19
MATERIAL;7135;"TE PVC, SOLDAVEL, COM ROSCA NA BOLSA CENTRAL, 90 GRAUS, 25 MM X 1/2"", PARA AGUA FRIA PREDIAL";UN;6.54
MATERIAL;37947;"TE PVC, SOLDAVEL, COM ROSCA NA BOLSA CENTRAL, 90 GRAUS, 25 MM X 3/4"", PARA AGUA FRIA PREDIAL";UN;5.31
MATERIAL;7103;"TE PVC, SOLDAVEL, COM ROSCA NA BOLSA CENTRAL, 90 GRAUS, 32 MM X 3/4"", PARA AGUA FRIA PREDIAL";UN;17.31
MATERIAL;40419;"TE RANHURADO EM FERRO FUNDIDO, DN 50 (2"")";UN;35.61
MATERIAL;40420;"TE RANHURADO EM FERRO FUNDIDO, DN 65 (2 1/2"")";UN;51.95
MATERIAL;40421;"TE RANHURADO EM FERRO FUNDIDO, DN 80 (3"")";UN;55.31
MATERIAL;38905;"TE ROSCA FEMEA, METALICO, PARA CONEXAO COM ANEL DESLIZANTE, DN 16 MM X 1/2"", EM TUBO PEX PARA INST. AGUA QUENTE/FRIA";UN;21.7
MATERIAL;38907;"TE ROSCA FEMEA, METALICO, PARA CONEXAO COM ANEL DESLIZANTE, DN 20 MM X 1/2"", EM TUBO PEX PARA INST. AGUA QUENTE/FRIA";UN;20.92
MATERIAL;38910;"TE ROSCA FEMEA, METALICO, PARA CONEXAO COM ANEL DESLIZANTE, DN 25 MM X 3/4"", EM TUBO PEX PARA INST. AGUA QUENTE/FRIA";UN;24.47
MATERIAL;11655;TE SANITARIO DE REDUCAO, PVC, DN 100 X 50 MM, SERIE NORMAL, PARA ESGOTO PREDIAL;UN;22.62
MATERIAL;11656;TE SANITARIO DE REDUCAO, PVC, DN 100 X 75 MM, SERIE NORMAL PARA ESGOTO PREDIAL;UN;25.97
MATERIAL;7091;TE SANITARIO, PVC, DN 100 X 100 MM, SERIE NORMAL, PARA ESGOTO PREDIAL;UN;21.27
MATERIAL;37948;TE SANITARIO, PVC, DN 40 X 40 MM, SERIE NORMAL, PARA ESGOTO PREDIAL;UN;4.93
MATERIAL;7097;TE SANITARIO, PVC, DN 50 X 50 MM, SERIE NORMAL, PARA ESGOTO PREDIAL;UN;9.99
MATERIAL;11658;TE SANITARIO, PVC, DN 75 X 75 MM, SERIE NORMAL PARA ESGOTO PREDIAL;UN;22.08
MATERIAL;7146;TE SOLDAVEL, PVC, 90 GRAUS, 110 MM, PARA AGUA FRIA PREDIAL (NBR 5648);UN;210.75
MATERIAL;7138;TE SOLDAVEL, PVC, 90 GRAUS, 20 MM, PARA AGUA FRIA PREDIAL (NBR 5648);UN;1.33
MATERIAL;7139;TE SOLDAVEL, PVC, 90 GRAUS, 25 MM, PARA AGUA FRIA PREDIAL (NBR 5648);UN;1.51
MATERIAL;7140;TE SOLDAVEL, PVC, 90 GRAUS, 32 MM, PARA AGUA FRIA PREDIAL (NBR 5648);UN;4.74
MATERIAL;7141;TE SOLDAVEL, PVC, 90 GRAUS, 40 MM, PARA AGUA FRIA PREDIAL (NBR 5648);UN;11.59
MATERIAL;7143;TE SOLDAVEL, PVC, 90 GRAUS, 60 MM, PARA AGUA FRIA PREDIAL (NBR 5648);UN;38.91
MATERIAL;7144;TE SOLDAVEL, PVC, 90 GRAUS, 75 MM, PARA AGUA FRIA PREDIAL (NBR 5648);UN;72.18
MATERIAL;7145;TE SOLDAVEL, PVC, 90 GRAUS, 85 MM, PARA AGUA FRIA PREDIAL (NBR 5648);UN;98.15
MATERIAL;7142;TE SOLDAVEL, PVC, 90 GRAUS,50 MM, PARA AGUA FRIA PREDIAL (NBR 5648);UN;12.12
MATERIAL;39322;TE, PLASTICO, DN 16 MM, PARA CONEXAO COM CRIMPAGEM, EM TUBO PEX PARA INST. AGUA QUENTE/FRIA;UN;10.32
MATERIAL;39289;TE, PLASTICO, DN 20 MM, PARA CONEXAO COM CRIMPAGEM, EM TUBO PEX PARA INST. AGUA QUENTE/FRIA;UN;19.24
MATERIAL;39290;TE, PLASTICO, DN 25 MM, PARA CONEXAO COM CRIMPAGEM, EM TUBO PEX PARA INST. AGUA QUENTE/FRIA;UN;32.49
MATERIAL;39291;TE, PLASTICO, DN 32 MM, PARA CONEXAO COM CRIMPAGEM, EM TUBO PEX PARA INST. AGUA QUENTE/FRIA;UN;35.93
MATERIAL;41892;TE, PVC PBA, BBB, 90 GRAUS, DN 100 / DE 110 MM, PARA REDE DE AGUA;UN;126.27
MATERIAL;7048;TE, PVC PBA, BBB, 90 GRAUS, DN 50 / DE 60 MM, PARA REDE DE AGUA;UN;27.25
MATERIAL;7088;TE, PVC PBA, BBB, 90 GRAUS, DN 75 / DE 85 MM, PARA REDE DE AGUA;UN;59.6
MATERIAL;7070;TE, PVC, 90 GRAUS, BBB, JE, DN 200 MM, PARA REDE COLETORA ESGOTO;UN;273.68
MATERIAL;20179;TE, PVC, SERIE R, 100 X 100 MM, PARA ESGOTO PREDIAL;UN;58.21
MATERIAL;20178;TE, PVC, SERIE R, 100 X 75 MM, PARA ESGOTO PREDIAL;UN;69.77
MATERIAL;20180;TE, PVC, SERIE R, 150 X 100 MM, PARA ESGOTO PREDIAL;UN;115.15
MATERIAL;20181;TE, PVC, SERIE R, 150 X 150 MM, PARA ESGOTO PREDIAL;UN;154.19
MATERIAL;20177;TE, PVC, SERIE R, 75 X 75 MM, PARA ESGOTO PREDIAL;UN;38.14
MAO DE OBRA;40945;TECNICO DE EDIFICACOES (HORISTA);H;63.49
MAO DE OBRA;40946;TECNICO DE EDIFICACOES (MENSALISTA);MES;11122.74
MAO DE OBRA;7153;TECNICO EM LABORATORIO E CAMPO DE CONSTRUCAO CIVIL (HORISTA);H;61.66
MAO DE OBRA;41089;TECNICO EM LABORATORIO E CAMPO DE CONSTRUCAO CIVIL (MENSALISTA);MES;10803.04
MAO DE OBRA;40943;TECNICO EM SEGURANCA DO TRABALHO (HORISTA);H;75.25
MAO DE OBRA;40944;TECNICO EM SEGURANCA DO TRABALHO (MENSALISTA);MES;13181.68
MAO DE OBRA;6175;TECNICO EM SONDAGEM (HORISTA);H;34.53
MAO DE OBRA;41092;TECNICO EM SONDAGEM (MENSALISTA);MES;6050.45
MATERIAL;37712;TELA ARAME GALVANIZADO REVESTIDO COM POLIMERO, MALHA HEXAGONAL DUPLA TORCAO, 8 X 10 CM (ZN/AL REVESTIDO COM POLIMERO), FIO *2,4* MM;M2;66.17
MATERIAL;34558;TELA DE ACO SOLDADA GALVANIZADA/ZINCADA PARA ALVENARIA, FIO D = *1,20 A 1,70* MM, MALHA 15 X 15 MM, (C X L) *50 X 10,5* CM;M;2.62
MATERIAL;34547;TELA DE ACO SOLDADA GALVANIZADA/ZINCADA PARA ALVENARIA, FIO D = *1,20 A 1,70* MM, MALHA 15 X 15 MM, (C X L) *50 X 12* CM;M;3.22
MATERIAL;34548;TELA DE ACO SOLDADA GALVANIZADA/ZINCADA PARA ALVENARIA, FIO D = *1,20 A 1,70* MM, MALHA 15 X 15 MM, (C X L) *50 X 17,5* CM;M;5.28
MATERIAL;34550;TELA DE ACO SOLDADA GALVANIZADA/ZINCADA PARA ALVENARIA, FIO D = *1,20 A 1,70* MM, MALHA 15 X 15 MM, (C X L) *50 X 6* CM;M;1.39
MATERIAL;34557;TELA DE ACO SOLDADA GALVANIZADA/ZINCADA PARA ALVENARIA, FIO D = *1,20 A 1,70* MM, MALHA 15 X 15 MM, (C X L) *50 X 7,5* CM;M;2.04
MATERIAL;37411;TELA DE ACO SOLDADA GALVANIZADA/ZINCADA PARA ALVENARIA, FIO D = *1,24 MM, MALHA 25 X 25 MM;M2;14.92
MATERIAL;39508;TELA DE ACO SOLDADA NERVURADA, CA-60, L-159, (1,69 KG/M2), DIAMETRO DO FIO = 4,5 MM, LARGURA = 2,45 M, ESPACAMENTO DA MALHA = 30 X 10 CM;M2;8.38
MATERIAL;39507;TELA DE ACO SOLDADA NERVURADA, CA-60, Q-113, (1,8 KG/M2), DIAMETRO DO FIO = 3,8 MM, LARGURA = 2,45 M, ESPACAMENTO DA MALHA = 10 X 10 CM;M2;12.5
MATERIAL;7155;TELA DE ACO SOLDADA NERVURADA, CA-60, Q-138, (2,20 KG/M2), DIAMETRO DO FIO = 4,2 MM, LARGURA = 2,45 M, ESPACAMENTO DA MALHA = 10 X 10 CM;M2;16.05
MATERIAL;42406;TELA DE ACO SOLDADA NERVURADA, CA-60, Q-159, (2,52 KG/M2), DIAMETRO DO FIO = 4,5 MM, LARGURA = 2,45 M, ESPACAMENTO DA MALHA = 10 X 10 CM;M2;18.4
MATERIAL;7156;TELA DE ACO SOLDADA NERVURADA, CA-60, Q-196, (3,11 KG/M2), DIAMETRO DO FIO = 5,0 MM, LARGURA = 2,45 M, ESPACAMENTO DA MALHA = 10 X 10 CM;M2;23.03
MATERIAL;43127;TELA DE ACO SOLDADA NERVURADA, CA-60, Q-283 (4,48 KG/M2), DIAMETRO DO FIO = 6,0 MM, LARGURA = 2,45 X 6,00 M DE COMPRIMENTO, ESPACAMENTO DA MALHA = 10 X 10 CM;M2;32.96
MATERIAL;10917;TELA DE ACO SOLDADA NERVURADA, CA-60, Q-61, (0,97 KG/M2), DIAMETRO DO FIO = 3,4 MM, LARGURA = 2,45 M, ESPACAMENTO DA MALHA = 15 X 15 CM;M2;6.95
MATERIAL;21141;TELA DE ACO SOLDADA NERVURADA, CA-60, Q-92, (1,48 KG/M2), DIAMETRO DO FIO = 4,2 MM, LARGURA = 2,45 X 60 M DE COMPRIMENTO, ESPACAMENTO DA MALHA = 15 X 15 CM;M2;10.77
MATERIAL;39509;TELA DE ACO SOLDADA NERVURADA, CA-60, T-196, (2,11 KG/M2), DIAMETRO DO FIO = 5,0 MM, LARGURA = 2,45 M, ESPACAMENTO DA MALHA = 30 X 10 CM;M2;10.36
MATERIAL;44529;TELA DE ANIAGEM (JUTA);M2;20.96
MATERIAL;7167;TELA DE ARAME GALVANIZADA QUADRANGULAR / LOSANGULAR, FIO 2,11 MM (14 BWG), MALHA 5 X 5 CM, H = 2 M;M2;26.55
MATERIAL;10928;TELA DE ARAME GALVANIZADA QUADRANGULAR / LOSANGULAR, FIO 2,11 MM (14 BWG), MALHA 8 X 8 CM, H = 2 M;M2;15.26
MATERIAL;10933;TELA DE ARAME GALVANIZADA QUADRANGULAR / LOSANGULAR, FIO 2,77 MM (12 BWG), MALHA 10 X 10 CM, H = 2 M;M2;23.01
MATERIAL;7158;TELA DE ARAME GALVANIZADA QUADRANGULAR / LOSANGULAR, FIO 2,77 MM (12 BWG), MALHA 5 X 5 CM, H = 2 M;M2;39.03
MATERIAL;10927;TELA DE ARAME GALVANIZADA QUADRANGULAR / LOSANGULAR, FIO 2,77 MM (12 BWG), MALHA 8 X 8 CM, H = 2 M;M2;24.96
MATERIAL;7162;TELA DE ARAME GALVANIZADA QUADRANGULAR / LOSANGULAR, FIO 3,4 MM (10 BWG), MALHA 5 X 5 CM, H = 2 M;M2;61.08
MATERIAL;10932;TELA DE ARAME GALVANIZADA QUADRANGULAR / LOSANGULAR, FIO 4,19 MM (8 BWG), MALHA 5 X 5 CM, H = 2 M;M2;106.23
MATERIAL;10937;TELA DE ARAME GALVANIZADA REVESTIDA EM PVC, QUADRANGULAR / LOSANGULAR, FIO 2,11 MM (14 BWG), BITOLA FINAL = *2,8* MM, MALHA *8 X 8* CM, H = 2 M;M2;27.3
MATERIAL;10935;TELA DE ARAME GALVANIZADA REVESTIDA EM PVC, QUADRANGULAR / LOSANGULAR, FIO 2,77 MM (12 BWG), BITOLA FINAL = *3,8* MM, MALHA 7,5 X 7,5 CM, H = 2 M;M2;47.36
MATERIAL;10931;"TELA DE ARAME GALVANIZADA, HEXAGONAL, FIO 0,56 MM (24 BWG), MALHA 1/2"", H = 1 M";M2;13.32
MATERIAL;7164;TELA DE ARAME ONDULADA, FIO *2,77* MM (12 BWG), MALHA 5 X 5 CM, H = 2 M;M2;44.08
MATERIAL;36887;TELA DE FIBRA DE VIDRO, ACABAMENTO ANTI-ALCALINO, MALHA 10 X 10 MM;M2;9.06
MATERIAL;34630;TELA EM MALHA HEXAGONAL DE DUPLA TORCAO 8 X 10 CM (ZN/AL REVESTIDO COM POLIMERO), FIO 2,7 MM, COM GEOMANTA OU BIOMANTA, DIMENSOES 4,0 X 2,0 X 0,6 M, COM INCLINACAO DE 70 GRAUS, PARA SOLO REFORCADO;UN;1075.38
MATERIAL;7161;TELA EM METAL PARA ESTUQUE (DEPLOYE);M2;5.48
MATERIAL;7170;TELA FACHADEIRA EM POLIETILENO, ROLO DE 3 X 100 M (L X C), COR BRANCA, SEM LOGOMARCA - PARA PROTECAO DE OBRAS;M2;2.19
MATERIAL;37524;TELA PLASTICA LARANJA, TIPO TAPUME PARA SINALIZACAO, MALHA RETANGULAR, ROLO 1.20 X 50 M (L X C);M;2
MATERIAL;37525;TELA PLASTICA TECIDA LISTRADA BRANCA E LARANJA, TIPO GUARDA CORPO, EM POLIETILENO MONOFILADO, ROLO 1,20 X 50 M (L X C);M;2.73
MATERIAL;36789;TELHA CERAMICA TIPO AMERICANA, COMPRIMENTO DE *45* CM, RENDIMENTO DE *12* TELHAS/M2;UN;5.49
MATERIAL;7173;TELHA DE BARRO / CERAMICA, NAO ESMALTADA, TIPO COLONIAL, CANAL, PLAN, PAULISTA, COMPRIMENTO DE *44 A 50* CM, RENDIMENTO DE COBERTURA DE *26* TELHAS/M2;MIL;3550
MATERIAL;7175;TELHA DE BARRO / CERAMICA, NAO ESMALTADA, TIPO ROMANA, AMERICANA, PORTUGUESA, FRANCESA, COMPRIMENTO DE *41* CM, RENDIMENTO DE *16* TELHAS/M2;UN;4.01
MATERIAL;40741;TELHA DE CONCRETO TIPO CLASSICA, COR CINZA, COMPRIMENTO DE *42* CM, RENDIMENTO DE *10* TELHAS/M2;UN;3.52
MATERIAL;7184;TELHA DE FIBRA DE VIDRO ONDULADA, TRANSLUCIDA / INCOLOR, E = *0,6* MM, DE *0,50 X 2,44* M (L X C);M2;40.61
MATERIAL;34458;TELHA DE FIBROCIMENTO E = 6 MM, DE 3,00 X 1,06 M (SEM AMIANTO);UN;148.02
MATERIAL;34464;TELHA DE FIBROCIMENTO E = 6 MM, DE 4,10 X 1,06 M (SEM AMIANTO);UN;220.34
MATERIAL;34468;TELHA DE FIBROCIMENTO E = 6 MM, DE 4,60 X 1,06 M (SEM AMIANTO);UN;277.78
MATERIAL;34473;TELHA DE FIBROCIMENTO E = 8 MM, DE 3,00 X 1,06 M (SEM AMIANTO);UN;168.51
MATERIAL;34480;TELHA DE FIBROCIMENTO E = 8 MM, DE 4,10 X 1,06 M (SEM AMIANTO);UN;311.41
MATERIAL;34486;TELHA DE FIBROCIMENTO E = 8 MM, DE 4,60 X 1,06 M (SEM AMIANTO);UN;368.7
MATERIAL;7190;TELHA DE FIBROCIMENTO ONDULADA E = 4 MM, DE 1,22 X 0,50 M (SEM AMIANTO);UN;12.31
MATERIAL;34417;TELHA DE FIBROCIMENTO ONDULADA E = 4 MM, DE 2,13 X 0,50 M (SEM AMIANTO);UN;19.7
MATERIAL;7213;TELHA DE FIBROCIMENTO ONDULADA E = 4 MM, DE 2,44 X 0,50 M (SEM AMIANTO);M2;18.06
MATERIAL;7195;TELHA DE FIBROCIMENTO ONDULADA E = 6 MM, DE 1,53 X 1,10 M (SEM AMIANTO);UN;53.04
MATERIAL;7186;TELHA DE FIBROCIMENTO ONDULADA E = 6 MM, DE 1,83 X 1,10 M (SEM AMIANTO);UN;57.78
MATERIAL;7194;TELHA DE FIBROCIMENTO ONDULADA E = 6 MM, DE 2,44 X 1,10 M (SEM AMIANTO);M2;26.64
MATERIAL;7197;TELHA DE FIBROCIMENTO ONDULADA E = 6 MM, DE 3,66 X 1,10 M (SEM AMIANTO);UN;112.44
MATERIAL;7192;TELHA DE FIBROCIMENTO ONDULADA E = 8 MM, DE 1,53 X 1,10 M (SEM AMIANTO);UN;100.74
MATERIAL;7193;TELHA DE FIBROCIMENTO ONDULADA E = 8 MM, DE 1,83 X 1,10 M (SEM AMIANTO);UN;113.41
MATERIAL;7189;TELHA DE FIBROCIMENTO ONDULADA E = 8 MM, DE 2,44 X 1,10 M (SEM AMIANTO);UN;131.8
MATERIAL;34402;TELHA DE FIBROCIMENTO ONDULADA E = 8 MM, DE 3,66 X 1,10 M (SEM AMIANTO);UN;186.07
MATERIAL;7245;TELHA DE VIDRO TIPO FRANCESA, *39 X 23* CM;UN;33.1
MATERIAL;34425;TELHA ESTRUTURAL DE FIBROCIMENTO 1 ABA, DE 0,52 X 2,00 M (SEM AMIANTO);UN;119.53
MATERIAL;7223;TELHA ESTRUTURAL DE FIBROCIMENTO 1 ABA, DE 0,52 X 2,50 M (SEM AMIANTO);UN;133.21
MATERIAL;7234;TELHA ESTRUTURAL DE FIBROCIMENTO 1 ABA, DE 0,52 X 3,60 M (SEM AMIANTO);UN;201.01
MATERIAL;7224;TELHA ESTRUTURAL DE FIBROCIMENTO 1 ABA, DE 0,52 X 4,00 M (SEM AMIANTO);UN;244.88
MATERIAL;7225;TELHA ESTRUTURAL DE FIBROCIMENTO 1 ABA, DE 0,52 X 5,00 M (SEM AMIANTO);UN;262.58
MATERIAL;7226;TELHA ESTRUTURAL DE FIBROCIMENTO 1 ABA, DE 0,52 X 5,50 M (SEM AMIANTO);UN;280.21
MATERIAL;7227;TELHA ESTRUTURAL DE FIBROCIMENTO 1 ABA, DE 0,52 X 6,50 M (SEM AMIANTO);UN;318.95
MATERIAL;7212;TELHA ESTRUTURAL DE FIBROCIMENTO 1 ABA, DE 0,52 X 7,20 M (SEM AMIANTO);UN;350.45
MATERIAL;7229;TELHA ESTRUTURAL DE FIBROCIMENTO 2 ABAS, DE 1,00 X 3,00 M (SEM AMIANTO);UN;222.14
MATERIAL;7230;TELHA ESTRUTURAL DE FIBROCIMENTO 2 ABAS, DE 1,00 X 4,60 M (SEM AMIANTO);UN;369.81
MATERIAL;7231;TELHA ESTRUTURAL DE FIBROCIMENTO 2 ABAS, DE 1,00 X 6,00 M (SEM AMIANTO);UN;524.61
MATERIAL;7220;TELHA ESTRUTURAL DE FIBROCIMENTO 2 ABAS, DE 1,00 X 7,40 M (SEM AMIANTO);UN;647.58
MATERIAL;34447;TELHA ESTRUTURAL DE FIBROCIMENTO 2 ABAS, DE 1,00 X 8,20 M (SEM AMIANTO);UN;724.09
MATERIAL;7233;TELHA ESTRUTURAL DE FIBROCIMENTO 2 ABAS, DE 1,00 X 9,20 M (SEM AMIANTO);UN;830.65
MATERIAL;40740;TELHA GALVALUME COM ISOLAMENTO TERMOACUSTICO EM ESPUMA RIGIDA DE POLIURETANO (PU) INJETADO, ESPESSURA DE 30 MM, DENSIDADE DE 35 KG/M3, REVESTIMENTO EM TELHA TRAPEZOIDAL NAS DUAS FACES COM ESPESSURA DE 0,50 MM CADA, ACABAMENTO NATURAL (NAO INCLUI ACESSORIOS DE FIXACAO);M2;181.27
MATERIAL;25007;TELHA ONDULADA EM ACO ZINCADO, ALTURA DE 17 MM, ESPESSURA DE 0,50 MM, LARGURA UTIL DE APROXIMADAMENTE 985 MM, SEM PINTURA;M2;51.87
MATERIAL;43071;TELHA TERMOISOLANTE REVESTIDA EM ACO GALVALUME, FACE SUPERIOR TRAPEZOIDAL E FACE INFERIOR PLANA (NAO INCLUI ACESSORIOS DE FIXACAO), REVEST COM ESPESSURA DE 0,50 MM, COM PRE-PINTURA DE COR BRANCA NAS DUAS FACES, NUCLEO EM POLIISOCIANURATO (PIR) COM ESPESSURA DE 50 MM;M2;204.11
MATERIAL;39520;TELHA TERMOISOLANTE REVESTIDA EM ACO GALVANIZADO, FACE SUPERIOR EM TELHA TRAPEZOIDAL E FACE INFERIOR EM CHAPA PLANA (SEM ACESSORIOS DE FIXACAO), REVESTIMENTO COM ESPESSURA DE 0,50 MM COM PRE-PINTURA NAS DUAS FACES, NUCLEO EM POLIESTIRENO (EPS) DE 30 MM;M2;166.52
MATERIAL;39521;TELHA TERMOISOLANTE REVESTIDA EM ACO GALVANIZADO, FACE SUPERIOR EM TELHA TRAPEZOIDAL E FACE INFERIOR EM CHAPA PLANA (SEM ACESSORIOS DE FIXACAO), REVESTIMENTO COM ESPESSURA DE 0,50 MM COM PRE-PINTURA NAS DUAS FACES, NUCLEO EM POLIESTIRENO (EPS) DE 50 MM;M2;171.96
MATERIAL;39522;TELHA TERMOISOLANTE REVESTIDA EM ACO GALVANIZADO, FACES SUPERIOR E INFERIOR EM TELHA TRAPEZOIDAL (SEM ACESSORIOS DE FIXACAO), REVESTIMENTO COM ESPESSURA DE 0,50 MM COM PRE-PINTURA NAS DUAS FACES, NUCLEO EM POLIESTIRENO (EPS) DE 50 MM;M2;177.57
MATERIAL;7243;TELHA TRAPEZOIDAL EM ACO ZINCADO, SEM PINTURA, ALTURA DE APROXIMADAMENTE 40 MM, ESPESSURA DE 0,50 MM E LARGURA UTIL DE 980 MM;M2;54.2
MATERIAL;7246;TELHA VIDRO TIPO CANAL OU COLONIAL, C = 46 A 50 CM;UN;36.55
MAO DE OBRA;12869;TELHADOR / TELHADISTA (HORISTA);H;27.39
MAO DE OBRA;41097;TELHADOR / TELHADISTA (MENSALISTA);MES;4797.83
MATERIAL;1574;TERMINAL A COMPRESSAO EM COBRE ESTANHADO PARA CABO 10 MM2, 1 FURO E 1 COMPRESSAO, PARA PARAFUSO DE FIXACAO M6;UN;1.76
MATERIAL;1581;TERMINAL A COMPRESSAO EM COBRE ESTANHADO PARA CABO 120 MM2, 1 FURO E 1 COMPRESSAO, PARA PARAFUSO DE FIXACAO M12;UN;12.23
MATERIAL;1575;TERMINAL A COMPRESSAO EM COBRE ESTANHADO PARA CABO 16 MM2, 1 FURO E 1 COMPRESSAO, PARA PARAFUSO DE FIXACAO M6;UN;2.09
MATERIAL;1570;TERMINAL A COMPRESSAO EM COBRE ESTANHADO PARA CABO 2,5 MM2, 1 FURO E 1 COMPRESSAO, PARA PARAFUSO DE FIXACAO M5;UN;1.05
MATERIAL;1576;TERMINAL A COMPRESSAO EM COBRE ESTANHADO PARA CABO 25 MM2, 1 FURO E 1 COMPRESSAO, PARA PARAFUSO DE FIXACAO M8;UN;2.9
MATERIAL;1577;TERMINAL A COMPRESSAO EM COBRE ESTANHADO PARA CABO 35 MM2, 1 FURO E 1 COMPRESSAO, PARA PARAFUSO DE FIXACAO M8;UN;3.27
MATERIAL;1571;TERMINAL A COMPRESSAO EM COBRE ESTANHADO PARA CABO 4 MM2, 1 FURO E 1 COMPRESSAO, PARA PARAFUSO DE FIXACAO M5;UN;1.37
MATERIAL;1578;TERMINAL A COMPRESSAO EM COBRE ESTANHADO PARA CABO 50 MM2, 1 FURO E 1 COMPRESSAO, PARA PARAFUSO DE FIXACAO M8;UN;5.67
MATERIAL;1573;TERMINAL A COMPRESSAO EM COBRE ESTANHADO PARA CABO 6 MM2, 1 FURO E 1 COMPRESSAO, PARA PARAFUSO DE FIXACAO M6;UN;1.63
MATERIAL;1579;TERMINAL A COMPRESSAO EM COBRE ESTANHADO PARA CABO 70 MM2, 1 FURO E 1 COMPRESSAO, PARA PARAFUSO DE FIXACAO M10;UN;7.06
MATERIAL;1580;TERMINAL A COMPRESSAO EM COBRE ESTANHADO PARA CABO 95 MM2, 1 FURO E 1 COMPRESSAO, PARA PARAFUSO DE FIXACAO M12;UN;8.7
MATERIAL;39321;TERMINAL DE VENTILACAO, 100 MM, SERIE NORMAL, ESGOTO PREDIAL;UN;29.16
MATERIAL;39319;TERMINAL DE VENTILACAO, 50 MM, SERIE NORMAL, ESGOTO PREDIAL;UN;12.14
MATERIAL;39320;TERMINAL DE VENTILACAO, 75 MM, SERIE NORMAL, ESGOTO PREDIAL;UN;23.33
MATERIAL;1542;TERMINAL METALICO A PRESSAO 1 CABO, PARA CABOS DE 4 A 10 MM2, COM 2 FUROS PARA FIXACAO;UN;24.1
MATERIAL;1591;TERMINAL METALICO A PRESSAO PARA 1 CABO DE 120 MM2, COM 1 FURO DE FIXACAO;UN;26.98
MATERIAL;1547;TERMINAL METALICO A PRESSAO PARA 1 CABO DE 150 A 185 MM2, COM 2 FUROS PARA FIXACAO;UN;141.36
MATERIAL;38196;TERMINAL METALICO A PRESSAO PARA 1 CABO DE 150 MM2, COM 1 FURO DE FIXACAO;UN;27.53
MATERIAL;1543;TERMINAL METALICO A PRESSAO PARA 1 CABO DE 16 A 25 MM2, COM 2 FUROS PARA FIXACAO;UN;29.26
MATERIAL;1585;TERMINAL METALICO A PRESSAO PARA 1 CABO DE 16 MM2, COM 1 FURO DE FIXACAO;UN;5.67
MATERIAL;1593;TERMINAL METALICO A PRESSAO PARA 1 CABO DE 185 MM2, COM 1 FURO DE FIXACAO;UN;30.09
MATERIAL;11838;TERMINAL METALICO A PRESSAO PARA 1 CABO DE 240 MM2, COM 1 FURO DE FIXACAO;UN;39.7
MATERIAL;1594;TERMINAL METALICO A PRESSAO PARA 1 CABO DE 25 A 35 MM2, COM 2 FUROS PARA FIXACAO;UN;40.14
MATERIAL;1586;TERMINAL METALICO A PRESSAO PARA 1 CABO DE 25 MM2, COM 1 FURO DE FIXACAO;UN;7.17
MATERIAL;11839;TERMINAL METALICO A PRESSAO PARA 1 CABO DE 300 MM2, COM 1 FURO DE FIXACAO;UN;57.77
MATERIAL;1587;TERMINAL METALICO A PRESSAO PARA 1 CABO DE 35 MM2, COM 1 FURO DE FIXACAO;UN;7.3
MATERIAL;1545;TERMINAL METALICO A PRESSAO PARA 1 CABO DE 50 A 70 MM2, COM 2 FUROS PARA FIXACAO;UN;69.32
MATERIAL;1588;TERMINAL METALICO A PRESSAO PARA 1 CABO DE 50 MM2, COM 1 FURO DE FIXACAO;UN;10.02
MATERIAL;1535;TERMINAL METALICO A PRESSAO PARA 1 CABO DE 6 A 10 MM2, COM 1 FURO DE FIXACAO;UN;5.77
MATERIAL;1589;TERMINAL METALICO A PRESSAO PARA 1 CABO DE 70 MM2, COM 1 FURO DE FIXACAO;UN;10.33
MATERIAL;1546;TERMINAL METALICO A PRESSAO PARA 1 CABO DE 95 A 120 MM2, COM 2 FUROS PARA FIXACAO;UN;116.98
MATERIAL;1590;TERMINAL METALICO A PRESSAO PARA 1 CABO DE 95 MM2, COM 1 FURO DE FIXACAO;UN;18.19
EQUIPAMENTO (AQUISIÇÃO);38415;TERMOFUSORA PARA TUBOS E CONEXOES EM PPR COM DIAMETROS DE 20 A 63 MM, POTENCIA DE 800 W, TENSAO 220 V;UN;545.75
EQUIPAMENTO (AQUISIÇÃO);38414;TERMOFUSORA PARA TUBOS E CONEXOES EM PPR COM DIAMETROS DE 75 A 110 MM, POTENCIA DE *1100* W, TENSAO 220 V;UN;696.14
MATERIAL;38128;TERRA VEGETAL (ENSACADA);KG;1.1
MATERIAL;7253;TERRA VEGETAL (GRANEL);M3;235.71
MATERIAL;4806;TESTEIRA ANTIDERRAPANTE PARA PISO VINILICO *5 X 2,5* CM, E = 2 MM;M;18.19
MATERIAL;34401;TIJOLO CERAMICO LAMINADO DE *5,5 X 11 X 23* CM (L X A X C), COM 21 FUROS;UN;1.72
MATERIAL;7256;TIJOLO CERAMICO MACICO APARENTE 2 FUROS DE *6,5 X 10 X 20* CM (L X A X C);UN;1.23
MATERIAL;7260;TIJOLO CERAMICO MACICO APARENTE DE *6 X 12 X 24* CM (L X A X C);UN;2.32
MATERIAL;7258;TIJOLO CERAMICO MACICO COMUM DE *5 X 10 X 20* CM (L X A X C);UN;0.6
MATERIAL;34400;TIJOLO CERAMICO REFRATARIO DE *2,5 X 11,4 X 22,9* CM (L X A X C);UN;4.78
MATERIAL;10617;TIJOLO CERAMICO REFRATARIO DE *6,3 X 11,4 X 22,9* CM (L X A X C);UN;6.16
MATERIAL;44261;TIL CONDOMINIAL, PVC, DN 100 X 100 MM, PARA REDE COLETORA DE ESGOTO;UN;193.77
MATERIAL;7274;TIL PARA LIGACAO PREDIAL, EM PVC, JE, BBB, DN 100 X 100 MM, PARA REDE COLETORA ESGOTO;UN;93.81
MATERIAL;44326;TIL RADIAL, PVC, JE, BBB, DN 300 X 200 MM, PARA REDE COLETORA DE ESGOTO (NBR 10.569);UN;2026.08
MATERIAL;154;TINTA / REVESTIMENTO A BASE DE RESINA EPOXI COM ALCATRAO, BICOMPONENTE;L;70.26
MATERIAL;38121;TINTA A BASE DE RESINA ACRILICA EMULSIONADA EM AGUA, PARA SINALIZACAO HORIZONTAL VIARIA (NBR 13699:2012);L;23.72
MATERIAL;43776;TINTA A OLEO BRILHANTE, PARA MADEIRAS E METAIS;L;29.22
MATERIAL;7343;TINTA ACRILICA A BASE DE SOLVENTE, PARA SINALIZACAO HORIZONTAL VIARIA (NBR 11862);L;34.89
MATERIAL;7348;TINTA ACRILICA PREMIUM PARA PISO;L;21.64
MATERIAL;7313;TINTA ASFALTICA IMPERMEABILIZANTE DILUIDA EM SOLVENTE, PARA MATERIAIS CIMENTICIOS, METAL E MADEIRA;L;21.32
MATERIAL;7319;TINTA ASFALTICA IMPERMEABILIZANTE DISPERSA EM AGUA, PARA MATERIAIS CIMENTICIOS;L;12.2
MATERIAL;7314;TINTA BORRACHA CLORADA, ACABAMENTO SEMIBRILHO, QUALQUER COR;L;82.92
MATERIAL;7304;TINTA EPOXI BASE AGUA PREMIUM, BRANCA;L;86.59
MATERIAL;43649;TINTA ESMALTE BASE AGUA PREMIUM ACETINADO;L;44.78
MATERIAL;43650;TINTA ESMALTE BASE AGUA PREMIUM BRILHANTE;L;42.32
MATERIAL;7311;TINTA ESMALTE SINTETICO PREMIUM ACETINADO;L;43.35
MATERIAL;7292;TINTA ESMALTE SINTETICO PREMIUM BRILHANTE;L;41.97
MATERIAL;7293;TINTA ESMALTE SINTETICO PREMIUM DE DUPLA ACAO GRAFITE FOSCO PARA SUPERFICIES METALICAS FERROSAS;L;46.43
MATERIAL;7306;TINTA ESMALTE SINTETICO PREMIUM DE EFEITO PROTETOR DE SUPERFICIE METALICA ALUMINIO;L;51.24
MATERIAL;7288;TINTA ESMALTE SINTETICO PREMIUM FOSCO;L;42.55
MATERIAL;43625;TINTA ESMALTE SINTETICO STANDARD ACETINADO;L;34.35
MATERIAL;43647;TINTA ESMALTE SINTETICO STANDARD BRILHANTE;L;31.2
MATERIAL;43648;TINTA ESMALTE SINTETICO STANDARD FOSCO;L;30.11
MATERIAL;35693;TINTA LATEX ACRILICA ECONOMICA, COR BRANCA;L;13.46
MATERIAL;7356;TINTA LATEX ACRILICA PREMIUM, COR BRANCO FOSCO;L;32.26
MATERIAL;35692;TINTA LATEX ACRILICA STANDARD, COR BRANCA;L;21.11
MATERIAL;43624;TINTA LATEX ACRILICA SUPER PREMIUM, COR BRANCO FOSCO;L;39.32
MATERIAL;7342;TINTA MINERAL IMPERMEAVEL EM PO, BRANCA;KG;2.34
MATERIAL;7350;TINTA/RESINA ACRILICA PREMIUM PARA CERAMICA, PEDRAS E OUTROS;L;46.56
MATERIAL;39574;TIRANTE COM ELO, EM ARAME GALVANIZADO RIGIDO, NUMERO 10, COMPRIMENTO 2000 MM, PARA PENDURAL DE FORRO REMOVIVEL;UN;3.61
MATERIAL;11060;"TIRANTE EM FERRO GALVANIZADO PARA CONTRAVENTAMENTO DE TELHA CANALETE 90, 1/4"" X 400 MM";UN;40.34
MATERIAL;37401;TOALHEIRO PLASTICO TIPO DISPENSER PARA PAPEL TOALHA INTERFOLHADO;UN;57.6
MATERIAL;38101;TOMADA 2P+T 10A, 250V (APENAS MODULO);UN;8.42
MATERIAL;7528;"TOMADA 2P+T 10A, 250V, CONJUNTO MONTADO PARA EMBUTIR 4"" X 2"" (PLACA + SUPORTE + MODULO)";UN;9.9
MATERIAL;12147;"TOMADA 2P+T 10A, 250V, CONJUNTO MONTADO PARA SOBREPOR 4"" X 2"" (CAIXA + MODULO)";UN;15.09
MATERIAL;38075;"TOMADA 2P+T 20A 250V, CONJUNTO MONTADO PARA EMBUTIR 4"" X 2"" (PLACA + SUPORTE + MODULO)";UN;17.15
MATERIAL;38102;TOMADA 2P+T 20A, 250V (APENAS MODULO);UN;10.78
MATERIAL;7525;TOMADA INDUSTRIAL DE EMBUTIR 3P+T 30 A, 440 V, COM TRAVA, COM PLACA;UN;48.74
MATERIAL;7524;TOMADA INDUSTRIAL DE EMBUTIR 3P+T 30 A, 440 V, COM TRAVA, SEM PLACA;UN;45.93
MATERIAL;38105;TOMADA PARA ANTENA DE TV, CABO COAXIAL DE 9 MM (APENAS MODULO);UN;11.8
MATERIAL;38084;"TOMADA PARA ANTENA DE TV, CABO COAXIAL DE 9 MM, CONJUNTO MONTADO PARA EMBUTIR 4"" X 2"" (PLACA + SUPORTE + MODULO)";UN;16.76
MATERIAL;38103;TOMADA RJ11, 2 FIOS (APENAS MODULO);UN;17.71
MATERIAL;38082;"TOMADA RJ11, 2 FIOS, CONJUNTO MONTADO PARA EMBUTIR 4"" X 2"" (PLACA + SUPORTE + MODULO)";UN;21.82
MATERIAL;38104;TOMADA RJ45, 8 FIOS, CAT 5E (APENAS MODULO);UN;34.68
MATERIAL;38083;"TOMADA RJ45, 8 FIOS, CAT 5E, CONJUNTO MONTADO PARA EMBUTIR 4"" X 2"" (PLACA + SUPORTE + MODULO)";UN;38.51
MATERIAL;38076;"TOMADAS (2 MODULOS) 2P+T 10A, 250V, CONJUNTO MONTADO PARA EMBUTIR 4"" X 2"" (PLACA + SUPORTE + MODULOS)";UN;19.22
MAO DE OBRA;7592;TOPOGRAFO (HORISTA);H;80.37
MAO DE OBRA;40820;TOPOGRAFO (MENSALISTA);MES;14077.15
MATERIAL;11826;"TORNEIRA DE BOIA BALAO METALICO, VAZAO TOTAL, PARA CAIXA D'AGUA, AGUA QUENTE, ROSCA 1/2"", COM HASTE, TORNEIRA E BALAO METALICOS";UN;93.25
MATERIAL;7606;"TORNEIRA DE BOIA BALAO METALICO, VAZAO TOTAL, PARA CAIXA D'AGUA, AGUA QUENTE, ROSCA 3/4"", COM HASTE, TORNEIRA E BALAO METALICOS";UN;112.14
MATERIAL;11825;"TORNEIRA DE BOIA CONVENCIONAL PARA CAIXA D'AGUA, 1"", AGUA FRIA, COM HASTE E TORNEIRA METALICOS E BALAO PLASTICO";UN;117.97
MATERIAL;11767;"TORNEIRA DE BOIA CONVENCIONAL PARA CAIXA D'AGUA, 2"", AGUA FRIA, COM HASTE E TORNEIRA METALICOS E BALAO PLASTICO";UN;314.2
MATERIAL;11763;"TORNEIRA DE BOIA CONVENCIONAL PARA CAIXA D'AGUA, AGUA FRIA, 1.1/2"", COM HASTE E TORNEIRA METALICOS E BALAO PLASTICO";UN;244.89
MATERIAL;11764;"TORNEIRA DE BOIA CONVENCIONAL PARA CAIXA D'AGUA, AGUA FRIA, 1.1/4"", COM HASTE E TORNEIRA METALICOS E BALAO PLASTICO";UN;200.92
MATERIAL;11829;"TORNEIRA DE BOIA CONVENCIONAL PARA CAIXA D'AGUA, AGUA FRIA, 1/2"", COM HASTE E TORNEIRA METALICOS E BALAO PLASTICO";UN;48.56
MATERIAL;11830;"TORNEIRA DE BOIA CONVENCIONAL PARA CAIXA D'AGUA, AGUA FRIA, 3/4"", COM HASTE E TORNEIRA METALICOS E BALAO PLASTICO";UN;52.44
MATERIAL;11765;"TORNEIRA DE BOIA VAZAO TOTAL PARA CAIXA D'AGUA, AGUA FRIA, BITOLA 1"", COM HASTE E TORNEIRA METALICOS E BALAO PLASTICO";UN;133.9
MATERIAL;11766;"TORNEIRA DE BOIA VAZAO TOTAL PARA CAIXA D'AGUA, AGUA FRIA, BITOLA 1/2"", COM HASTE E TORNEIRA METALICOS E BALAO PLASTICO";UN;73.24
MATERIAL;11824;"TORNEIRA DE BOIA VAZAO TOTAL PARA CAIXA D'AGUA, AGUA FRIA, BITOLA 3/4"", COM HASTE E TORNEIRA METALICOS E BALAO PLASTICO";UN;86.15
MATERIAL;44045;TORNEIRA DE MESA PARA LAVATORIO, METALICA CROMADA, COM MISTURADOR MONOCOMANDO, BICA BAIXA;UN;321.18
MATERIAL;39702;TORNEIRA DE MESA PARA LAVATORIO, METALICA CROMADA, COM SENSOR DE APROXIMACAO ELETRICO, BIVOLT;UN;2133.05
MATERIAL;13415;"TORNEIRA DE MESA/BANCADA, PARA LAVATORIO, FIXA, METALICA CROMADA, PADRAO POPULAR, 1/2"" OU 3/4""";UN;70.03
MATERIAL;7602;"TORNEIRA DE METAL AMARELO, PARA TANQUE / JARDIM, DE PAREDE, COM BICO PLASTICO, CANO CURTO, AREA EXTERNA, PADRAO POPULAR / USO GERAL, 1/2"" OU 3/4""";UN;44.69
MATERIAL;7603;"TORNEIRA DE METAL AMARELO, PARA TANQUE / JARDIM, DE PAREDE, SEM BICO, CANO CURTO, PADRAO POPULAR / USO GERAL, 1/2"" OU 3/4""";UN;37.91
MATERIAL;11777;TORNEIRA ELETRICA DE PAREDE, PLASTICA, BICA ALTA, PARA COZINHA, 5500 W (110/220 V);UN;244.55
MATERIAL;13417;"TORNEIRA METALICA CROMADA CANO CURTO, SEM BICO, SEM AREJADOR, DE PAREDE, PARA TANQUE E USO GERAL, 1/2"" OU 3/4""";UN;91.21
MATERIAL;36791;TORNEIRA METALICA CROMADA DE MESA PARA LAVATORIO, BICA ALTA, COM AREJADOR;UN;136.89
MATERIAL;36795;TORNEIRA METALICA CROMADA DE MESA PARA LAVATORIO, COM SENSOR DE PRESENCA A PILHA, COM AREJADOR EMBUTIDO;UN;1730.78
MATERIAL;36796;TORNEIRA METALICA CROMADA DE MESA, PARA LAVATORIO, TEMPORIZADA PRESSAO FECHAMENTO AUTOMATICO, BICA BAIXA;UN;143.82
MATERIAL;36792;TORNEIRA METALICA CROMADA DE PAREDE LONGA PARA LAVATORIO, COM AREJADOR, ACIONAMENTO ALAVANCA, 1/4 DE VOLTA;UN;182.19
MATERIAL;11773;"TORNEIRA METALICA CROMADA DE PAREDE, PARA COZINHA, BICA MOVEL, COM AREJADOR, 1/2"" OU 3/4""";UN;121.28
MATERIAL;11762;"TORNEIRA METALICA CROMADA PARA JARDIM / TANQUE, COM BICO PLASTICO, CANO LONGO, DE PAREDE, PADRAO POPULAR / USO GERAL, 1/2"" OU 3/4""";UN;57.52
MATERIAL;7604;"TORNEIRA METALICA CROMADA PARA TANQUE / JARDIM, SEM BICO, CANO LONGO, DE PAREDE, PADRAO POPULAR / USO GERAL, 1/2"" OU 3/4""";UN;48.71
MATERIAL;13984;"TORNEIRA METALICA CROMADA, CANO CURTO, COM AREJADOR, SEM BICO PLASTICO, DE PAREDE, PARA USO GERAL, 1/2"" OU 3/4""";UN;70.79
MATERIAL;11772;"TORNEIRA METALICA CROMADA, DE MESA/BANCADA, PARA COZINHA, BICA MOVEL, COM AREJADOR, 1/2"" OU 3/4""";UN;121.66
MATERIAL;13983;"TORNEIRA METALICA CROMADA, RETA, DE PAREDE, PARA COZINHA, COM AREJADOR, PADRAO POPULAR, 1/2"" OU 3/4""";UN;92.13
MATERIAL;13416;"TORNEIRA METALICA CROMADA, RETA, DE PAREDE, PARA COZINHA, SEM BICO, SEM AREJADOR, PADRAO POPULAR, 1/2"" OU 3/4""";UN;81.83
MATERIAL;40329;"TORNEIRA PLASTICA DE BOIA CONVENCIONAL PARA CAIXA DE AGUA, AGUA FRIA, 3/4"", COM HASTE METALICA E COM TORNEIRA E BALAO PLASTICOS (PADRAO POPULAR)";UN;30.43
MATERIAL;11823;"TORNEIRA PLASTICA DE BOIA PARA CAIXA DE DESCARGA, 1/2"", BALAO E TORNEIRA PLASTICOS, COM HASTE METALICA";UN;12.82
MATERIAL;11822;"TORNEIRA PLASTICA DE MESA, BICA MOVEL, PARA COZINHA 1/2""";UN;33.35
MATERIAL;11831;"TORNEIRA PLASTICA PARA TANQUE 1/2"" OU 3/4"" COM BICO PARA MANGUEIRA";UN;20.07
MATERIAL;45249;TORNO/MORSA DE BANCADA NUMERO 4;UN;172.32
MATERIAL;7613;TRANSFORMADOR TRIFASICO DE DISTRIBUICAO, POTENCIA DE 1000 KVA, TENSAO NOMINAL DE 15 KV, TENSAO SECUNDARIA DE 220/127V, EM OLEO ISOLANTE TIPO MINERAL;UN;122260.92
MATERIAL;7619;TRANSFORMADOR TRIFASICO DE DISTRIBUICAO, POTENCIA DE 112,5 KVA, TENSAO NOMINAL DE 15 KV, TENSAO SECUNDARIA DE 220/127V, EM OLEO ISOLANTE TIPO MINERAL;UN;18898.92
MATERIAL;12076;TRANSFORMADOR TRIFASICO DE DISTRIBUICAO, POTENCIA DE 15 KVA, TENSAO NOMINAL DE 15 KV, TENSAO SECUNDARIA DE 220/127V, EM OLEO ISOLANTE TIPO MINERAL;UN;8669.23
MATERIAL;7614;TRANSFORMADOR TRIFASICO DE DISTRIBUICAO, POTENCIA DE 150 KVA, TENSAO NOMINAL DE 15 KV, TENSAO SECUNDARIA DE 220/127V, EM OLEO ISOLANTE TIPO MINERAL;UN;23836.04
MATERIAL;7618;TRANSFORMADOR TRIFASICO DE DISTRIBUICAO, POTENCIA DE 1500 KVA, TENSAO NOMINAL DE 15 KV, TENSAO SECUNDARIA DE 220/127V, EM OLEO ISOLANTE TIPO MINERAL;UN;154594.67
MATERIAL;7620;TRANSFORMADOR TRIFASICO DE DISTRIBUICAO, POTENCIA DE 225 KVA, TENSAO NOMINAL DE 15 KV, TENSAO SECUNDARIA DE 220/127V, EM OLEO ISOLANTE TIPO MINERAL;UN;33438.46
MATERIAL;7610;TRANSFORMADOR TRIFASICO DE DISTRIBUICAO, POTENCIA DE 30 KVA, TENSAO NOMINAL DE 15 KV, TENSAO SECUNDARIA DE 220/127V, EM OLEO ISOLANTE TIPO MINERAL;UN;10588.84
MATERIAL;7615;TRANSFORMADOR TRIFASICO DE DISTRIBUICAO, POTENCIA DE 300 KVA, TENSAO NOMINAL DE 15 KV, TENSAO SECUNDARIA DE 220/127V, EM OLEO ISOLANTE TIPO MINERAL;UN;39011.53
MATERIAL;7617;TRANSFORMADOR TRIFASICO DE DISTRIBUICAO, POTENCIA DE 45 KVA, TENSAO NOMINAL DE 15 KV, TENSAO SECUNDARIA DE 220/127V, EM OLEO ISOLANTE TIPO MINERAL;UN;11827.3
MATERIAL;7616;TRANSFORMADOR TRIFASICO DE DISTRIBUICAO, POTENCIA DE 500 KVA, TENSAO NOMINAL DE 15 KV, TENSAO SECUNDARIA DE 220/127V, EM OLEO ISOLANTE TIPO MINERAL;UN;63660.63
MATERIAL;7611;TRANSFORMADOR TRIFASICO DE DISTRIBUICAO, POTENCIA DE 75 KVA, TENSAO NOMINAL DE 15 KV, TENSAO SECUNDARIA DE 220/127V, EM OLEO ISOLANTE TIPO MINERAL;UN;15295
MATERIAL;7612;TRANSFORMADOR TRIFASICO DE DISTRIBUICAO, POTENCIA DE 750 KVA, TENSAO NOMINAL DE 15 KV, TENSAO SECUNDARIA DE 220/127V, EM OLEO ISOLANTE TIPO MINERAL;UN;87321.44
ENCARGOS COMPLEMENTARES;37371;TRANSPORTE - HORISTA (COLETADO CAIXA - ENCARGOS COMPLEMENTARES);H;1.07
ENCARGOS COMPLEMENTARES;40861;TRANSPORTE - MENSALISTA (COLETADO CAIXA - ENCARGOS COMPLEMENTARES);MES;176.94
EQUIPAMENTO (AQUISIÇÃO);36509;TRATOR DE ESTEIRAS, POTENCIA 125 HP, PESO OPERACIONAL DE 12,9 T, COM LAMINA COM CAPACIDADE DE 2,7 M3;UN;1130275.16
EQUIPAMENTO (AQUISIÇÃO);7622;TRATOR DE ESTEIRAS, POTENCIA DE 100 HP, PESO OPERACIONAL DE 9,4 T, COM LAMINA COM CAPACIDADE DE 2,19 M3;UN;1079918
EQUIPAMENTO (AQUISIÇÃO);7624;TRATOR DE ESTEIRAS, POTENCIA DE 150 HP, PESO OPERACIONAL DE 16,7 T, COM RODA MOTRIZ ELEVADA E LAMINA COM CONTATO DE 3,18M3;UN;1400000
EQUIPAMENTO (AQUISIÇÃO);7625;TRATOR DE ESTEIRAS, POTENCIA DE 170 HP, PESO OPERACIONAL DE 19 T, COM LAMINA COM CAPACIDADE DE 5,2 M3;UN;1391437.18
EQUIPAMENTO (AQUISIÇÃO);7623;TRATOR DE ESTEIRAS, POTENCIA DE 347 HP, PESO OPERACIONAL DE 38,5 T, COM LAMINA COM CAPACIDADE DE 8,70M3;UN;4585785.54
EQUIPAMENTO (AQUISIÇÃO);36511;TRATOR DE PNEUS COM POTENCIA DE 122 CV, TRACAO 4 X 4, PESO COM LASTRO DE 4510 KG;UN;361588.76
EQUIPAMENTO (AQUISIÇÃO);7640;TRATOR DE PNEUS COM POTENCIA DE 85 CV, TRACAO 4 X 4, PESO COM LASTRO DE 4675 KG;UN;265000
MATERIAL;11572;TRAVA / PRENDEDOR DE PORTA, EM LATAO CROMADO, MONTADO EM PISO;UN;31.24
MATERIAL;36149;TRAVA-QUEDAS EM ACO PARA CORDA DE 12 MM, EXTENSOR DE 25 X 300 MM, COM MOSQUETAO TIPO GANCHO TRAVA DUPLA;UN;195.9
MATERIAL;42407;TRELICA NERVURADA (ESPACADOR), ALTURA = 120,0 MM, DIAMETRO DOS BANZOS INFERIORES E SUPERIOR = 6,0 MM, DIAMETRO DA DIAGONAL = 4,2 MM;M;5.25
MATERIAL;45200;TRENA COM FITA DE ACO DE 10 M X 25 MM (COMPRIMENTO X LARGURA);UN;27.6
MATERIAL;11581;TRILHO PANTOGRAFICO CONCAVO, TIPO U, EM ALUMINIO, COM DIMENSOES DE APROX *35 X 35* MM, PARA ROLDANA DE PORTA DE CORRER;M;20.62
MATERIAL;43605;TRILHO PANTOGRAFICO RETO, EM ALUMINIO, TIPO U, COM DIMENSOES DE *38 X 38* MM PARA PORTA DE CORRER;M;42.18
MATERIAL;11580;TRILHO QUADRADO FRISADO PARA RODIZIO (VERGALHAO MACICO), EM ALUMINIO, COM DIMENSOES DE *6 X 6* MM;M;8.27
MATERIAL;38386;"TRINCHA CERDAS GRIS 1.1/2"" (38 MM)";UN;6.94
MATERIAL;45231;"TRINCHA DE 1"" COM CERDAS SINTETICAS";UN;6.34
MATERIAL;45232;"TRINCHA DE 2"" COM CERDAS SINTETICAS";UN;11.16
MATERIAL;39848;"TUBO / MANGUEIRA PRETA EM POLIETILENO, LINHA PESADA OU REFORCADA, TIPO ESPAGUETE, PARA INJECAO DE CALDA DE CIMENTO, D = 1/2"", ESPESSURA 1,5 MM";M;2.01
MATERIAL;7667;"TUBO 26"" EM CHAPA PRETA, E= 3/16"", 147 KG/6 M";M;2896.24
MATERIAL;7660;"TUBO 30"" EM CHAPA PRETA, E= 1/4"", 175 KG/6 M";M;3692.02
MATERIAL;7676;"TUBO 30"" EM CHAPA PRETA, E= 3/8"", 177 KG/6 M";M;3734.22
MATERIAL;20999;TUBO ACO CARBONO COM COSTURA, NBR 5580, CLASSE L, DN = 15 MM, E = 2,25 MM, 1,06 KG/M;M;10.72
MATERIAL;21001;TUBO ACO CARBONO COM COSTURA, NBR 5580, CLASSE L, DN = 25 MM, E = 2,65 MM, 2,02 KG/M;M;20
MATERIAL;21003;TUBO ACO CARBONO COM COSTURA, NBR 5580, CLASSE L, DN = 40 MM, E = 3,0 MM, 3,34 KG/M;M;32.86
MATERIAL;21006;TUBO ACO CARBONO COM COSTURA, NBR 5580, CLASSE L, DN = 80 MM, E = 3,35 MM, 7,07 KG/M;M;69.75
MATERIAL;21019;TUBO ACO CARBONO COM COSTURA, NBR 5580, CLASSE M, DN = 25 MM, E = 3,35 MM, *2,50* KG//M;M;24.24
MATERIAL;21021;TUBO ACO CARBONO COM COSTURA, NBR 5580, CLASSE M, DN = 40 MM, E = 3,35 MM, *3,71* KG//M;M;38.32
MATERIAL;21024;TUBO ACO CARBONO COM COSTURA, NBR 5580, CLASSE M, DN = 80 MM, E = 4,05 MM, *8,47* KG/M;M;82.12
MATERIAL;40624;"TUBO ACO CARBONO SEM COSTURA 1 1/2"", E= *3,68 MM, SCHEDULE 40, 4,05 KG/M";M;79.96
MATERIAL;42575;"TUBO ACO CARBONO SEM COSTURA 1 1/4"", E= *3,56 MM, SCHEDULE 40, *3,38* KG/M";M;73.37
MATERIAL;42574;"TUBO ACO CARBONO SEM COSTURA 1"", E= *3,38 MM, SCHEDULE 40, *2,50* KG/M";M;54.75
MATERIAL;13127;"TUBO ACO CARBONO SEM COSTURA 1/2"", E= *2,77 MM, SCHEDULE 40, *1,27 KG/M";M;35.66
MATERIAL;13137;"TUBO ACO CARBONO SEM COSTURA 1/2"", E= *3,73 MM, SCHEDULE 80, *1,62 KG/M";M;47.33
MATERIAL;20989;"TUBO ACO CARBONO SEM COSTURA 14"", E= *11,13 MM, SCHEDULE 40, *94,55 KG/M";M;1695.54
MATERIAL;21147;"TUBO ACO CARBONO SEM COSTURA 2 1/2"", E = 5,16 MM, SCHEDULE 40 (8,62 KG/M)";M;158.97
MATERIAL;21148;"TUBO ACO CARBONO SEM COSTURA 2"", E= *3,91* MM, SCHEDULE 40, *5,43* KG/M";M;98.12
MATERIAL;20984;"TUBO ACO CARBONO SEM COSTURA 20"", E= *12,70 MM, SCHEDULE 30, *154,97 KG/M";M;3253.4
MATERIAL;13042;"TUBO ACO CARBONO SEM COSTURA 20"", E= *6,35 MM, SCHEDULE 10, *78,46 KG/M";M;1802.87
MATERIAL;42576;"TUBO ACO CARBONO SEM COSTURA 3"", E= *5,49 MM, SCHEDULE 40, *11,28* KG/M";M;200.15
MATERIAL;21150;"TUBO ACO CARBONO SEM COSTURA 3/4"", E= *2,87 MM, SCHEDULE 40, *1,69 KG/M";M;48.65
MATERIAL;13141;"TUBO ACO CARBONO SEM COSTURA 3/4"", E= *3,91 MM, SCHEDULE 80, *2,19 KG/M.";M;61.3
MATERIAL;21151;"TUBO ACO CARBONO SEM COSTURA 4"", E= *6,02 MM, SCHEDULE 40, *16,06 KG/M";M;291.22
MATERIAL;13142;"TUBO ACO CARBONO SEM COSTURA 4"", E= *8,56 MM, SCHEDULE 80, *22,31 KG/M";M;416.32
MATERIAL;42577;"TUBO ACO CARBONO SEM COSTURA 5"", E= *6,55 MM, SCHEDULE 40, *21,75* KG/M";M;456.82
MATERIAL;20994;"TUBO ACO CARBONO SEM COSTURA 6"", E= *10,97 MM, SCHEDULE 80, *42,56 KG/M";M;784.95
MATERIAL;7672;"TUBO ACO CARBONO SEM COSTURA 6"", E= 7,11 MM, SCHEDULE 40, *28,26 KG/M";M;514.22
MATERIAL;20995;"TUBO ACO CARBONO SEM COSTURA 8"", E= *12,70 MM, SCHEDULE 80, *64,64 KG/M";M;1031.56
MATERIAL;7690;"TUBO ACO CARBONO SEM COSTURA 8"", E= *6,35 MM, SCHEDULE 20, *33,27 KG/M";M;596.62
MATERIAL;20980;"TUBO ACO CARBONO SEM COSTURA 8"", E= *7,04 MM, SCHEDULE 30, *36,75 KG/M";M;650.86
MATERIAL;7661;"TUBO ACO CARBONO SEM COSTURA 8"", E= *8,18 MM, SCHEDULE 40, *42,55 KG/M";M;774.25
MATERIAL;21016;"TUBO ACO GALVANIZADO COM COSTURA, CLASSE LEVE, DN 100 MM (4""), E = 3,75 MM, *10,55* KG/M (NBR 5580)";M;161.63
MATERIAL;21008;"TUBO ACO GALVANIZADO COM COSTURA, CLASSE LEVE, DN 15 MM (1/2""), E = 2,25 MM, *1,2* KG/M (NBR 5580)";M;18.88
MATERIAL;21009;"TUBO ACO GALVANIZADO COM COSTURA, CLASSE LEVE, DN 20 MM (3/4""), E = 2,25 MM, *1,3* KG/M (NBR 5580)";M;24.58
MATERIAL;21010;"TUBO ACO GALVANIZADO COM COSTURA, CLASSE LEVE, DN 25 MM (1""), E = 2,65 MM, *2,11* KG/M (NBR 5580)";M;33.01
MATERIAL;21011;"TUBO ACO GALVANIZADO COM COSTURA, CLASSE LEVE, DN 32 MM (1 1/4""), E = 2,65 MM, *2,71* KG/M (NBR 5580)";M;48.11
MATERIAL;21012;"TUBO ACO GALVANIZADO COM COSTURA, CLASSE LEVE, DN 40 MM (1 1/2""), E = 3,00 MM, *3,48* KG/M (NBR 5580)";M;53.16
MATERIAL;21013;"TUBO ACO GALVANIZADO COM COSTURA, CLASSE LEVE, DN 50 MM (2""), E = 3,00 MM, *4,40* KG/M (NBR 5580)";M;69.38
MATERIAL;21014;"TUBO ACO GALVANIZADO COM COSTURA, CLASSE LEVE, DN 65 MM (2 1/2""), E = 3,35 MM, * 6,23* KG/M (NBR 5580)";M;97.08
MATERIAL;21015;"TUBO ACO GALVANIZADO COM COSTURA, CLASSE LEVE, DN 80 MM (3""), E = 3,35 MM, *7,32* KG/M (NBR 5580)";M;111.53
MATERIAL;40626;"TUBO ACO GALVANIZADO COM COSTURA, CLASSE MEDIA, DN 1"", E = 3,38 MM, PESO 2,50 KG/M (NBR 5580)";M;36.33
MATERIAL;7697;"TUBO ACO GALVANIZADO COM COSTURA, CLASSE MEDIA, DN 1.1/2"", E = *3,25* MM, PESO *3,61* KG/M (NBR 5580)";M;53.22
MATERIAL;7698;"TUBO ACO GALVANIZADO COM COSTURA, CLASSE MEDIA, DN 1.1/4"", E = *3,25* MM, PESO *3,14* KG/M (NBR 5580)";M;45.81
MATERIAL;7691;"TUBO ACO GALVANIZADO COM COSTURA, CLASSE MEDIA, DN 1/2"", E = *2,65* MM, PESO *1,22* KG/M (NBR 5580)";M;19.36
MATERIAL;7696;"TUBO ACO GALVANIZADO COM COSTURA, CLASSE MEDIA, DN 2"", E = *3,65* MM, PESO *5,10* KG/M (NBR 5580)";M;76.74
MATERIAL;7701;"TUBO ACO GALVANIZADO COM COSTURA, CLASSE MEDIA, DN 2.1/2"", E = *3,65* MM, PESO *6,51* KG/M (NBR 5580)";M;95.24
MATERIAL;7694;"TUBO ACO GALVANIZADO COM COSTURA, CLASSE MEDIA, DN 3"", E = *4,05* MM, PESO *8,47* KG/M (NBR 5580)";M;128.16
MATERIAL;7700;"TUBO ACO GALVANIZADO COM COSTURA, CLASSE MEDIA, DN 3/4"", E = *2,65* MM, PESO *1,58* KG/M (NBR 5580)";M;24.48
MATERIAL;7693;"TUBO ACO GALVANIZADO COM COSTURA, CLASSE MEDIA, DN 4"", E = 4,50* MM, PESO 12,10* KG/M (NBR 5580)";M;176.5
MATERIAL;7692;"TUBO ACO GALVANIZADO COM COSTURA, CLASSE MEDIA, DN 5"", E = *5,40* MM, PESO *17,80* KG/M (NBR 5580)";M;264.26
MATERIAL;7695;"TUBO ACO GALVANIZADO COM COSTURA, CLASSE MEDIA, DN 6"", E = 4,85* MM, PESO 19,68* KG/M (NBR 5580)";M;286.6
MATERIAL;13356;"TUBO ACO INDUSTRIAL DN 2"" (50,8 MM) E=1,50MM, PESO= 1,8237 KG/M";M;20.78
MATERIAL;36365;TUBO COLETOR DE ESGOTO PVC, JEI, DN 100 MM (NBR 7362);M;53.38
MATERIAL;41930;TUBO COLETOR DE ESGOTO PVC, JEI, DN 200 MM (NBR 7362);M;177.79
MATERIAL;41931;TUBO COLETOR DE ESGOTO PVC, JEI, DN 250 MM (NBR 7362);M;278.46
MATERIAL;41932;TUBO COLETOR DE ESGOTO PVC, JEI, DN 300 MM (NBR 7362);M;428.6
MATERIAL;41933;TUBO COLETOR DE ESGOTO PVC, JEI, DN 350 MM (NBR 7362);M;605.71
MATERIAL;41934;TUBO COLETOR DE ESGOTO PVC, JEI, DN 400 MM (NBR 7362);M;705.42
MATERIAL;41936;TUBO COLETOR DE ESGOTO, PVC, JEI, DN 150 MM (NBR 7362);M;104.69
MATERIAL;44812;TUBO CORRUGADO PEAD, PAREDE DUPLA, INTERNA LISA, JEI DN/DI 500 MM (DRENAGEM/ESGOTO);M;414.85
MATERIAL;41785;TUBO CORRUGADO PEAD, PAREDE DUPLA, INTERNA LISA, JEI, DN/DI *1000* MM, PARA SANEAMENTO (DRENAGEM/ESGOTO);M;1537.41
MATERIAL;41781;TUBO CORRUGADO PEAD, PAREDE DUPLA, INTERNA LISA, JEI, DN/DI *400* MM, PARA SANEAMENTO (DRENAGEM/ESGOTO);M;277.6
MATERIAL;41783;TUBO CORRUGADO PEAD, PAREDE DUPLA, INTERNA LISA, JEI, DN/DI *800* MM, PARA SANEAMENTO (DRENAGEM/ESGOTO);M;998.01
MATERIAL;41786;TUBO CORRUGADO PEAD, PAREDE DUPLA, INTERNA LISA, JEI, DN/DI 1200 MM, PARA SANEAMENTO (DRENAGEM/ESGOTO);M;2124.79
MATERIAL;41779;TUBO CORRUGADO PEAD, PAREDE DUPLA, INTERNA LISA, JEI, DN/DI 250 MM, PARA SANEAMENTO (DRENAGEM/ESGOTO);M;109.33
MATERIAL;41780;TUBO CORRUGADO PEAD, PAREDE DUPLA, INTERNA LISA, JEI, DN/DI 300 MM, PARA SANEAMENTO (DRENAGEM/ESGOTO);M;171.28
MATERIAL;41782;TUBO CORRUGADO PEAD, PAREDE DUPLA, INTERNA LISA, JEI, DN/DI 600 MM, PARA SANEAMENTO (DRENAGEM/ESGOTO);M;613.58
MATERIAL;38130;TUBO CPVC SOLDAVEL, 35 MM, AGUA QUENTE PREDIAL (NBR 15884);M;44.59
MATERIAL;44260;TUBO CPVC, SOLDAVEL, 114 MM, AGUA QUENTE (NBR 15884);M;422.07
MATERIAL;21123;TUBO CPVC, SOLDAVEL, 15 MM, AGUA QUENTE PREDIAL (NBR 15884);M;12.41
MATERIAL;21124;TUBO CPVC, SOLDAVEL, 22 MM, AGUA QUENTE PREDIAL (NBR 15884);M;19.82
MATERIAL;21125;TUBO CPVC, SOLDAVEL, 28 MM, AGUA QUENTE PREDIAL (NBR 15884);M;34.14
MATERIAL;38028;TUBO CPVC, SOLDAVEL, 42 MM, AGUA QUENTE PREDIAL (NBR 15884);M;59.7
MATERIAL;38029;TUBO CPVC, SOLDAVEL, 54 MM, AGUA QUENTE PREDIAL (NBR 15884);M;87.38
MATERIAL;38030;TUBO CPVC, SOLDAVEL, 73 MM, AGUA QUENTE PREDIAL (NBR 15884);M;141.29
MATERIAL;38031;TUBO CPVC, SOLDAVEL, 89 MM, AGUA QUENTE PREDIAL (NBR 15884);M;221.77
MATERIAL;39735;"TUBO DE BORRACHA ELASTOMERICA FLEXIVEL, PRETA, PARA ISOLAMENTO TERMICO DE TUBULACAO, DN 1 1/8"" (28 MM), E= 32 MM, COEFICIENTE DE CONDUTIVIDADE TERMICA 0,036W/MK, VAPOR DE AGUA MAIOR OU IGUAL A 10.000";M;55.44
MATERIAL;39734;"TUBO DE BORRACHA ELASTOMERICA FLEXIVEL, PRETA, PARA ISOLAMENTO TERMICO DE TUBULACAO, DN 1 3/8"" (35 MM), E= 32 MM, COEFICIENTE DE CONDUTIVIDADE TERMICA 0,036W/MK, VAPOR DE AGUA MAIOR OU IGUAL A 10.000";M;65.76
MATERIAL;39736;"TUBO DE BORRACHA ELASTOMERICA FLEXIVEL, PRETA, PARA ISOLAMENTO TERMICO DE TUBULACAO, DN 1 5/8"" (42 MM), E= 32 MM, COEFICIENTE DE CONDUTIVIDADE TERMICA 0,036W/MK, VAPOR DE AGUA MAIOR OU IGUAL A 10.000";M;75.05
MATERIAL;39739;"TUBO DE BORRACHA ELASTOMERICA FLEXIVEL, PRETA, PARA ISOLAMENTO TERMICO DE TUBULACAO, DN 1"" (25 MM), E= 32 MM, COEFICIENTE DE CONDUTIVIDADE TERMICA 0,036W/MK, VAPOR DE AGUA MAIOR OU IGUAL A 10.000";M;51.9
MATERIAL;39737;"TUBO DE BORRACHA ELASTOMERICA FLEXIVEL, PRETA, PARA ISOLAMENTO TERMICO DE TUBULACAO, DN 1/2"" (12 MM), E= 19 MM, COEFICIENTE DE CONDUTIVIDADE TERMICA 0,036W/MK, VAPOR DE AGUA MAIOR OU IGUAL A 10.000";M;10.09
MATERIAL;39738;"TUBO DE BORRACHA ELASTOMERICA FLEXIVEL, PRETA, PARA ISOLAMENTO TERMICO DE TUBULACAO, DN 1/4"" (6 MM), E= 9 MM, COEFICIENTE DE CONDUTIVIDADE TERMICA 0,036W/MK, VAPOR DE AGUA MAIOR OU IGUAL A 10.000";M;3.65
MATERIAL;39733;"TUBO DE BORRACHA ELASTOMERICA FLEXIVEL, PRETA, PARA ISOLAMENTO TERMICO DE TUBULACAO, DN 2 1/8"" (54 MM), E= 32 MM, COEFICIENTE DE CONDUTIVIDADE TERMICA 0,036W/MK, VAPOR DE AGUA MAIOR OU IGUAL A 10.000";M;89.82
MATERIAL;39854;"TUBO DE BORRACHA ELASTOMERICA FLEXIVEL, PRETA, PARA ISOLAMENTO TERMICO DE TUBULACAO, DN 2 5/8"" (*64* MM), E= *32* MM, COEFICIENTE DE CONDUTIVIDADE TERMICA 0,036W/MK, VAPOR DE AGUA MAIOR OU IGUAL A 10.000";M;91.09
MATERIAL;39740;"TUBO DE BORRACHA ELASTOMERICA FLEXIVEL, PRETA, PARA ISOLAMENTO TERMICO DE TUBULACAO, DN 3/4"" (18 MM), E= 32 MM, COEFICIENTE DE CONDUTIVIDADE TERMICA 0,036W/MK, VAPOR DE AGUA MAIOR OU IGUAL A 10.000";M;49.84
MATERIAL;39741;"TUBO DE BORRACHA ELASTOMERICA FLEXIVEL, PRETA, PARA ISOLAMENTO TERMICO DE TUBULACAO, DN 3/8"" (10 MM), E= 19 MM, COEFICIENTE DE CONDUTIVIDADE TERMICA 0,036W/MK, VAPOR DE AGUA MAIOR OU IGUAL A 10.000";M;9.18
MATERIAL;39853;"TUBO DE BORRACHA ELASTOMERICA FLEXIVEL, PRETA, PARA ISOLAMENTO TERMICO DE TUBULACAO, DN 5/8"" (15 MM), E= 19 MM, COEFICIENTE DE CONDUTIVIDADE TERMICA 0,036W/MK, VAPOR DE AGUA MAIOR OU IGUAL A 10.000";M;12.06
MATERIAL;39742;"TUBO DE BORRACHA ELASTOMERICA FLEXIVEL, PRETA, PARA ISOLAMENTO TERMICO DE TUBULACAO, DN 7/8"" (22 MM), E= 32 MM, COEFICIENTE DE CONDUTIVIDADE TERMICA 0,036W/MK, VAPOR DE AGUA MAIOR OU IGUAL A 10.000";M;40.06
MATERIAL;39751;"TUBO DE COBRE CLASSE ""A"", DN = 1 1/2"" (42 MM), PARA INSTALACOES DE MEDIA PRESSAO PARA GASES COMBUSTIVEIS E MEDICINAIS";M;245.08
MATERIAL;39750;"TUBO DE COBRE CLASSE ""A"", DN = 1 1/4"" (35 MM), PARA INSTALACOES DE MEDIA PRESSAO PARA GASES COMBUSTIVEIS E MEDICINAIS";M;203.7
MATERIAL;39749;"TUBO DE COBRE CLASSE ""A"", DN = 1"" (28 MM), PARA INSTALACOES DE MEDIA PRESSAO PARA GASES COMBUSTIVEIS E MEDICINAIS";M;134.87
MATERIAL;39747;"TUBO DE COBRE CLASSE ""A"", DN = 1/2"" (15 MM), PARA INSTALACOES DE MEDIA PRESSAO PARA GASES COMBUSTIVEIS E MEDICINAIS";M;65.52
MATERIAL;39753;"TUBO DE COBRE CLASSE ""A"", DN = 2 1/2"" (66 MM), PARA INSTALACOES DE MEDIA PRESSAO PARA GASES COMBUSTIVEIS E MEDICINAIS";M;451.12
MATERIAL;39752;"TUBO DE COBRE CLASSE ""A"", DN = 2"" (54 MM), PARA INSTALACOES DE MEDIA PRESSAO PARA GASES COMBUSTIVEIS E MEDICINAIS";M;348.72
MATERIAL;39754;"TUBO DE COBRE CLASSE ""A"", DN = 3"" (79 MM), PARA INSTALACOES DE MEDIA PRESSAO PARA GASES COMBUSTIVEIS E MEDICINAIS";M;664.63
MATERIAL;39748;"TUBO DE COBRE CLASSE ""A"", DN = 3/4"" (22 MM), PARA INSTALACOES DE MEDIA PRESSAO PARA GASES COMBUSTIVEIS E MEDICINAIS";M;106.02
MATERIAL;39755;"TUBO DE COBRE CLASSE ""A"", DN = 4"" (104 MM), PARA INSTALACOES DE MEDIA PRESSAO PARA GASES COMBUSTIVEIS E MEDICINAIS";M;1007.73
MATERIAL;12742;"TUBO DE COBRE CLASSE ""E"", DN = 104 MM, PARA INSTALACAO HIDRAULICA PREDIAL";M;797.94
MATERIAL;12713;"TUBO DE COBRE CLASSE ""E"", DN = 15 MM, PARA INSTALACAO HIDRAULICA PREDIAL";M;42.32
MATERIAL;12743;"TUBO DE COBRE CLASSE ""E"", DN = 22 MM, PARA INSTALACAO HIDRAULICA PREDIAL";M;72.8
MATERIAL;12744;"TUBO DE COBRE CLASSE ""E"", DN = 28 MM, PARA INSTALACAO HIDRAULICA PREDIAL";M;92.39
MATERIAL;12745;"TUBO DE COBRE CLASSE ""E"", DN = 35 MM, PARA INSTALACAO HIDRAULICA PREDIAL";M;134.18
MATERIAL;12746;"TUBO DE COBRE CLASSE ""E"", DN = 42 MM, PARA INSTALACAO HIDRAULICA PREDIAL";M;181.19
MATERIAL;12747;"TUBO DE COBRE CLASSE ""E"", DN = 54 MM, PARA INSTALACAO HIDRAULICA PREDIAL";M;262.76
MATERIAL;12748;"TUBO DE COBRE CLASSE ""E"", DN = 66 MM, PARA INSTALACAO HIDRAULICA PREDIAL";M;370.18
MATERIAL;12749;"TUBO DE COBRE CLASSE ""E"", DN = 79 MM, PARA INSTALACAO HIDRAULICA PREDIAL";M;541.14
MATERIAL;39660;"TUBO DE COBRE FLEXIVEL, D = 1/2"", E = 0,79 MM, PARA AR-CONDICIONADO/ INSTALACOES GAS RESIDENCIAIS E COMERCIAIS";M;55.76
MATERIAL;39662;"TUBO DE COBRE FLEXIVEL, D = 1/4"", E = 0,79 MM, PARA AR-CONDICIONADO/ INSTALACOES GAS RESIDENCIAIS E COMERCIAIS";M;26.72
MATERIAL;39661;"TUBO DE COBRE FLEXIVEL, D = 3/16"", E = 0,79 MM, PARA AR-CONDICIONADO/ INSTALACOES GAS RESIDENCIAIS E COMERCIAIS";M;18.22
MATERIAL;39666;"TUBO DE COBRE FLEXIVEL, D = 3/4"", E = 0,79 MM, PARA AR-CONDICIONADO/ INSTALACOES GAS RESIDENCIAIS E COMERCIAIS";M;83.88
MATERIAL;39664;"TUBO DE COBRE FLEXIVEL, D = 3/8"", E = 0,79 MM, PARA AR-CONDICIONADO/ INSTALACOES GAS RESIDENCIAIS E COMERCIAIS";M;41.11
MATERIAL;39663;"TUBO DE COBRE FLEXIVEL, D = 5/16"", E = 0,79 MM, PARA AR-CONDICIONADO/ INSTALACOES GAS RESIDENCIAIS E COMERCIAIS";M;32.86
MATERIAL;39665;"TUBO DE COBRE FLEXIVEL, D = 5/8"", E = 0,79 MM, PARA AR-CONDICIONADO/ INSTALACOES GAS RESIDENCIAIS E COMERCIAIS";M;69.35
MATERIAL;7753;TUBO DE CONCRETO ARMADO PARA AGUAS PLUVIAIS, CLASSE PA-1, COM ENCAIXE PONTA E BOLSA, DIAMETRO NOMINAL DE 1000 MM;M;524.43
MATERIAL;13256;TUBO DE CONCRETO ARMADO PARA AGUAS PLUVIAIS, CLASSE PA-1, COM ENCAIXE PONTA E BOLSA, DIAMETRO NOMINAL DE 1100 MM;M;734.66
MATERIAL;7757;TUBO DE CONCRETO ARMADO PARA AGUAS PLUVIAIS, CLASSE PA-1, COM ENCAIXE PONTA E BOLSA, DIAMETRO NOMINAL DE 1200 MM;M;783.26
MATERIAL;7758;TUBO DE CONCRETO ARMADO PARA AGUAS PLUVIAIS, CLASSE PA-1, COM ENCAIXE PONTA E BOLSA, DIAMETRO NOMINAL DE 1500 MM;M;1134.77
MATERIAL;7759;TUBO DE CONCRETO ARMADO PARA AGUAS PLUVIAIS, CLASSE PA-1, COM ENCAIXE PONTA E BOLSA, DIAMETRO NOMINAL DE 2000 MM;M;3144.45
MATERIAL;40334;TUBO DE CONCRETO ARMADO PARA AGUAS PLUVIAIS, CLASSE PA-1, COM ENCAIXE PONTA E BOLSA, DIAMETRO NOMINAL DE 300 MM;M;123.19
MATERIAL;7745;TUBO DE CONCRETO ARMADO PARA AGUAS PLUVIAIS, CLASSE PA-1, COM ENCAIXE PONTA E BOLSA, DIAMETRO NOMINAL DE 400 MM;M;139.02
MATERIAL;7742;TUBO DE CONCRETO ARMADO PARA AGUAS PLUVIAIS, CLASSE PA-1, COM ENCAIXE PONTA E BOLSA, DIAMETRO NOMINAL DE 700 MM;M;366.65
MATERIAL;7750;TUBO DE CONCRETO ARMADO PARA AGUAS PLUVIAIS, CLASSE PA-1, COM ENCAIXE PONTA E BOLSA, DIAMETRO NOMINAL DE 800 MM;M;447.57
MATERIAL;7756;TUBO DE CONCRETO ARMADO PARA AGUAS PLUVIAIS, CLASSE PA-1, COM ENCAIXE PONTA E BOLSA, DIAMETRO NOMINAL DE 900 MM;M;514.26
MATERIAL;7725;TUBO DE CONCRETO ARMADO PARA AGUAS PLUVIAIS, CLASSE PA-1, COM ENCAIXE PONTA E BOLSA, DIAMETRO NOMINAL DE = 600 MM;M;269
MATERIAL;7765;TUBO DE CONCRETO ARMADO PARA AGUAS PLUVIAIS, CLASSE PA-2, COM ENCAIXE PONTA E BOLSA, DIAMETRO NOMINAL DE 1000 MM;M;576.42
MATERIAL;12569;TUBO DE CONCRETO ARMADO PARA AGUAS PLUVIAIS, CLASSE PA-2, COM ENCAIXE PONTA E BOLSA, DIAMETRO NOMINAL DE 1100 MM;M;795.69
MATERIAL;7766;TUBO DE CONCRETO ARMADO PARA AGUAS PLUVIAIS, CLASSE PA-2, COM ENCAIXE PONTA E BOLSA, DIAMETRO NOMINAL DE 1200 MM;M;845.42
MATERIAL;7767;TUBO DE CONCRETO ARMADO PARA AGUAS PLUVIAIS, CLASSE PA-2, COM ENCAIXE PONTA E BOLSA, DIAMETRO NOMINAL DE 1500 MM;M;1213.89
MATERIAL;7727;TUBO DE CONCRETO ARMADO PARA AGUAS PLUVIAIS, CLASSE PA-2, COM ENCAIXE PONTA E BOLSA, DIAMETRO NOMINAL DE 2000 MM;M;3526.38
MATERIAL;7760;TUBO DE CONCRETO ARMADO PARA AGUAS PLUVIAIS, CLASSE PA-2, COM ENCAIXE PONTA E BOLSA, DIAMETRO NOMINAL DE 300 MM;M;140.15
MATERIAL;7761;TUBO DE CONCRETO ARMADO PARA AGUAS PLUVIAIS, CLASSE PA-2, COM ENCAIXE PONTA E BOLSA, DIAMETRO NOMINAL DE 400 MM;M;146.93
MATERIAL;7752;TUBO DE CONCRETO ARMADO PARA AGUAS PLUVIAIS, CLASSE PA-2, COM ENCAIXE PONTA E BOLSA, DIAMETRO NOMINAL DE 500 MM;M;178.57
MATERIAL;7762;TUBO DE CONCRETO ARMADO PARA AGUAS PLUVIAIS, CLASSE PA-2, COM ENCAIXE PONTA E BOLSA, DIAMETRO NOMINAL DE 600 MM;M;233.39
MATERIAL;7722;TUBO DE CONCRETO ARMADO PARA AGUAS PLUVIAIS, CLASSE PA-2, COM ENCAIXE PONTA E BOLSA, DIAMETRO NOMINAL DE 700 MM;M;357.15
MATERIAL;7763;TUBO DE CONCRETO ARMADO PARA AGUAS PLUVIAIS, CLASSE PA-2, COM ENCAIXE PONTA E BOLSA, DIAMETRO NOMINAL DE 800 MM;M;435.14
MATERIAL;7764;TUBO DE CONCRETO ARMADO PARA AGUAS PLUVIAIS, CLASSE PA-2, COM ENCAIXE PONTA E BOLSA, DIAMETRO NOMINAL DE 900 MM;M;519.91
MATERIAL;12572;TUBO DE CONCRETO ARMADO PARA AGUAS PLUVIAIS, CLASSE PA-3, COM ENCAIXE PONTA E BOLSA, DIAMETRO NOMINAL DE 1000 MM;M;734.66
MATERIAL;12573;TUBO DE CONCRETO ARMADO PARA AGUAS PLUVIAIS, CLASSE PA-3, COM ENCAIXE PONTA E BOLSA, DIAMETRO NOMINAL DE 1100 MM;M;966.36
MATERIAL;12574;TUBO DE CONCRETO ARMADO PARA AGUAS PLUVIAIS, CLASSE PA-3, COM ENCAIXE PONTA E BOLSA, DIAMETRO NOMINAL DE 1200 MM;M;1168.45
MATERIAL;12575;TUBO DE CONCRETO ARMADO PARA AGUAS PLUVIAIS, CLASSE PA-3, COM ENCAIXE PONTA E BOLSA, DIAMETRO NOMINAL DE 1500 MM;M;1774.49
MATERIAL;12576;TUBO DE CONCRETO ARMADO PARA AGUAS PLUVIAIS, CLASSE PA-3, COM ENCAIXE PONTA E BOLSA, DIAMETRO NOMINAL DE 400 MM;M;214.74
MATERIAL;12577;TUBO DE CONCRETO ARMADO PARA AGUAS PLUVIAIS, CLASSE PA-3, COM ENCAIXE PONTA E BOLSA, DIAMETRO NOMINAL DE 500 MM;M;289.34
MATERIAL;12578;TUBO DE CONCRETO ARMADO PARA AGUAS PLUVIAIS, CLASSE PA-3, COM ENCAIXE PONTA E BOLSA, DIAMETRO NOMINAL DE 600 MM;M;350.37
MATERIAL;12579;TUBO DE CONCRETO ARMADO PARA AGUAS PLUVIAIS, CLASSE PA-3, COM ENCAIXE PONTA E BOLSA, DIAMETRO NOMINAL DE 700 MM;M;603.55
MATERIAL;12580;TUBO DE CONCRETO ARMADO PARA AGUAS PLUVIAIS, CLASSE PA-3, COM ENCAIXE PONTA E BOLSA, DIAMETRO NOMINAL DE 800 MM;M;628.87
MATERIAL;12581;TUBO DE CONCRETO ARMADO PARA AGUAS PLUVIAIS, CLASSE PA-3, COM ENCAIXE PONTA E BOLSA, DIAMETRO NOMINAL DE 900 MM;M;673.63
MATERIAL;7720;TUBO DE CONCRETO ARMADO PARA ESGOTO SANITARIO, CLASSE EA-2, COM ENCAIXE PONTA E BOLSA, COM JUNTA ELASTICA, DIAMETRO NOMINAL DE 1000 MM;M;1053.39
MATERIAL;40335;TUBO DE CONCRETO ARMADO PARA ESGOTO SANITARIO, CLASSE EA-2, COM ENCAIXE PONTA E BOLSA, COM JUNTA ELASTICA, DIAMETRO NOMINAL DE 300 MM;M;220.39
MATERIAL;7740;TUBO DE CONCRETO ARMADO PARA ESGOTO SANITARIO, CLASSE EA-2, COM ENCAIXE PONTA E BOLSA, COM JUNTA ELASTICA, DIAMETRO NOMINAL DE 400 MM;M;226.05
MATERIAL;7741;TUBO DE CONCRETO ARMADO PARA ESGOTO SANITARIO, CLASSE EA-2, COM ENCAIXE PONTA E BOLSA, COM JUNTA ELASTICA, DIAMETRO NOMINAL DE 500 MM;M;418.19
MATERIAL;7774;TUBO DE CONCRETO ARMADO PARA ESGOTO SANITARIO, CLASSE EA-2, COM ENCAIXE PONTA E BOLSA, COM JUNTA ELASTICA, DIAMETRO NOMINAL DE 600 MM;M;513.13
MATERIAL;7744;TUBO DE CONCRETO ARMADO PARA ESGOTO SANITARIO, CLASSE EA-2, COM ENCAIXE PONTA E BOLSA, COM JUNTA ELASTICA, DIAMETRO NOMINAL DE 700 MM;M;670.23
MATERIAL;7773;TUBO DE CONCRETO ARMADO PARA ESGOTO SANITARIO, CLASSE EA-2, COM ENCAIXE PONTA E BOLSA, COM JUNTA ELASTICA, DIAMETRO NOMINAL DE 800 MM;M;685.04
MATERIAL;7754;TUBO DE CONCRETO ARMADO PARA ESGOTO SANITARIO, CLASSE EA-2, COM ENCAIXE PONTA E BOLSA, COM JUNTA ELASTICA, DIAMETRO NOMINAL DE 900 MM;M;1038.7
MATERIAL;7735;TUBO DE CONCRETO ARMADO PARA ESGOTO SANITARIO, CLASSE EA-3, COM ENCAIXE PONTA E BOLSA, COM JUNTA ELASTICA, DIAMETRO NOMINAL DE 1000 MM;M;1345
MATERIAL;7755;TUBO DE CONCRETO ARMADO PARA ESGOTO SANITARIO, CLASSE EA-3, COM ENCAIXE PONTA E BOLSA, COM JUNTA ELASTICA, DIAMETRO NOMINAL DE 400 MM;M;266.73
MATERIAL;7776;TUBO DE CONCRETO ARMADO PARA ESGOTO SANITARIO, CLASSE EA-3, COM ENCAIXE PONTA E BOLSA, COM JUNTA ELASTICA, DIAMETRO NOMINAL DE 500 MM;M;556.08
MATERIAL;7743;TUBO DE CONCRETO ARMADO PARA ESGOTO SANITARIO, CLASSE EA-3, COM ENCAIXE PONTA E BOLSA, COM JUNTA ELASTICA, DIAMETRO NOMINAL DE 600 MM;M;588.86
MATERIAL;7733;TUBO DE CONCRETO ARMADO PARA ESGOTO SANITARIO, CLASSE EA-3, COM ENCAIXE PONTA E BOLSA, COM JUNTA ELASTICA, DIAMETRO NOMINAL DE 700 MM;M;768.57
MATERIAL;7775;TUBO DE CONCRETO ARMADO PARA ESGOTO SANITARIO, CLASSE EA-3, COM ENCAIXE PONTA E BOLSA, COM JUNTA ELASTICA, DIAMETRO NOMINAL DE 800 MM;M;842.03
MATERIAL;7734;TUBO DE CONCRETO ARMADO PARA ESGOTO SANITARIO, CLASSE EA-3, COM ENCAIXE PONTA E BOLSA, COM JUNTA ELASTICA, DIAMETRO NOMINAL DE 900 MM;M;1192.41
MATERIAL;7714;TUBO DE CONCRETO ARMADO, PRE MOLDADO PARA AGUAS PLUVIAIS, CLASSE PA-1, COM ENCAIXE PONTA E BOLSA, DIAMETRO NOMINAL DE 500 MM;M;166.14
MATERIAL;37449;TUBO DE CONCRETO SIMPLES PARA AGUAS PLUVIAIS, CLASSE PS1, COM ENCAIXE MACHO E FEMEA, DIAMETRO NOMINAL DE 200 MM;M;42.89
MATERIAL;37450;TUBO DE CONCRETO SIMPLES PARA AGUAS PLUVIAIS, CLASSE PS1, COM ENCAIXE MACHO E FEMEA, DIAMETRO NOMINAL DE 300 MM;M;60.05
MATERIAL;37451;TUBO DE CONCRETO SIMPLES PARA AGUAS PLUVIAIS, CLASSE PS1, COM ENCAIXE MACHO E FEMEA, DIAMETRO NOMINAL DE 400 MM;M;83.83
MATERIAL;37452;TUBO DE CONCRETO SIMPLES PARA AGUAS PLUVIAIS, CLASSE PS1, COM ENCAIXE MACHO E FEMEA, DIAMETRO NOMINAL DE 500 MM;M;121.85
MATERIAL;37453;TUBO DE CONCRETO SIMPLES PARA AGUAS PLUVIAIS, CLASSE PS1, COM ENCAIXE MACHO E FEMEA, DIAMETRO NOMINAL DE 600 MM;M;140.33
MATERIAL;7778;TUBO DE CONCRETO SIMPLES PARA AGUAS PLUVIAIS, CLASSE PS1, COM ENCAIXE PONTA E BOLSA, DIAMETRO NOMINAL DE 200 MM;M;52.64
MATERIAL;7796;TUBO DE CONCRETO SIMPLES PARA AGUAS PLUVIAIS, CLASSE PS1, COM ENCAIXE PONTA E BOLSA, DIAMETRO NOMINAL DE 300 MM;M;72.14
MATERIAL;7781;TUBO DE CONCRETO SIMPLES PARA AGUAS PLUVIAIS, CLASSE PS1, COM ENCAIXE PONTA E BOLSA, DIAMETRO NOMINAL DE 400 MM;M;85.25
MATERIAL;7795;TUBO DE CONCRETO SIMPLES PARA AGUAS PLUVIAIS, CLASSE PS1, COM ENCAIXE PONTA E BOLSA, DIAMETRO NOMINAL DE 500 MM;M;126.87
MATERIAL;7791;TUBO DE CONCRETO SIMPLES PARA AGUAS PLUVIAIS, CLASSE PS1, COM ENCAIXE PONTA E BOLSA, DIAMETRO NOMINAL DE 600 MM;M;151.88
MATERIAL;7783;TUBO DE CONCRETO SIMPLES PARA AGUAS PLUVIAIS, CLASSE PS2, COM ENCAIXE PONTA E BOLSA, DIAMETRO NOMINAL DE 200 MM;M;53.82
MATERIAL;7790;TUBO DE CONCRETO SIMPLES PARA AGUAS PLUVIAIS, CLASSE PS2, COM ENCAIXE PONTA E BOLSA, DIAMETRO NOMINAL DE 300 MM;M;84.81
MATERIAL;7785;TUBO DE CONCRETO SIMPLES PARA AGUAS PLUVIAIS, CLASSE PS2, COM ENCAIXE PONTA E BOLSA, DIAMETRO NOMINAL DE 400 MM;M;93.58
MATERIAL;7792;TUBO DE CONCRETO SIMPLES PARA AGUAS PLUVIAIS, CLASSE PS2, COM ENCAIXE PONTA E BOLSA, DIAMETRO NOMINAL DE 500 MM;M;132.72
MATERIAL;7793;TUBO DE CONCRETO SIMPLES PARA AGUAS PLUVIAIS, CLASSE PS2, COM ENCAIXE PONTA E BOLSA, DIAMETRO NOMINAL DE 600 MM;M;156.75
MATERIAL;13159;TUBO DE CONCRETO SIMPLES PARA ESGOTO SANITARIO, CLASSE ES, COM ENCAIXE PONTA E BOLSA, COM JUNTA ELASTICA, DIAMETRO NOMINAL DE 400 MM;M;136.48
MATERIAL;13168;TUBO DE CONCRETO SIMPLES PARA ESGOTO SANITARIO, CLASSE ES, COM ENCAIXE PONTA E BOLSA, COM JUNTA ELASTICA, DIAMETRO NOMINAL DE 500 MM;M;165.72
MATERIAL;13173;TUBO DE CONCRETO SIMPLES PARA ESGOTO SANITARIO, CLASSE ES, COM ENCAIXE PONTA E BOLSA, COM JUNTA ELASTICA, DIAMETRO NOMINAL DE 600 MM;M;224.21
MATERIAL;12583;TUBO DE CONCRETO SIMPLES POROSO PARA DRENAGEM (DRENO POROSO), COM ENCAIXE MACHO E FEMEA, DIAMETRO NOMINAL DE 200 MM;M;44.84
MATERIAL;12584;TUBO DE CONCRETO SIMPLES POROSO PARA DRENAGEM (DRENO POROSO), COM ENCAIXE MACHO E FEMEA, DIAMETRO NOMINAL DE 300 MM;M;58.49
MATERIAL;12613;TUBO DE DESCARGA, TIPO BENGALA, PARA LIGACAO CAIXA DE DESCARGA - EMBUTIR, PVC, 40 MM X 150 CM;UN;23.49
MATERIAL;1031;TUBO DE DESCIDA EXTERNO, DE PVC, PARA CAIXA DE DESCARGA EXTERNA ALTA - DIAMETRO DE 40 MM E ALTURA DE APROXIMADAMENTE 1,55 M;UN;17.87
MATERIAL;39707;"TUBO DE ESPUMA DE POLIETILENO EXPANDIDO FLEXIVEL PARA ISOLAMENTO TERMICO DE TUBULACAO DE AR CONDICIONADO, AGUA QUENTE, DN 1 1/2"", E= 10 MM";M;4.43
MATERIAL;39708;"TUBO DE ESPUMA DE POLIETILENO EXPANDIDO FLEXIVEL PARA ISOLAMENTO TERMICO DE TUBULACAO DE AR CONDICIONADO, AGUA QUENTE, DN 1 1/4"", E= 10 MM";M;4.29
MATERIAL;39710;"TUBO DE ESPUMA DE POLIETILENO EXPANDIDO FLEXIVEL PARA ISOLAMENTO TERMICO DE TUBULACAO DE AR CONDICIONADO, AGUA QUENTE, DN 1 1/8"", E= 10 MM";M;3.02
MATERIAL;39709;"TUBO DE ESPUMA DE POLIETILENO EXPANDIDO FLEXIVEL PARA ISOLAMENTO TERMICO DE TUBULACAO DE AR CONDICIONADO, AGUA QUENTE, DN 1 3/8"", E= 10 MM";M;4.19
MATERIAL;39711;"TUBO DE ESPUMA DE POLIETILENO EXPANDIDO FLEXIVEL PARA ISOLAMENTO TERMICO DE TUBULACAO DE AR CONDICIONADO, AGUA QUENTE, DN 1 5/8"", E= 10 MM";M;4.7
MATERIAL;39714;"TUBO DE ESPUMA DE POLIETILENO EXPANDIDO FLEXIVEL PARA ISOLAMENTO TERMICO DE TUBULACAO DE AR CONDICIONADO, AGUA QUENTE, DN 1"", E= 10 MM";M;2.99
MATERIAL;39712;"TUBO DE ESPUMA DE POLIETILENO EXPANDIDO FLEXIVEL PARA ISOLAMENTO TERMICO DE TUBULACAO DE AR CONDICIONADO, AGUA QUENTE, DN 1/2"", E= 10 MM";M;1.65
MATERIAL;39713;"TUBO DE ESPUMA DE POLIETILENO EXPANDIDO FLEXIVEL PARA ISOLAMENTO TERMICO DE TUBULACAO DE AR CONDICIONADO, AGUA QUENTE, DN 1/4"", E= 10 MM";M;1.3
MATERIAL;39715;"TUBO DE ESPUMA DE POLIETILENO EXPANDIDO FLEXIVEL PARA ISOLAMENTO TERMICO DE TUBULACAO DE AR CONDICIONADO, AGUA QUENTE, DN 3/4"", E= 10 MM";M;2.13
MATERIAL;39716;"TUBO DE ESPUMA DE POLIETILENO EXPANDIDO FLEXIVEL PARA ISOLAMENTO TERMICO DE TUBULACAO DE AR CONDICIONADO, AGUA QUENTE, DN 3/8"", E= 10 MM";M;1.61
MATERIAL;39718;"TUBO DE ESPUMA DE POLIETILENO EXPANDIDO FLEXIVEL PARA ISOLAMENTO TERMICO DE TUBULACAO DE AR CONDICIONADO, AGUA QUENTE, DN 7/8"", E= 10 MM";M;2.75
MATERIAL;9813;TUBO DE POLIETILENO DE ALTA DENSIDADE (PEAD), PE-80, DE = 20 MM X 2,3 MM DE PAREDE, PARA LIGACAO DE AGUA PREDIAL (NBR 15561);M;5.74
MATERIAL;9815;TUBO DE POLIETILENO DE ALTA DENSIDADE (PEAD), PE-80, DE = 32 MM X 3,0 MM DE PAREDE, PARA LIGACAO DE AGUA PREDIAL (NBR 15561);M;11.33
MATERIAL;44543;TUBO DE POLIETILENO DE ALTA DENSIDADE, PEAD, PE-80, DE = 1000 MM X 38,5 MM PAREDE, (SDR 26 - PN 05) PARA REDE DE AGUA OU ESGOTO (NBR 15561);M;5640.5
MATERIAL;44526;TUBO DE POLIETILENO DE ALTA DENSIDADE, PEAD, PE-80, DE = 110 MM X 10,0 MM PAREDE, (SDR 11 - PN 12,5) PARA REDE DE AGUA OU ESGOTO (NBR 15561);M;138.24
MATERIAL;45133;TUBO DE POLIETILENO DE ALTA DENSIDADE, PEAD, PE-80, DE = 1200 MM X 37,2 MM PAREDE (SDR 32,25 - PN 04) PARA REDE DE AGUA OU ESGOTO;M;8463.86
MATERIAL;45132;TUBO DE POLIETILENO DE ALTA DENSIDADE, PEAD, PE-80, DE = 1400 MM X 42,9 MM PAREDE, (SDR 32,25 - PN 04) PARA REDE DE AGUA OU ESGOTO;M;11106.09
MATERIAL;44545;TUBO DE POLIETILENO DE ALTA DENSIDADE, PEAD, PE-80, DE = 160 MM X 14,6 MM PAREDE, (SDR 11 - PN 12,5) PARA REDE DE AGUA OU ESGOTO (NBR 15561);M;296.74
MATERIAL;45131;TUBO DE POLIETILENO DE ALTA DENSIDADE, PEAD, PE-80, DE = 1600 MM X 49,0 MM PAREDE, (SDR 32,25 - PN 04) PARA REDE DE AGUA OU ESGOTO;M;14380.91
MATERIAL;44525;TUBO DE POLIETILENO DE ALTA DENSIDADE, PEAD, PE-80, DE = 900 MM X 34,7 MM PAREDE, (SDR 26 - PN 05) PARA REDE DE AGUA OU ESGOTO (NBR 15561);M;5115.9
MATERIAL;44547;TUBO DE POLIETILENO DE ALTA DENSIDADE, PEAD, PE-80, DE= 200 MM X 18,2 MM PAREDE, (SDR 11 - PN 12,5) PARA REDE DE AGUA OU ESGOTO (NBR 15561);M;462.57
MATERIAL;44519;TUBO DE POLIETILENO DE ALTA DENSIDADE, PEAD, PE-80, DE= 315 MM X 28,7 MM PAREDE, (SDR 11 - PN 12,5) PARA REDE DE AGUA OU ESGOTO (NBR 15561);M;1133.43
MATERIAL;44520;TUBO DE POLIETILENO DE ALTA DENSIDADE, PEAD, PE-80, DE= 400 MM X 36,4 MM PAREDE, (SDR 11 - PN 12,5) PARA REDE DE AGUA OU ESGOTO (NBR 15561);M;1825.54
MATERIAL;44521;TUBO DE POLIETILENO DE ALTA DENSIDADE, PEAD, PE-80, DE= 50 MM X 4,6 MM PAREDE, (SDR 11 - PN 12,5) PARA REDE DE AGUA OU ESGOTO (NBR 15561);M;29.45
MATERIAL;44522;TUBO DE POLIETILENO DE ALTA DENSIDADE, PEAD, PE-80, DE= 500 MM X 45,5 MM PAREDE, (SDR 11 - PN 12,5) PARA REDE DE AGUA OU ESGOTO (NBR 15561);M;3204.97
MATERIAL;44523;TUBO DE POLIETILENO DE ALTA DENSIDADE, PEAD, PE-80, DE= 630 MM X 57,3 MM PAREDE (SDR 11 - PN 12,5) PARA REDE DE AGUA OU ESGOTO (NBR 15561);M;4766.7
MATERIAL;44527;TUBO DE POLIETILENO DE ALTA DENSIDADE, PEAD, PE-80, DE= 730 MM X 34,1 MM PAREDE, (SDR 21 - PN 06) PARA REDE DE AGUA OU ESGOTO (NBR 15561);M;2390.38
MATERIAL;44524;TUBO DE POLIETILENO DE ALTA DENSIDADE, PEAD, PE-80, DE= 75 MM X 6,9 MM PAREDE, (SRD 11 - PN 12,5) PARA REDE DE AGUA OU ESGOTO (NBR 15561);M;65.86
MATERIAL;44542;TUBO DE POLIETILENO DE ALTA DENSIDADE, PEAD, PE-80, DE= 800 MM X 30,8 MM PAREDE, (SDR 26 - PN 05) PARA REDE DE AGUA OU ESGOTO (NBR 15561);M;3118.64
MATERIAL;9877;TUBO DE PVC, PBL, TIPO LEVE, DN = 250 MM, PARA VENTILACAO;M;164.46
MATERIAL;9878;TUBO DE PVC, PBL, TIPO LEVE, DN = 300 MM, PARA VENTILACAO;M;202.46
MATERIAL;41986;"TUBO DE REVESTIMENTO, EM ACO, CORPO SCHEDULE 40, PONTEIRA SCHEDULE 80, ROSQUEAVEL E SEGMENTADO PARA PERFURACAO, DIAMETRO 10"" (273 MM)";M;3068.67
MATERIAL;43422;"TUBO DE REVESTIMENTO, EM ACO, CORPO SCHEDULE 40, PONTEIRA SCHEDULE 80, ROSQUEAVEL E SEGMENTADO PARA PERFURACAO, DIAMETRO 12"" (320 MM)";M;3763.43
MATERIAL;41987;"TUBO DE REVESTIMENTO, EM ACO, CORPO SCHEDULE 40, PONTEIRA SCHEDULE 80, ROSQUEAVEL E SEGMENTADO PARA PERFURACAO, DIAMETRO 14"" (400 MM)";M;4362.12
MATERIAL;41988;"TUBO DE REVESTIMENTO, EM ACO, CORPO SCHEDULE 40, PONTEIRA SCHEDULE 80, ROSQUEAVEL E SEGMENTADO PARA PERFURACAO, DIAMETRO 16"" (450 MM)";M;5761.75
MATERIAL;41697;"TUBO DE REVESTIMENTO, EM ACO, CORPO SCHEDULE 40, PONTEIRA SCHEDULE 80, ROSQUEAVEL E SEGMENTADO PARA PERFURACAO, DIAMETRO 4"" (450 MM)";M;1021.25
MATERIAL;41985;"TUBO DE REVESTIMENTO, EM ACO, CORPO SCHEDULE 40, PONTEIRA SCHEDULE 80, ROSQUEAVEL E SEGMENTADO PARA PERFURACAO, DIAMETRO 6"" (200 MM)";M;1422.33
MATERIAL;41699;"TUBO DE REVESTIMENTO, EM ACO, CORPO SCHEDULE 40, PONTEIRA SCHEDULE 80, ROSQUEAVEL E SEGMENTADO PARA PERFURACAO, DIAMETRO 8"" (200 MM)";M;2025.33
MATERIAL;38053;"TUBO DRENO, CORRUGADO, ESPIRALADO, FLEXIVEL, PERFURADO, EM POLIETILENO DE ALTA DENSIDADE (PEAD), DN *160* MM, (6"") PARA DRENAGEM - EM BARRA (NORMA DNIT 093/2006 - EM)";M;22.1
MATERIAL;38054;"TUBO DRENO, CORRUGADO, ESPIRALADO, FLEXIVEL, PERFURADO, EM POLIETILENO DE ALTA DENSIDADE (PEAD), DN *200* MM, (8"") PARA DRENAGEM - EM BARRA (NORMA DNIT 093/2006 - EM)";M;37.99
MATERIAL;38052;"TUBO DRENO, CORRUGADO, ESPIRALADO, FLEXIVEL, PERFURADO, EM POLIETILENO DE ALTA DENSIDADE (PEAD), DN 100 MM, (4"") PARA DRENAGEM - EM ROLO (NORMA DNIT 093/2006 - E.M)";M;10.7
MATERIAL;38051;"TUBO DRENO, CORRUGADO, ESPIRALADO, FLEXIVEL, PERFURADO, EM POLIETILENO DE ALTA DENSIDADE (PEAD), DN 65 MM, (2 1/2"") PARA DRENAGEM - EM ROLO (NORMA DNIT 093/2006 - EM)";M;6.67
MATERIAL;38787;TUBO MONOCAMADA PEX, DN 16 MM, PARA AGUA QUENTE E FRIA;M;5.2
MATERIAL;38825;TUBO MONOCAMADA PEX, DN 20 MM, PARA AGUA QUENTE E FRIA;M;6.72
MATERIAL;38826;TUBO MONOCAMADA PEX, DN 25 MM, PARA AGUA QUENTE E FRIA;M;9.56
MATERIAL;38827;TUBO MONOCAMADA PEX, DN 32 MM, PARA AGUA QUENTE E FRIA;M;15.63
MATERIAL;38828;TUBO MULTICAMADA PEX GAS, DN *16* MM;M;10.01
MATERIAL;38829;TUBO MULTICAMADA PEX GAS, DN *20* MM;M;16.4
MATERIAL;38830;TUBO MULTICAMADA PEX GAS, DN *26* MM;M;22.71
MATERIAL;38831;TUBO MULTICAMADA PEX GAS, DN *32* MM;M;31.67
MATERIAL;36274;TUBO PPR PN 20, DN 20 MM, PARA AGUA QUENTE PREDIAL;M;11.66
MATERIAL;36278;TUBO PPR PN 20, DN 25 MM, PARA AGUA QUENTE PREDIAL;M;15.81
MATERIAL;38977;TUBO PPR, CLASSE PN 12, DN 110 MM;M;154.69
MATERIAL;38971;TUBO PPR, CLASSE PN 12, DN 32 MM;M;12.98
MATERIAL;38972;TUBO PPR, CLASSE PN 12, DN 40 MM;M;17.5
MATERIAL;38973;TUBO PPR, CLASSE PN 12, DN 50 MM;M;28.92
MATERIAL;38974;TUBO PPR, CLASSE PN 12, DN 63 MM;M;46.97
MATERIAL;38975;TUBO PPR, CLASSE PN 12, DN 75 MM;M;60.23
MATERIAL;38976;TUBO PPR, CLASSE PN 12, DN 90 MM;M;103.53
MATERIAL;44176;TUBO PPR, CLASSE PN 20, SOLDAVEL, DN 32 MM PARA AGUA FRIA OU QUENTE PREDIAL;M;23.79
MATERIAL;38986;TUBO PPR, CLASSE PN 25, DN 110 MM, PARA AGUA QUENTE E FRIA PREDIAL;M;312.53
MATERIAL;38978;TUBO PPR, CLASSE PN 25, DN 20 MM, PARA AGUA QUENTE E FRIA PREDIAL;M;12.82
MATERIAL;38979;TUBO PPR, CLASSE PN 25, DN 25 MM, PARA AGUA QUENTE E FRIA PREDIAL;M;17.72
MATERIAL;38980;TUBO PPR, CLASSE PN 25, DN 32 MM, PARA AGUA QUENTE E FRIA PREDIAL;M;23.72
MATERIAL;38981;TUBO PPR, CLASSE PN 25, DN 40 MM, PARA AGUA QUENTE E FRIA PREDIAL;M;34.23
MATERIAL;38982;TUBO PPR, CLASSE PN 25, DN 50 MM, PARA AGUA QUENTE E FRIA PREDIAL;M;54.08
MATERIAL;38983;TUBO PPR, CLASSE PN 25, DN 63 MM, PARA AGUA QUENTE E FRIA PREDIAL;M;95.16
MATERIAL;38984;TUBO PPR, CLASSE PN 25, DN 75 MM, PARA AGUA QUENTE E FRIA PREDIAL;M;130.81
MATERIAL;38985;TUBO PPR, CLASSE PN 25, DN 90 MM, PARA AGUA QUENTE E FRIA PREDIAL;M;224.9
MATERIAL;38032;TUBO PVC CORRUGADO, PAREDE DUPLA, JE, DN 150 MM/ DE 160 MM, REDE COLETORA ESGOTO;M;78.32
MATERIAL;38033;TUBO PVC CORRUGADO, PAREDE DUPLA, JE, DN 200 MM/ DE 200 MM, REDE COLETORA ESGOTO;M;133.13
MATERIAL;38034;TUBO PVC CORRUGADO, PAREDE DUPLA, JE, DN 250 MM/ DE 250 MM, REDE COLETORA ESGOTO;M;208.55
MATERIAL;38035;TUBO PVC CORRUGADO, PAREDE DUPLA, JE, DN 300 MM/ DE 315 MM, REDE COLETORA ESGOTO;M;306.8
MATERIAL;38036;TUBO PVC CORRUGADO, PAREDE DUPLA, JE, DN 350 MM/ DE 355 MM, REDE COLETORA ESGOTO;M;413.3
MATERIAL;38037;TUBO PVC CORRUGADO, PAREDE DUPLA, JE, DN 400 MM/ DE 400 MM, REDE COLETORA ESGOTO;M;545.91
MATERIAL;9850;TUBO PVC DE REVESTIMENTO GEOMECANICO NERVURADO REFORCADO, DN = 150 MM, COMPRIMENTO = 2 M;M;111.56
MATERIAL;9853;TUBO PVC DE REVESTIMENTO GEOMECANICO NERVURADO REFORCADO, DN = 200 MM, COMPRIMENTO = 2 M;M;198.38
MATERIAL;9854;TUBO PVC DE REVESTIMENTO GEOMECANICO NERVURADO STANDARD, DN = 154 MM, COMPRIMENTO = 2 M;M;86.92
MATERIAL;9851;TUBO PVC DE REVESTIMENTO GEOMECANICO NERVURADO STANDARD, DN = 206 MM, COMPRIMENTO = 2 M;M;150.72
MATERIAL;9825;TUBO PVC DEFOFO, JEI, 1 MPA, DN 100 MM, PARA REDE DE AGUA (NBR 7665);M;51.17
MATERIAL;9828;TUBO PVC DEFOFO, JEI, 1 MPA, DN 150 MM, PARA REDE DE AGUA (NBR 7665);M;137.72
MATERIAL;9829;TUBO PVC DEFOFO, JEI, 1 MPA, DN 200 MM, PARA REDE DE AGUA (NBR 7665);M;233.39
MATERIAL;9826;TUBO PVC DEFOFO, JEI, 1 MPA, DN 250 MM, PARA REDE DE AGUA (NBR 7665);M;355.31
MATERIAL;9827;TUBO PVC DEFOFO, JEI, 1 MPA, DN 300 MM, PARA REDE DE AGUA (NBR 7665);M;504.54
MATERIAL;36374;TUBO PVC PBA JEI, CLASSE 12, DN 100 MM, PARA REDE DE AGUA (NBR 5647);M;61.33
MATERIAL;36084;TUBO PVC PBA JEI, CLASSE 12, DN 50 MM, PARA REDE DE AGUA (NBR 5647);M;18.17
MATERIAL;36373;TUBO PVC PBA JEI, CLASSE 12, DN 75 MM, PARA REDE DE AGUA (NBR 5647);M;37.73
MATERIAL;36377;TUBO PVC PBA JEI, CLASSE 15, DN 100 MM, PARA REDE DE AGUA (NBR 5647);M;73.57
MATERIAL;36375;TUBO PVC PBA JEI, CLASSE 15, DN 50 MM, PARA REDE DE AGUA (NBR 5647);M;22.42
MATERIAL;36376;TUBO PVC PBA JEI, CLASSE 15, DN 75 MM, PARA REDE DE AGUA (NBR 5647);M;44.03
MATERIAL;36380;TUBO PVC PBA JEI, CLASSE 20, DN 100 MM, PARA REDE DE AGUA (NBR 5647);M;91.99
MATERIAL;36378;TUBO PVC PBA JEI, CLASSE 20, DN 50 MM, PARA REDE DE AGUA (NBR 5647);M;27.56
MATERIAL;36379;TUBO PVC PBA JEI, CLASSE 20, DN 75 MM, PARA REDE DE AGUA (NBR 5647);M;55.57
MATERIAL;9859;"TUBO PVC ROSCAVEL, 3/4"", AGUA FRIA PREDIAL";M;12.78
MATERIAL;9836;TUBO PVC SERIE NORMAL, DN 100 MM, PARA ESGOTO PREDIAL (NBR 5688);M;19.82
MATERIAL;20065;TUBO PVC SERIE NORMAL, DN 150 MM, PARA ESGOTO PREDIAL (NBR 5688);M;51.81
MATERIAL;9835;TUBO PVC SERIE NORMAL, DN 40 MM, PARA ESGOTO PREDIAL (NBR 5688);M;8.66
MATERIAL;9838;TUBO PVC SERIE NORMAL, DN 50 MM, PARA ESGOTO PREDIAL (NBR 5688);M;14.3
MATERIAL;9837;TUBO PVC SERIE NORMAL, DN 75 MM, PARA ESGOTO PREDIAL (NBR 5688);M;18.76
MATERIAL;44315;TUBO PVC, RIGIDO, CORRUGADO, PERFURADO DN 100 MM, PARA DRENAGEM, SISTEMA IRRIGACAO;M;77.6
MATERIAL;9862;"TUBO PVC, ROSCAVEL, 1 1/2"", AGUA FRIA PREDIAL";M;39.39
MATERIAL;9861;"TUBO PVC, ROSCAVEL, 1 1/4"", AGUA FRIA PREDIAL";M;30.93
MATERIAL;9866;"TUBO PVC, ROSCAVEL, 1"", AGUA FRIA PREDIAL";M;26.69
MATERIAL;9856;"TUBO PVC, ROSCAVEL, 1/2"", AGUA FRIA PREDIAL";M;9.98
MATERIAL;9863;"TUBO PVC, ROSCAVEL, 2 1/2"", AGUA FRIA PREDIAL";M;77.22
MATERIAL;9860;"TUBO PVC, ROSCAVEL, 2"", PARA AGUA FRIA PREDIAL";M;56.36
MATERIAL;9841;TUBO PVC, SERIE R, DN 100 MM, PARA ESGOTO OU AGUAS PLUVIAIS PREDIAL (NBR 5688);M;37.32
MATERIAL;9840;TUBO PVC, SERIE R, DN 150 MM, PARA ESGOTO OU AGUAS PLUVIAIS PREDIAL (NBR 5688);M;78.84
MATERIAL;20067;TUBO PVC, SERIE R, DN 40 MM, PARA ESGOTO OU AGUAS PLUVIAIS PREDIAL (NBR 5688);M;12.1
MATERIAL;20068;TUBO PVC, SERIE R, DN 50 MM, PARA ESGOTO OU AGUAS PLUVIAIS PREDIAL (NBR 5688);M;17.05
MATERIAL;9839;TUBO PVC, SERIE R, DN 75 MM, PARA ESGOTO OU AGUAS PLUVIAIS PREDIAL (NBR 5688);M;30.92
MATERIAL;9870;TUBO PVC, SOLDAVEL, DE 110 MM, AGUA FRIA (NBR-5648);M;115.16
MATERIAL;9867;TUBO PVC, SOLDAVEL, DE 20 MM, AGUA FRIA (NBR-5648);M;4.63
MATERIAL;9868;TUBO PVC, SOLDAVEL, DE 25 MM, AGUA FRIA (NBR-5648);M;5.22
MATERIAL;9869;TUBO PVC, SOLDAVEL, DE 32 MM, AGUA FRIA (NBR-5648);M;11.26
MATERIAL;9874;TUBO PVC, SOLDAVEL, DE 40 MM, AGUA FRIA (NBR-5648);M;17.69
MATERIAL;9875;TUBO PVC, SOLDAVEL, DE 50 MM, AGUA FRIA (NBR-5648);M;19.4
MATERIAL;9873;TUBO PVC, SOLDAVEL, DE 60 MM, AGUA FRIA (NBR-5648);M;31.92
MATERIAL;9871;TUBO PVC, SOLDAVEL, DE 75 MM, AGUA FRIA (NBR-5648);M;52.9
MATERIAL;9872;TUBO PVC, SOLDAVEL, DE 85 MM, AGUA FRIA (NBR-5648);M;73.59
MATERIAL;12425;"UNIAO COM ASSENTO CONICO DE BRONZE, DIAMETRO 1""";UN;67.6
MATERIAL;12426;"UNIAO COM ASSENTO CONICO DE BRONZE, DIAMETRO 1/2""";UN;49.2
MATERIAL;12427;"UNIAO COM ASSENTO CONICO DE BRONZE, DIAMETRO 2 1/2""";UN;280.57
MATERIAL;12428;"UNIAO COM ASSENTO CONICO DE BRONZE, DIAMETRO 2""";UN;180.09
MATERIAL;12429;"UNIAO COM ASSENTO CONICO DE BRONZE, DIAMETRO 3""";UN;453.69
MATERIAL;12430;"UNIAO COM ASSENTO CONICO DE BRONZE, DIAMETRO 3/4""";UN;60.32
MATERIAL;12431;"UNIAO COM ASSENTO CONICO DE BRONZE, DIAMETRO 4""";UN;772.1
MATERIAL;12432;"UNIAO COM ASSENTO CONICO DE FERRO LONGO (MACHO-FEMEA), DIAMETRO 1 1/2""";UN;158.8
MATERIAL;12433;"UNIAO COM ASSENTO CONICO DE FERRO LONGO (MACHO-FEMEA), DIAMETRO 1""";UN;101.09
MATERIAL;12434;"UNIAO COM ASSENTO CONICO DE FERRO LONGO (MACHO-FEMEA), DIAMETRO 1/2""";UN;51.75
MATERIAL;12435;"UNIAO COM ASSENTO CONICO DE FERRO LONGO (MACHO-FEMEA), DIAMETRO 2 1/2""";UN;312.85
MATERIAL;12437;"UNIAO COM ASSENTO CONICO DE FERRO LONGO (MACHO-FEMEA), DIAMETRO 2""";UN;252.67
MATERIAL;12438;"UNIAO COM ASSENTO CONICO DE FERRO LONGO (MACHO-FEMEA), DIAMETRO 3""";UN;457.25
MATERIAL;12439;"UNIAO COM ASSENTO CONICO DE FERRO LONGO (MACHO-FEMEA), DIAMETRO 3/4""";UN;81.09
MATERIAL;12436;"UNIAO COM ASSENTO CONICO DE FERRO LONGO (MACHO-FEMEA), DIAMETRO 4""";UN;577.6
MATERIAL;36357;UNIAO COM FLANGE PPR, COM PARAFUSOS, DN 40 MM, PARA AGUA QUENTE PREDIAL;UN;172.59
MATERIAL;12424;"UNIAO DE FERRO GALVANIZADO, COM ASSENTO CONICO DE BRONZE, DE 1 1/2""";UN;104.08
MATERIAL;12440;"UNIAO DE FERRO GALVANIZADO, COM ASSENTO CONICO DE BRONZE, DE 1 1/4""";UN;100.6
MATERIAL;9884;"UNIAO DE FERRO GALVANIZADO, COM ROSCA BSP, COM ASSENTO PLANO, DE 1 1/2""";UN;75.04
MATERIAL;9888;"UNIAO DE FERRO GALVANIZADO, COM ROSCA BSP, COM ASSENTO PLANO, DE 1 1/4""";UN;60.29
MATERIAL;9886;"UNIAO DE FERRO GALVANIZADO, COM ROSCA BSP, COM ASSENTO PLANO, DE 1""";UN;36.04
MATERIAL;9883;"UNIAO DE FERRO GALVANIZADO, COM ROSCA BSP, COM ASSENTO PLANO, DE 1/2""";UN;26.31
MATERIAL;9889;"UNIAO DE FERRO GALVANIZADO, COM ROSCA BSP, COM ASSENTO PLANO, DE 2 1/2""";UN;182.56
MATERIAL;9887;"UNIAO DE FERRO GALVANIZADO, COM ROSCA BSP, COM ASSENTO PLANO, DE 2""";UN;110.34
MATERIAL;9890;"UNIAO DE FERRO GALVANIZADO, COM ROSCA BSP, COM ASSENTO PLANO, DE 3""";UN;282.84
MATERIAL;9885;"UNIAO DE FERRO GALVANIZADO, COM ROSCA BSP, COM ASSENTO PLANO, DE 3/4""";UN;34.84
MATERIAL;9891;"UNIAO DE FERRO GALVANIZADO, COM ROSCA BSP, COM ASSENTO PLANO, DE 4""";UN;397.05
MATERIAL;36316;UNIAO DUPLA PPR DN 25 MM, PARA AGUA QUENTE PREDIAL;UN;28.13
MATERIAL;36313;UNIAO DUPLA PPR, DN 20 MM, PARA AGUA QUENTE PREDIAL;UN;18.06
MATERIAL;64;UNIAO EM POLIPROPILENO (PP), PARA TUBO EM PEAD, 20 MM - LIGACAO PREDIAL DE AGUA;UN;5.55
MATERIAL;37423;UNIAO EM POLIPROPILENO (PP), PARA TUBO EM PEAD, 32 MM - LIGACAO PREDIAL DE AGUA;UN;13.71
MATERIAL;9892;"UNIAO PVC, ROSCAVEL 1/2"", AGUA FRIA PREDIAL";UN;8.47
MATERIAL;9901;"UNIAO PVC, ROSCAVEL, 1 1/2"", AGUA FRIA PREDIAL";UN;40.99
MATERIAL;9900;"UNIAO PVC, ROSCAVEL, 1"", AGUA FRIA PREDIAL";UN;23.75
MATERIAL;9899;"UNIAO PVC, ROSCAVEL, 3/4"", AGUA FRIA PREDIAL";UN;10.65
MATERIAL;9908;UNIAO PVC, SOLDAVEL, 110 MM, PARA AGUA FRIA PREDIAL;UN;478.75
MATERIAL;9905;UNIAO PVC, SOLDAVEL, 20 MM, PARA AGUA FRIA PREDIAL;UN;8.33
MATERIAL;9906;UNIAO PVC, SOLDAVEL, 25 MM, PARA AGUA FRIA PREDIAL;UN;10.04
MATERIAL;9895;UNIAO PVC, SOLDAVEL, 32 MM, PARA AGUA FRIA PREDIAL;UN;16.91
MATERIAL;9894;UNIAO PVC, SOLDAVEL, 40 MM, PARA AGUA FRIA PREDIAL;UN;32.53
MATERIAL;9897;UNIAO PVC, SOLDAVEL, 50 MM, PARA AGUA FRIA PREDIAL;UN;34.73
MATERIAL;9910;UNIAO PVC, SOLDAVEL, 60 MM, PARA AGUA FRIA PREDIAL;UN;90.37
MATERIAL;9909;UNIAO PVC, SOLDAVEL, 75 MM, PARA AGUA FRIA PREDIAL;UN;184.04
MATERIAL;9907;UNIAO PVC, SOLDAVEL, 85 MM, PARA AGUA FRIA PREDIAL;UN;217.3
MATERIAL;20973;"UNIAO TIPO STORZ, COM EMPATACAO INTERNA TIPO ANEL DE EXPANSAO, ENGATE RAPIDO 1 1/2"", PARA MANGUEIRA DE COMBATE A INCENDIO PREDIAL";UN;225.37
MATERIAL;20974;"UNIAO TIPO STORZ, COM EMPATACAO INTERNA TIPO ANEL DE EXPANSAO, ENGATE RAPIDO 2 1/2"", PARA MANGUEIRA DE COMBATE A INCENDIO PREDIAL";UN;322.43
MATERIAL;37989;UNIAO, CPVC, SOLDAVEL, 15 MM, PARA AGUA QUENTE PREDIAL;UN;15.54
MATERIAL;37990;UNIAO, CPVC, SOLDAVEL, 22 MM, PARA AGUA QUENTE PREDIAL;UN;17.14
MATERIAL;37991;UNIAO, CPVC, SOLDAVEL, 28 MM, PARA AGUA QUENTE PREDIAL;UN;22.82
MATERIAL;37992;UNIAO, CPVC, SOLDAVEL, 35 MM, PARA AGUA QUENTE PREDIAL;UN;35.4
MATERIAL;37993;UNIAO, CPVC, SOLDAVEL, 42 MM, PARA AGUA QUENTE PREDIAL;UN;53.72
MATERIAL;37994;UNIAO, CPVC, SOLDAVEL, 54 MM, PARA AGUA QUENTE PREDIAL;UN;127.91
MATERIAL;37995;UNIAO, CPVC, SOLDAVEL, 73 MM, PARA AGUA QUENTE PREDIAL;UN;166.72
MATERIAL;37996;UNIAO, CPVC, SOLDAVEL, 89 MM, PARA AGUA QUENTE PREDIAL;UN;253.87
MATERIAL;45267;UNIFORME PROFISSIONAL DE BRIM, CALCA E CAMISA MANGA LONGA COM FAIXA REFLETIVA;UN;202.27
EQUIPAMENTO (AQUISIÇÃO);38604;USINA DE ASFALTO A FRIO, CAPACIDADE DE 40 A 60 T/H, ELETRICA, POTENCIA DE 30 CV;UN;214699.12
EQUIPAMENTO (AQUISIÇÃO);10601;USINA DE ASFALTO A QUENTE, FIXA, TIPO CONTRA FLUXO, CAPACIDADE DE 100 A 140 T/H, POTENCIA DE 280 KW, COM MISTURADOR EXTERNO ROTATIVO;UN;4176326.08
EQUIPAMENTO (AQUISIÇÃO);44469;USINA DE ASFALTO, GRAVIMETRICA, CAPACIDADE DE 150 T/H, POTENCIA DE 400 KW;UN;10996119.18
EQUIPAMENTO (AQUISIÇÃO);9914;USINA DE CONCRETO FIXA, CAPACIDADE NOMINAL DE 90 A 120 M3/H, SEM SILO;UN;728895.94
EQUIPAMENTO (AQUISIÇÃO);36485;USINA DE LAMA ASFALTICA, PROD 30 A 50 T/H, SILO DE AGREGADO 7 M3, RESERVATORIOS PARA EMULSAO E AGUA DE 2,3 M3 CADA, MISTURADOR TIPO PUGG-MILL A SER MONTADO SOBRE CAMINHAO;UN;757279.29
EQUIPAMENTO (AQUISIÇÃO);9912;USINA DE MISTURAS ASFALTICAS A QUENTE, MOVEL, TIPO CONTRA FLUXO, CAPACIDADE DE 40 A 80 T/H;UN;3400000
EQUIPAMENTO (AQUISIÇÃO);9921;USINA MISTURADORA DE SOLOS, DOSADORES TRIPLOS, CALHA VIBRATORIA CAPACIDADE DE 200 A 500 T/H, POTENCIA DE 75 KW;UN;1753880.82
MATERIAL;21112;VALVULA DE DESCARGA EM METAL CROMADO PARA MICTORIO COM ACIONAMENTO POR PRESSAO E FECHAMENTO AUTOMATICO;UN;322.72
MATERIAL;10228;"VALVULA DE DESCARGA METALICA, BASE 1 1/2"" E ACABAMENTO METALICO CROMADO";UN;374.9
MATERIAL;11781;"VALVULA DE DESCARGA METALICA, BASE 1 1/4"" E ACABAMENTO METALICO CROMADO";UN;303.71
MATERIAL;37588;"VALVULA DE ESCOAMENTO PARA TANQUE, EM METAL CROMADO, 1.1/2"", SEM LADRAO, COM TAMPAO PLASTICO";UN;57.58
MATERIAL;11751;"VALVULA DE ESFERA BRUTA EM BRONZE, BITOLA 1 1/2""";UN;109.23
MATERIAL;11750;"VALVULA DE ESFERA BRUTA EM BRONZE, BITOLA 1 1/4""";UN;90.65
MATERIAL;11746;"VALVULA DE ESFERA BRUTA EM BRONZE, BITOLA 1""";UN;60.82
MATERIAL;11748;"VALVULA DE ESFERA BRUTA EM BRONZE, BITOLA 1/2""";UN;39.03
MATERIAL;11747;"VALVULA DE ESFERA BRUTA EM BRONZE, BITOLA 2""";UN;168.44
MATERIAL;11749;"VALVULA DE ESFERA BRUTA EM BRONZE, BITOLA 3/4""";UN;45.05
MATERIAL;10236;"VALVULA DE RETENCAO DE BRONZE, PE COM CRIVOS, EXTREMIDADE COM ROSCA, DE 1 1/2"", PARA FUNDO DE POCO";UN;194.25
MATERIAL;10233;"VALVULA DE RETENCAO DE BRONZE, PE COM CRIVOS, EXTREMIDADE COM ROSCA, DE 1 1/4"", PARA FUNDO DE POCO";UN;182.03
MATERIAL;10234;"VALVULA DE RETENCAO DE BRONZE, PE COM CRIVOS, EXTREMIDADE COM ROSCA, DE 1"", PARA FUNDO DE POCO";UN;114.67
MATERIAL;10231;"VALVULA DE RETENCAO DE BRONZE, PE COM CRIVOS, EXTREMIDADE COM ROSCA, DE 2 1/2"", PARA FUNDO DE POCO";UN;525.82
MATERIAL;10232;"VALVULA DE RETENCAO DE BRONZE, PE COM CRIVOS, EXTREMIDADE COM ROSCA, DE 2"", PARA FUNDO DE POCO";UN;294.24
MATERIAL;10235;"VALVULA DE RETENCAO DE BRONZE, PE COM CRIVOS, EXTREMIDADE COM ROSCA, DE 3"", PARA FUNDO DE POCO";UN;720.84
MATERIAL;10229;"VALVULA DE RETENCAO DE BRONZE, PE COM CRIVOS, EXTREMIDADE COM ROSCA, DE 3/4"", PARA FUNDO DE POCO";UN;103.7
MATERIAL;10230;"VALVULA DE RETENCAO DE BRONZE, PE COM CRIVOS, EXTREMIDADE COM ROSCA, DE 4"", PARA FUNDO DE POCO";UN;1268.61
MATERIAL;10409;"VALVULA DE RETENCAO HORIZONTAL, DE BRONZE (PN-25), 1 1/2"", 400 PSI, TAMPA DE PORCA DE UNIAO, EXTREMIDADES COM ROSCA";UN;376.89
MATERIAL;10411;"VALVULA DE RETENCAO HORIZONTAL, DE BRONZE (PN-25), 1 1/4"", 400 PSI, TAMPA DE PORCA DE UNIAO, EXTREMIDADES COM ROSCA";UN;337.24
MATERIAL;10410;"VALVULA DE RETENCAO HORIZONTAL, DE BRONZE (PN-25), 1"", 400 PSI, TAMPA DE PORCA DE UNIAO, EXTREMIDADES COM ROSCA";UN;225.28
MATERIAL;10404;"VALVULA DE RETENCAO HORIZONTAL, DE BRONZE (PN-25), 1/2"", 400 PSI, TAMPA DE PORCA DE UNIAO, EXTREMIDADES COM ROSCA";UN;136.77
MATERIAL;10405;"VALVULA DE RETENCAO HORIZONTAL, DE BRONZE (PN-25), 2 1/2"", 400 PSI, TAMPA DE PORCA DE UNIAO, EXTREMIDADES COM ROSCA";UN;755.1
MATERIAL;10408;"VALVULA DE RETENCAO HORIZONTAL, DE BRONZE (PN-25), 2"", 400 PSI, TAMPA DE PORCA DE UNIAO, EXTREMIDADES COM ROSCA";UN;528.03
MATERIAL;10406;"VALVULA DE RETENCAO HORIZONTAL, DE BRONZE (PN-25), 3"", 400 PSI, TAMPA DE PORCA DE UNIAO, EXTREMIDADES COM ROSCA";UN;1042.94
MATERIAL;10412;"VALVULA DE RETENCAO HORIZONTAL, DE BRONZE (PN-25), 3/4"", 400 PSI, TAMPA DE PORCA DE UNIAO, EXTREMIDADES COM ROSCA";UN;165.75
MATERIAL;10407;"VALVULA DE RETENCAO HORIZONTAL, DE BRONZE (PN-25), 4"", 400 PSI, TAMPA DE PORCA DE UNIAO, EXTREMIDADES COM ROSCA";UN;1617.61
MATERIAL;10416;"VALVULA DE RETENCAO VERTICAL, DE BRONZE (PN-16), 1 1/2"", 200 PSI, EXTREMIDADES COM ROSCA";UN;200.65
MATERIAL;10419;"VALVULA DE RETENCAO VERTICAL, DE BRONZE (PN-16), 1 1/4"", 200 PSI, EXTREMIDADES COM ROSCA";UN;174.16
MATERIAL;10418;"VALVULA DE RETENCAO VERTICAL, DE BRONZE (PN-16), 1"", 200 PSI, EXTREMIDADES COM ROSCA";UN;116.09
MATERIAL;21092;"VALVULA DE RETENCAO VERTICAL, DE BRONZE (PN-16), 1/2"", 200 PSI, EXTREMIDADES COM ROSCA";UN;99.57
MATERIAL;12657;"VALVULA DE RETENCAO VERTICAL, DE BRONZE (PN-16), 2 1/2"", 200 PSI, EXTREMIDADES COM ROSCA";UN;468.47
MATERIAL;10417;"VALVULA DE RETENCAO VERTICAL, DE BRONZE (PN-16), 2"", 200 PSI, EXTREMIDADES COM ROSCA";UN;292.35
MATERIAL;10414;"VALVULA DE RETENCAO VERTICAL, DE BRONZE (PN-16), 3"", 200 PSI, EXTREMIDADES COM ROSCA";UN;639.72
MATERIAL;10413;"VALVULA DE RETENCAO VERTICAL, DE BRONZE (PN-16), 3/4"", 200 PSI, EXTREMIDADES COM ROSCA";UN;106.25
MATERIAL;10415;"VALVULA DE RETENCAO VERTICAL, DE BRONZE (PN-16), 4"", 200 PSI, EXTREMIDADES COM ROSCA";UN;1110.28
MATERIAL;38643;"VALVULA EM METAL CROMADO PARA LAVATORIO, 1"" SEM LADRAO";UN;45.76
MATERIAL;6157;"VALVULA EM METAL CROMADO PARA PIA AMERICANA 3.1/2 X 1.1/2""";UN;62.51
MATERIAL;6158;"VALVULA EM PLASTICO BRANCO PARA LAVATORIO 1"", SEM UNHO, COM LADRAO";UN;8.96
MATERIAL;6156;"VALVULA EM PLASTICO BRANCO PARA TANQUE 1.1/4"" X 1.1/2"", SEM UNHO E SEM LADRAO";UN;7.69
MATERIAL;6153;"VALVULA EM PLASTICO BRANCO PARA TANQUE OU LAVATORIO 1"", SEM UNHO E SEM LADRAO";UN;6.17
MATERIAL;6154;"VALVULA EM PLASTICO CROMADO PARA LAVATORIO 1"", SEM UNHO, COM LADRAO";UN;10.96
MATERIAL;6155;"VALVULA EM PLASTICO CROMADO TIPO AMERICANA PARA PIA DE COZINHA 3.1/2"" X 1.1/2"", SEM ADAPTADOR";UN;25.23
MATERIAL;43595;VARA FINA PARA CREMONA, EM FERRO ZINCADO BRANCO, COM DIAMETRO DE APROX 10 MM E COMPRIMENTO DE 1,20 M;UN;18.68
MATERIAL;43596;VARA FINA PARA CREMONA, EM FERRO ZINCADO BRANCO, COM DIAMETRO DE APROX 10 MM E COMPRIMENTO DE 1,50 M;UN;21.59
MATERIAL;38108;VARIADOR DE LUMINOSIDADE ROTATIVO (DIMMER) 127 V, 300 W (APENAS MODULO);UN;51.56
MATERIAL;38087;"VARIADOR DE LUMINOSIDADE ROTATIVO (DIMMER) 127V, 300W, CONJUNTO MONTADO PARA EMBUTIR 4"" X 2"" (PLACA + SUPORTE + MODULO)";UN;66.31
MATERIAL;38109;VARIADOR DE LUMINOSIDADE ROTATIVO (DIMMER) 220 V, 600 W (APENAS MODULO);UN;82.4
MATERIAL;38088;"VARIADOR DE LUMINOSIDADE ROTATIVO (DIMMER) 220V, 600W, CONJUNTO MONTADO PARA EMBUTIR 4"" X 2"" (PLACA + SUPORTE + MODULO)";UN;86.64
MATERIAL;38110;VARIADOR DE VELOCIDADE PARA VENTILADOR 127 V, 150 W (APENAS MODULO);UN;31.7
MATERIAL;38089;"VARIADOR DE VELOCIDADE PARA VENTILADOR 127V, 150W + 2 INTERRUPTORES PARALELOS, PARA REVERSAO E LAMPADA, CONJUNTO MONTADO PARA EMBUTIR 4"" X 2"" (PLACA + SUPORTE + MODULOS)";UN;55.23
MATERIAL;38111;VARIADOR DE VELOCIDADE PARA VENTILADOR 220 V, 250 W (APENAS MODULO);UN;35.45
MATERIAL;38090;"VARIADOR DE VELOCIDADE PARA VENTILADOR 220V, 250W + 2 INTERRUPTORES PARALELOS, PARA REVERSAO E LAMPADA, CONJUNTO MONTADO PARA EMBUTIR 4"" X 2"" (PLACA + SUPORTE + MODULOS)";UN;57.09
MATERIAL;38400;VASSOURA 40 CM COM CABO;UN;53.77
EQUIPAMENTO (AQUISIÇÃO);13726;VASSOURA MECANICA REBOCAVEL COM ESCOVA CILINDRICA LARGURA UTIL DE VARRIMENTO = 2,44M;UN;68954.08
MATERIAL;12627;VEDACAO DE CALHA, EM BORRACHA COR PRETA, MEDIDA ENTRE 119 E 170 MM, PARA DRENAGEM PLUVIAL PREDIAL;UN;1.71
MATERIAL;39996;"VERGALHAO ZINCADO ROSCA TOTAL, 1/4"" (6,3 MM)";M;3.36
MATERIAL;10478;VERNIZ A BASE RESINA ALQUIDICA COM POLIURETANO PARA MADEIRA, COM FILTRO SOLAR, BRILHANTE, USO INTERNO E EXTERNO;L;39.48
MATERIAL;10481;VERNIZ MARITIMO PREMIUM PARA MADEIRA, COM FILTRO SOLAR, BRILHANTE, USO INTERNO E EXTERNO;L;35.11
MATERIAL;10475;VERNIZ TIPO COPAL PARA MADEIRA, BRILHANTE, USO INTERNO;L;33.97
MATERIAL;4030;VEU DE POLIESTER PARA IMPERMEABILIZACAO;M2;7.81
MATERIAL;4031;VEU DE VIDRO/VEU DE SUPERFICIE 30 A 35 G/M2;M2;36.7
EQUIPAMENTO (AQUISIÇÃO);11652;VIBRADOR DE IMERSAO, DIAMETRO DA PONTEIRA DE *35* MM, COM MOTOR 4 TEMPOS A GASOLINA DE 5,5 HP (5,5 CV);UN;4291.96
EQUIPAMENTO (AQUISIÇÃO);13896;VIBRADOR DE IMERSAO, DIAMETRO DA PONTEIRA DE *45* MM, COM MOTOR ELETRICO TRIFASICO DE 2 HP (2 CV);UN;3850.26
EQUIPAMENTO (AQUISIÇÃO);44470;VIBROACABADORA DE ASFALTO SOBRE ESTEIRAS, LARG. PAVIM. 2,13 M A 4,55 M, POT. 74 KW/ 100 HP, CAP. 400 T/ H;UN;1810653.5
EQUIPAMENTO (AQUISIÇÃO);13476;VIBROACABADORA DE ASFALTO SOBRE ESTEIRAS, LARG. PAVIM. 2,60 M A 5,75 M, POT. 110 HP, CAP. 450 T/ H;UN;1823774.31
EQUIPAMENTO (AQUISIÇÃO);44491;VIBROACABADORA DE ASFALTO SOBRE ESTEIRAS, LARG. PAVIM. MAX. 8,00 M, POT. 100 KW/ 134 HP, CAP. 600 T/ H;UN;4300958.25
EQUIPAMENTO (AQUISIÇÃO);10488;VIBROACABADORA DE ASFALTO SOBRE ESTEIRAS, LARG. PAVIMENT. 1,90 A 5,3 M, POT. 78 KW/105 HP, CAP. 450 T/H;UN;2209522.2
EQUIPAMENTO (AQUISIÇÃO);13606;VIBROACABADORA DE ASFALTO SOBRE RODAS, LARGURA DE PAVIMENTACAO DE 1,70 A 4,20 M, POTENCIA 78 KW/105 HP, CAPACIDADE 300 T/H;UN;1957605.07
MAO DE OBRA;10489;VIDRACEIRO (HORISTA);H;22.51
MAO DE OBRA;41073;VIDRACEIRO (MENSALISTA);MES;3944.32
SERVIÇOS;34391;VIDRO COMUM LAMINADO LISO INCOLOR DUPLO, ESPESSURA TOTAL 8 MM (CADA CAMADA DE 4 MM) - COLOCADO;M2;720.51
SERVIÇOS;10496;VIDRO COMUM LAMINADO, LISO, INCOLOR, DUPLO, ESPESSURA TOTAL 6 MM (CADA CAMADA E= 3 MM) - COLOCADO;M2;627.08
SERVIÇOS;10497;VIDRO COMUM LAMINADO, LISO, INCOLOR, TRIPLO, ESPESSURA TOTAL 12 MM (CADA CAMADA E= 4 MM) - COLOCADO;M2;1630.41
SERVIÇOS;10504;VIDRO COMUM LAMINADO, LISO, INCOLOR, TRIPLO, ESPESSURA TOTAL 15 MM (CADA CAMADA E = 5 MM) - COLOCADO;M2;1906.33
MATERIAL;34390;VIDRO CRISTAL COLORIDO, 10 MM, PINTADO NA COR BRANCA;M2;561.86
MATERIAL;34389;VIDRO CRISTAL COLORIDO, 4 MM, PINTADO NA COR BRANCA;M2;175.58
MATERIAL;34388;VIDRO CRISTAL COLORIDO, 6 MM, PINTADO NA COR BRANCA;M2;249.55
MATERIAL;34387;VIDRO CRISTAL COLORIDO, 8 MM, PINTADO NA COR BRANCA;M2;405.09
MATERIAL;11188;VIDRO LISO FUME E = 4MM - SEM COLOCACAO;M2;200.66
MATERIAL;11189;VIDRO LISO FUME E = 6MM - SEM COLOCACAO;M2;301
MATERIAL;21107;VIDRO LISO FUME, E = 5 MM - SEM COLOCACAO;M2;216.61
MATERIAL;34386;VIDRO LISO INCOLOR 10 MM - SEM COLOCACAO;M2;376.25
MATERIAL;10490;VIDRO LISO INCOLOR 2 A 3 MM - SEM COLOCACAO;M2;131.68
MATERIAL;10492;VIDRO LISO INCOLOR 4MM - SEM COLOCACAO;M2;150.5
MATERIAL;10493;VIDRO LISO INCOLOR 5MM - SEM COLOCACAO;M2;175.58
MATERIAL;10491;VIDRO LISO INCOLOR 6 MM - SEM COLOCACAO;M2;213.2
MATERIAL;34385;VIDRO LISO INCOLOR 8MM - SEM COLOCACAO;M2;311.03
MATERIAL;10499;VIDRO MARTELADO OU CANELADO, 4 MM - SEM COLOCACAO;M2;125.41
MATERIAL;34384;VIDRO PLANO ARAMADO E = 6 MM - SEM COLOCACAO;M2;376.25
MATERIAL;11185;VIDRO PLANO ARAMADO E = 7MM - SEM COLOCACAO;M2;388.79
MATERIAL;10507;VIDRO TEMPERADO INCOLOR E = 10 MM, SEM COLOCACAO;M2;457.65
MATERIAL;10505;VIDRO TEMPERADO INCOLOR E = 6 MM, SEM COLOCACAO;M2;270.05
MATERIAL;10506;VIDRO TEMPERADO INCOLOR E = 8 MM, SEM COLOCACAO;M2;352.52
MATERIAL;5031;VIDRO TEMPERADO INCOLOR PARA PORTA DE ABRIR, E = 10 MM (SEM FERRAGENS E SEM COLOCACAO);M2;495
MATERIAL;10502;VIDRO TEMPERADO VERDE E = 10 MM, SEM COLOCACAO;M2;576.79
MATERIAL;10501;VIDRO TEMPERADO VERDE E = 6 MM, SEM COLOCACAO;M2;325.87
MATERIAL;10503;VIDRO TEMPERADO VERDE E = 8 MM, SEM COLOCACAO;M2;440.25
MATERIAL;4500;VIGA *7,5 X 10* CM EM PINUS, MISTA OU EQUIVALENTE DA REGIAO - BRUTA;M;15.92
MATERIAL;4448;VIGA *7,5 X 15 CM EM PINUS, MISTA OU EQUIVALENTE DA REGIAO - BRUTA;M;21.86
MATERIAL;20213;VIGA APARELHADA *6 X 12* CM, EM MACARANDUBA/MASSARANDUBA, ANGELIM OU EQUIVALENTE DA REGIAO;M;32.27
MATERIAL;20211;VIGA APARELHADA *6 X 16* CM, EM MACARANDUBA/MASSARANDUBA, ANGELIM OU EQUIVALENTE DA REGIAO;M;42.73
MATERIAL;40270;VIGA DE ESCORAMENTO H20, DE MADEIRA, PESO DE 5,00 A 5,20 KG/M, COM EXTREMIDADES PLASTICAS;M;133.03
MATERIAL;4425;VIGA NAO APARELHADA *6 X 12* CM, EM MACARANDUBA/MASSARANDUBA, ANGELIM OU EQUIVALENTE DA REGIAO - BRUTA;M;35.32
MATERIAL;4472;VIGA NAO APARELHADA *6 X 16* CM, EM MACARANDUBA/MASSARANDUBA, ANGELIM OU EQUIVALENTE DA REGIAO - BRUTA;M;44.12
MATERIAL;35272;VIGA NAO APARELHADA *6 X 20* CM, EM MACARANDUBA/MASSARANDUBA, ANGELIM OU EQUIVALENTE DA REGIAO - BRUTA;M;63.78
MATERIAL;4481;VIGA NAO APARELHADA *8 X 16* CM EM MACARANDUBA/MASSARANDUBA, ANGELIM OU EQUIVALENTE DA REGIAO - BRUTA;M;68.27
MAO DE OBRA;34345;VIGIA DIURNO (HORISTA);H;25.17
MAO DE OBRA;41096;VIGIA DIURNO (MENSALISTA);MES;4413.51
